global_index,time,bond_dimension,part_index,source_segment_index,source_segment_name,source_row
0,0.001,20,0,0,lomps_l5d20_evolution_smoke_20260709,1
1,0.002,20,1,0,lomps_l5d20_evolution_smoke_20260709,2
2,0.003,20,2,0,lomps_l5d20_evolution_smoke_20260709,3
3,0.004,20,3,0,lomps_l5d20_evolution_smoke_20260709,4
4,0.005,20,4,0,lomps_l5d20_evolution_smoke_20260709,5
5,0.006,20,5,1,lomps_l5d20_relaxed_continuation_20260709,1
6,0.007,20,6,1,lomps_l5d20_relaxed_continuation_20260709,2
7,0.008,20,7,1,lomps_l5d20_relaxed_continuation_20260709,3
8,0.009,20,8,1,lomps_l5d20_relaxed_continuation_20260709,4
9,0.01,20,9,1,lomps_l5d20_relaxed_continuation_20260709,5
10,0.011,20,10,1,lomps_l5d20_relaxed_continuation_20260709,6
11,0.012,20,11,1,lomps_l5d20_relaxed_continuation_20260709,7
12,0.013,20,12,1,lomps_l5d20_relaxed_continuation_20260709,8
13,0.014,20,13,1,lomps_l5d20_relaxed_continuation_20260709,9
14,0.015,20,14,1,lomps_l5d20_relaxed_continuation_20260709,10
15,0.016,20,15,1,lomps_l5d20_relaxed_continuation_20260709,11
16,0.017,20,16,1,lomps_l5d20_relaxed_continuation_20260709,12
17,0.018,20,17,1,lomps_l5d20_relaxed_continuation_20260709,13
18,0.019,20,18,1,lomps_l5d20_relaxed_continuation_20260709,14
19,0.02,20,19,1,lomps_l5d20_relaxed_continuation_20260709,15
20,0.021,20,20,1,lomps_l5d20_relaxed_continuation_20260709,16
21,0.022,20,21,1,lomps_l5d20_relaxed_continuation_20260709,17
22,0.023,20,22,1,lomps_l5d20_relaxed_continuation_20260709,18
23,0.024,20,23,1,lomps_l5d20_relaxed_continuation_20260709,19
24,0.025,20,24,1,lomps_l5d20_relaxed_continuation_20260709,20
25,0.026,20,25,2,lomps_l5d20_relaxed_halfhour_20260709,1
26,0.027,20,26,2,lomps_l5d20_relaxed_halfhour_20260709,2
27,0.028,20,27,2,lomps_l5d20_relaxed_halfhour_20260709,3
28,0.029,20,28,2,lomps_l5d20_relaxed_halfhour_20260709,4
29,0.03,20,29,2,lomps_l5d20_relaxed_halfhour_20260709,5
30,0.031,20,30,2,lomps_l5d20_relaxed_halfhour_20260709,6
31,0.032,20,31,2,lomps_l5d20_relaxed_halfhour_20260709,7
32,0.033,20,32,2,lomps_l5d20_relaxed_halfhour_20260709,8
33,0.034,20,33,2,lomps_l5d20_relaxed_halfhour_20260709,9
34,0.035,20,34,2,lomps_l5d20_relaxed_halfhour_20260709,10
35,0.036,20,35,2,lomps_l5d20_relaxed_halfhour_20260709,11
36,0.037,20,36,2,lomps_l5d20_relaxed_halfhour_20260709,12
37,0.038,20,37,2,lomps_l5d20_relaxed_halfhour_20260709,13
38,0.039,20,38,2,lomps_l5d20_relaxed_halfhour_20260709,14
39,0.04,20,39,2,lomps_l5d20_relaxed_halfhour_20260709,15
40,0.041,20,40,2,lomps_l5d20_relaxed_halfhour_20260709,16
41,0.042,20,41,2,lomps_l5d20_relaxed_halfhour_20260709,17
42,0.043,20,42,2,lomps_l5d20_relaxed_halfhour_20260709,18
43,0.044,20,43,2,lomps_l5d20_relaxed_halfhour_20260709,19
44,0.045,20,44,2,lomps_l5d20_relaxed_halfhour_20260709,20
45,0.046,20,45,2,lomps_l5d20_relaxed_halfhour_20260709,21
46,0.047,20,46,2,lomps_l5d20_relaxed_halfhour_20260709,22
47,0.048,20,47,2,lomps_l5d20_relaxed_halfhour_20260709,23
48,0.049,20,48,2,lomps_l5d20_relaxed_halfhour_20260709,24
49,0.05,20,49,2,lomps_l5d20_relaxed_halfhour_20260709,25
50,0.051,20,50,2,lomps_l5d20_relaxed_halfhour_20260709,26
51,0.052,20,51,2,lomps_l5d20_relaxed_halfhour_20260709,27
52,0.053,20,52,2,lomps_l5d20_relaxed_halfhour_20260709,28
53,0.054,20,53,2,lomps_l5d20_relaxed_halfhour_20260709,29
54,0.055,20,54,2,lomps_l5d20_relaxed_halfhour_20260709,30
55,0.056,20,55,2,lomps_l5d20_relaxed_halfhour_20260709,31
56,0.057,20,56,2,lomps_l5d20_relaxed_halfhour_20260709,32
57,0.058,20,57,2,lomps_l5d20_relaxed_halfhour_20260709,33
58,0.059,20,58,2,lomps_l5d20_relaxed_halfhour_20260709,34
59,0.06,20,59,2,lomps_l5d20_relaxed_halfhour_20260709,35
60,0.061,20,60,2,lomps_l5d20_relaxed_halfhour_20260709,36
61,0.062,20,61,2,lomps_l5d20_relaxed_halfhour_20260709,37
62,0.063,20,62,2,lomps_l5d20_relaxed_halfhour_20260709,38
63,0.064,20,63,2,lomps_l5d20_relaxed_halfhour_20260709,39
64,0.065,20,64,2,lomps_l5d20_relaxed_halfhour_20260709,40
65,0.066,20,65,2,lomps_l5d20_relaxed_halfhour_20260709,41
66,0.067,20,66,2,lomps_l5d20_relaxed_halfhour_20260709,42
67,0.068,20,67,2,lomps_l5d20_relaxed_halfhour_20260709,43
68,0.069,20,68,2,lomps_l5d20_relaxed_halfhour_20260709,44
69,0.07,20,69,2,lomps_l5d20_relaxed_halfhour_20260709,45
70,0.071,20,70,2,lomps_l5d20_relaxed_halfhour_20260709,46
71,0.072,20,71,2,lomps_l5d20_relaxed_halfhour_20260709,47
72,0.073,20,72,3,lomps_l5d20_relaxed_hour_20260709,1
73,0.074,20,73,3,lomps_l5d20_relaxed_hour_20260709,2
74,0.075,20,74,3,lomps_l5d20_relaxed_hour_20260709,3
75,0.076,20,75,3,lomps_l5d20_relaxed_hour_20260709,4
76,0.077,20,76,3,lomps_l5d20_relaxed_hour_20260709,5
77,0.078,20,77,3,lomps_l5d20_relaxed_hour_20260709,6
78,0.079,20,78,3,lomps_l5d20_relaxed_hour_20260709,7
79,0.08,20,79,3,lomps_l5d20_relaxed_hour_20260709,8
80,0.081,20,80,3,lomps_l5d20_relaxed_hour_20260709,9
81,0.082,20,81,3,lomps_l5d20_relaxed_hour_20260709,10
82,0.083,20,82,3,lomps_l5d20_relaxed_hour_20260709,11
83,0.084,20,83,3,lomps_l5d20_relaxed_hour_20260709,12
84,0.085,20,84,3,lomps_l5d20_relaxed_hour_20260709,13
85,0.086,20,85,3,lomps_l5d20_relaxed_hour_20260709,14
86,0.087,20,86,3,lomps_l5d20_relaxed_hour_20260709,15
87,0.088,20,87,3,lomps_l5d20_relaxed_hour_20260709,16
88,0.089,20,88,3,lomps_l5d20_relaxed_hour_20260709,17
89,0.09,20,89,3,lomps_l5d20_relaxed_hour_20260709,18
90,0.091,20,90,3,lomps_l5d20_relaxed_hour_20260709,19
91,0.092,20,91,3,lomps_l5d20_relaxed_hour_20260709,20
92,0.093,20,92,3,lomps_l5d20_relaxed_hour_20260709,21
93,0.094,20,93,3,lomps_l5d20_relaxed_hour_20260709,22
94,0.095,20,94,3,lomps_l5d20_relaxed_hour_20260709,23
95,0.096,20,95,3,lomps_l5d20_relaxed_hour_20260709,24
96,0.097,20,96,3,lomps_l5d20_relaxed_hour_20260709,25
97,0.098,20,97,3,lomps_l5d20_relaxed_hour_20260709,26
98,0.099,20,98,3,lomps_l5d20_relaxed_hour_20260709,27
99,0.1,20,99,3,lomps_l5d20_relaxed_hour_20260709,28
100,0.101,20,100,3,lomps_l5d20_relaxed_hour_20260709,29
101,0.102,20,101,3,lomps_l5d20_relaxed_hour_20260709,30
102,0.103,20,102,3,lomps_l5d20_relaxed_hour_20260709,31
103,0.104,20,103,3,lomps_l5d20_relaxed_hour_20260709,32
104,0.105,20,104,3,lomps_l5d20_relaxed_hour_20260709,33
105,0.106,20,105,3,lomps_l5d20_relaxed_hour_20260709,34
106,0.107,20,106,3,lomps_l5d20_relaxed_hour_20260709,35
107,0.108,20,107,3,lomps_l5d20_relaxed_hour_20260709,36
108,0.109,20,108,3,lomps_l5d20_relaxed_hour_20260709,37
109,0.11,20,109,3,lomps_l5d20_relaxed_hour_20260709,38
110,0.111,20,110,3,lomps_l5d20_relaxed_hour_20260709,39
111,0.112,20,111,3,lomps_l5d20_relaxed_hour_20260709,40
112,0.113,20,112,3,lomps_l5d20_relaxed_hour_20260709,41
113,0.114,20,113,3,lomps_l5d20_relaxed_hour_20260709,42
114,0.115,20,114,3,lomps_l5d20_relaxed_hour_20260709,43
115,0.116,20,115,3,lomps_l5d20_relaxed_hour_20260709,44
116,0.117,20,116,3,lomps_l5d20_relaxed_hour_20260709,45
117,0.118,20,117,3,lomps_l5d20_relaxed_hour_20260709,46
118,0.119,20,118,3,lomps_l5d20_relaxed_hour_20260709,47
119,0.12,20,119,3,lomps_l5d20_relaxed_hour_20260709,48
120,0.121,20,120,3,lomps_l5d20_relaxed_hour_20260709,49
121,0.122,20,121,3,lomps_l5d20_relaxed_hour_20260709,50
122,0.123,20,122,3,lomps_l5d20_relaxed_hour_20260709,51
123,0.124,20,123,3,lomps_l5d20_relaxed_hour_20260709,52
124,0.125,20,124,3,lomps_l5d20_relaxed_hour_20260709,53
125,0.126,20,125,3,lomps_l5d20_relaxed_hour_20260709,54
126,0.127,20,126,3,lomps_l5d20_relaxed_hour_20260709,55
127,0.128,20,127,3,lomps_l5d20_relaxed_hour_20260709,56
128,0.129,20,128,3,lomps_l5d20_relaxed_hour_20260709,57
129,0.13,20,129,3,lomps_l5d20_relaxed_hour_20260709,58
130,0.131,20,130,3,lomps_l5d20_relaxed_hour_20260709,59
131,0.132,20,131,3,lomps_l5d20_relaxed_hour_20260709,60
132,0.133,20,132,3,lomps_l5d20_relaxed_hour_20260709,61
133,0.134,20,133,3,lomps_l5d20_relaxed_hour_20260709,62
134,0.135,20,134,3,lomps_l5d20_relaxed_hour_20260709,63
135,0.136,20,135,3,lomps_l5d20_relaxed_hour_20260709,64
136,0.137,20,136,3,lomps_l5d20_relaxed_hour_20260709,65
137,0.138,20,137,3,lomps_l5d20_relaxed_hour_20260709,66
138,0.139,20,138,3,lomps_l5d20_relaxed_hour_20260709,67
139,0.14,20,139,3,lomps_l5d20_relaxed_hour_20260709,68
140,0.141,20,140,3,lomps_l5d20_relaxed_hour_20260709,69
141,0.142,20,141,3,lomps_l5d20_relaxed_hour_20260709,70
142,0.143,20,142,3,lomps_l5d20_relaxed_hour_20260709,71
143,0.144,20,143,3,lomps_l5d20_relaxed_hour_20260709,72
144,0.145,20,144,3,lomps_l5d20_relaxed_hour_20260709,73
145,0.146,20,145,3,lomps_l5d20_relaxed_hour_20260709,74
146,0.147,20,146,3,lomps_l5d20_relaxed_hour_20260709,75
147,0.148,20,147,3,lomps_l5d20_relaxed_hour_20260709,76
148,0.149,20,148,3,lomps_l5d20_relaxed_hour_20260709,77
149,0.15,20,149,3,lomps_l5d20_relaxed_hour_20260709,78
150,0.151,20,150,3,lomps_l5d20_relaxed_hour_20260709,79
151,0.152,20,151,3,lomps_l5d20_relaxed_hour_20260709,80
152,0.153,20,152,3,lomps_l5d20_relaxed_hour_20260709,81
153,0.154,20,153,3,lomps_l5d20_relaxed_hour_20260709,82
154,0.155,20,154,3,lomps_l5d20_relaxed_hour_20260709,83
155,0.156,20,155,3,lomps_l5d20_relaxed_hour_20260709,84
156,0.157,20,156,3,lomps_l5d20_relaxed_hour_20260709,85
157,0.158,20,157,3,lomps_l5d20_relaxed_hour_20260709,86
158,0.159,20,158,3,lomps_l5d20_relaxed_hour_20260709,87
159,0.16,20,159,3,lomps_l5d20_relaxed_hour_20260709,88
160,0.161,20,160,3,lomps_l5d20_relaxed_hour_20260709,89
161,0.162,20,161,3,lomps_l5d20_relaxed_hour_20260709,90
162,0.163,20,162,3,lomps_l5d20_relaxed_hour_20260709,91
163,0.164,20,163,3,lomps_l5d20_relaxed_hour_20260709,92
164,0.165,20,164,3,lomps_l5d20_relaxed_hour_20260709,93
165,0.166,20,165,3,lomps_l5d20_relaxed_hour_20260709,94
166,0.167,20,166,3,lomps_l5d20_relaxed_hour_20260709,95
167,0.168,20,167,3,lomps_l5d20_relaxed_hour_20260709,96
168,0.169,20,168,4,lomps_l5d20_relaxed_hour2_20260709,1
169,0.17,20,169,4,lomps_l5d20_relaxed_hour2_20260709,2
170,0.171,20,170,4,lomps_l5d20_relaxed_hour2_20260709,3
171,0.172,20,171,4,lomps_l5d20_relaxed_hour2_20260709,4
172,0.173,20,172,4,lomps_l5d20_relaxed_hour2_20260709,5
173,0.174,20,173,4,lomps_l5d20_relaxed_hour2_20260709,6
174,0.175,20,174,4,lomps_l5d20_relaxed_hour2_20260709,7
175,0.176,20,175,4,lomps_l5d20_relaxed_hour2_20260709,8
176,0.177,20,176,4,lomps_l5d20_relaxed_hour2_20260709,9
177,0.178,20,177,4,lomps_l5d20_relaxed_hour2_20260709,10
178,0.179,20,178,4,lomps_l5d20_relaxed_hour2_20260709,11
179,0.18,20,179,4,lomps_l5d20_relaxed_hour2_20260709,12
180,0.181,20,180,4,lomps_l5d20_relaxed_hour2_20260709,13
181,0.182,20,181,4,lomps_l5d20_relaxed_hour2_20260709,14
182,0.183,20,182,4,lomps_l5d20_relaxed_hour2_20260709,15
183,0.184,20,183,4,lomps_l5d20_relaxed_hour2_20260709,16
184,0.185,20,184,4,lomps_l5d20_relaxed_hour2_20260709,17
185,0.186,20,185,4,lomps_l5d20_relaxed_hour2_20260709,18
186,0.187,20,186,4,lomps_l5d20_relaxed_hour2_20260709,19
187,0.188,20,187,4,lomps_l5d20_relaxed_hour2_20260709,20
188,0.189,20,188,4,lomps_l5d20_relaxed_hour2_20260709,21
189,0.19,20,189,4,lomps_l5d20_relaxed_hour2_20260709,22
190,0.191,20,190,4,lomps_l5d20_relaxed_hour2_20260709,23
191,0.192,20,191,4,lomps_l5d20_relaxed_hour2_20260709,24
192,0.193,20,192,4,lomps_l5d20_relaxed_hour2_20260709,25
193,0.194,20,193,4,lomps_l5d20_relaxed_hour2_20260709,26
194,0.195,20,194,4,lomps_l5d20_relaxed_hour2_20260709,27
195,0.196,20,195,4,lomps_l5d20_relaxed_hour2_20260709,28
196,0.197,20,196,4,lomps_l5d20_relaxed_hour2_20260709,29
197,0.198,20,197,4,lomps_l5d20_relaxed_hour2_20260709,30
198,0.199,20,198,4,lomps_l5d20_relaxed_hour2_20260709,31
199,0.2,20,199,4,lomps_l5d20_relaxed_hour2_20260709,32
200,0.201,20,200,4,lomps_l5d20_relaxed_hour2_20260709,33
201,0.202,20,201,4,lomps_l5d20_relaxed_hour2_20260709,34
202,0.203,20,202,4,lomps_l5d20_relaxed_hour2_20260709,35
203,0.204,20,203,4,lomps_l5d20_relaxed_hour2_20260709,36
204,0.205,20,204,4,lomps_l5d20_relaxed_hour2_20260709,37
205,0.206,20,205,4,lomps_l5d20_relaxed_hour2_20260709,38
206,0.207,20,206,4,lomps_l5d20_relaxed_hour2_20260709,39
207,0.208,20,207,4,lomps_l5d20_relaxed_hour2_20260709,40
208,0.209,20,208,4,lomps_l5d20_relaxed_hour2_20260709,41
209,0.21,20,209,4,lomps_l5d20_relaxed_hour2_20260709,42
210,0.211,20,210,4,lomps_l5d20_relaxed_hour2_20260709,43
211,0.212,20,211,4,lomps_l5d20_relaxed_hour2_20260709,44
212,0.213,20,212,4,lomps_l5d20_relaxed_hour2_20260709,45
213,0.214,20,213,4,lomps_l5d20_relaxed_hour2_20260709,46
214,0.215,20,214,4,lomps_l5d20_relaxed_hour2_20260709,47
215,0.216,20,215,4,lomps_l5d20_relaxed_hour2_20260709,48
216,0.217,20,216,4,lomps_l5d20_relaxed_hour2_20260709,49
217,0.218,20,217,4,lomps_l5d20_relaxed_hour2_20260709,50
218,0.219,20,218,4,lomps_l5d20_relaxed_hour2_20260709,51
219,0.22,20,219,4,lomps_l5d20_relaxed_hour2_20260709,52
220,0.221,20,220,4,lomps_l5d20_relaxed_hour2_20260709,53
221,0.222,20,221,4,lomps_l5d20_relaxed_hour2_20260709,54
222,0.223,20,222,4,lomps_l5d20_relaxed_hour2_20260709,55
223,0.224,20,223,4,lomps_l5d20_relaxed_hour2_20260709,56
224,0.225,20,224,4,lomps_l5d20_relaxed_hour2_20260709,57
225,0.226,20,225,4,lomps_l5d20_relaxed_hour2_20260709,58
226,0.227,20,226,4,lomps_l5d20_relaxed_hour2_20260709,59
227,0.228,20,227,4,lomps_l5d20_relaxed_hour2_20260709,60
228,0.229,20,228,4,lomps_l5d20_relaxed_hour2_20260709,61
229,0.23,20,229,4,lomps_l5d20_relaxed_hour2_20260709,62
230,0.231,20,230,4,lomps_l5d20_relaxed_hour2_20260709,63
231,0.232,20,231,4,lomps_l5d20_relaxed_hour2_20260709,64
232,0.233,20,232,4,lomps_l5d20_relaxed_hour2_20260709,65
233,0.234,20,233,4,lomps_l5d20_relaxed_hour2_20260709,66
234,0.235,20,234,4,lomps_l5d20_relaxed_hour2_20260709,67
235,0.236,20,235,4,lomps_l5d20_relaxed_hour2_20260709,68
236,0.237,20,236,4,lomps_l5d20_relaxed_hour2_20260709,69
237,0.238,20,237,4,lomps_l5d20_relaxed_hour2_20260709,70
238,0.239,20,238,4,lomps_l5d20_relaxed_hour2_20260709,71
239,0.24,20,239,4,lomps_l5d20_relaxed_hour2_20260709,72
240,0.241,20,240,4,lomps_l5d20_relaxed_hour2_20260709,73
241,0.242,20,241,4,lomps_l5d20_relaxed_hour2_20260709,74
242,0.243,20,242,4,lomps_l5d20_relaxed_hour2_20260709,75
243,0.244,20,243,4,lomps_l5d20_relaxed_hour2_20260709,76
244,0.245,20,244,4,lomps_l5d20_relaxed_hour2_20260709,77
245,0.246,20,245,4,lomps_l5d20_relaxed_hour2_20260709,78
246,0.247,20,246,4,lomps_l5d20_relaxed_hour2_20260709,79
247,0.248,20,247,4,lomps_l5d20_relaxed_hour2_20260709,80
248,0.249,20,248,4,lomps_l5d20_relaxed_hour2_20260709,81
249,0.25,20,249,4,lomps_l5d20_relaxed_hour2_20260709,82
250,0.251,20,250,4,lomps_l5d20_relaxed_hour2_20260709,83
251,0.252,20,251,4,lomps_l5d20_relaxed_hour2_20260709,84
252,0.253,20,252,4,lomps_l5d20_relaxed_hour2_20260709,85
253,0.254,20,253,4,lomps_l5d20_relaxed_hour2_20260709,86
254,0.255,20,254,4,lomps_l5d20_relaxed_hour2_20260709,87
255,0.256,20,255,4,lomps_l5d20_relaxed_hour2_20260709,88
256,0.257,20,256,4,lomps_l5d20_relaxed_hour2_20260709,89
257,0.258,20,257,4,lomps_l5d20_relaxed_hour2_20260709,90
258,0.259,20,258,4,lomps_l5d20_relaxed_hour2_20260709,91
259,0.26,20,259,4,lomps_l5d20_relaxed_hour2_20260709,92
260,0.261,20,260,4,lomps_l5d20_relaxed_hour2_20260709,93
261,0.262,20,261,4,lomps_l5d20_relaxed_hour2_20260709,94
262,0.263,20,262,4,lomps_l5d20_relaxed_hour2_20260709,95
263,0.264,20,263,4,lomps_l5d20_relaxed_hour2_20260709,96
264,0.265,20,264,4,lomps_l5d20_relaxed_hour2_20260709,97
265,0.266,20,265,4,lomps_l5d20_relaxed_hour2_20260709,98
266,0.267,20,266,4,lomps_l5d20_relaxed_hour2_20260709,99
267,0.268,20,267,4,lomps_l5d20_relaxed_hour2_20260709,100
268,0.269,20,268,4,lomps_l5d20_relaxed_hour2_20260709,101
269,0.27,20,269,5,lomps_l5d20_relaxed_overnight_20260709,1
270,0.271,20,270,5,lomps_l5d20_relaxed_overnight_20260709,2
271,0.272,20,271,5,lomps_l5d20_relaxed_overnight_20260709,3
272,0.273,20,272,5,lomps_l5d20_relaxed_overnight_20260709,4
273,0.274,20,273,5,lomps_l5d20_relaxed_overnight_20260709,5
274,0.275,20,274,5,lomps_l5d20_relaxed_overnight_20260709,6
275,0.276,20,275,5,lomps_l5d20_relaxed_overnight_20260709,7
276,0.277,20,276,5,lomps_l5d20_relaxed_overnight_20260709,8
277,0.278,20,277,5,lomps_l5d20_relaxed_overnight_20260709,9
278,0.279,20,278,5,lomps_l5d20_relaxed_overnight_20260709,10
279,0.28,20,279,5,lomps_l5d20_relaxed_overnight_20260709,11
280,0.281,20,280,5,lomps_l5d20_relaxed_overnight_20260709,12
281,0.282,20,281,5,lomps_l5d20_relaxed_overnight_20260709,13
282,0.283,20,282,5,lomps_l5d20_relaxed_overnight_20260709,14
283,0.284,20,283,5,lomps_l5d20_relaxed_overnight_20260709,15
284,0.285,20,284,5,lomps_l5d20_relaxed_overnight_20260709,16
285,0.286,20,285,5,lomps_l5d20_relaxed_overnight_20260709,17
286,0.287,20,286,5,lomps_l5d20_relaxed_overnight_20260709,18
287,0.288,20,287,5,lomps_l5d20_relaxed_overnight_20260709,19
288,0.289,20,288,5,lomps_l5d20_relaxed_overnight_20260709,20
289,0.29,20,289,5,lomps_l5d20_relaxed_overnight_20260709,21
290,0.291,20,290,5,lomps_l5d20_relaxed_overnight_20260709,22
291,0.292,20,291,5,lomps_l5d20_relaxed_overnight_20260709,23
292,0.293,20,292,5,lomps_l5d20_relaxed_overnight_20260709,24
293,0.294,20,293,5,lomps_l5d20_relaxed_overnight_20260709,25
294,0.295,20,294,5,lomps_l5d20_relaxed_overnight_20260709,26
295,0.296,20,295,5,lomps_l5d20_relaxed_overnight_20260709,27
296,0.297,20,296,5,lomps_l5d20_relaxed_overnight_20260709,28
297,0.298,20,297,5,lomps_l5d20_relaxed_overnight_20260709,29
298,0.299,20,298,5,lomps_l5d20_relaxed_overnight_20260709,30
299,0.3,20,299,5,lomps_l5d20_relaxed_overnight_20260709,31
300,0.301,20,300,5,lomps_l5d20_relaxed_overnight_20260709,32
301,0.302,20,301,5,lomps_l5d20_relaxed_overnight_20260709,33
302,0.303,20,302,5,lomps_l5d20_relaxed_overnight_20260709,34
303,0.304,20,303,5,lomps_l5d20_relaxed_overnight_20260709,35
304,0.305,20,304,5,lomps_l5d20_relaxed_overnight_20260709,36
305,0.306,20,305,5,lomps_l5d20_relaxed_overnight_20260709,37
306,0.307,20,306,5,lomps_l5d20_relaxed_overnight_20260709,38
307,0.308,20,307,5,lomps_l5d20_relaxed_overnight_20260709,39
308,0.309,20,308,5,lomps_l5d20_relaxed_overnight_20260709,40
309,0.31,20,309,5,lomps_l5d20_relaxed_overnight_20260709,41
310,0.311,20,310,5,lomps_l5d20_relaxed_overnight_20260709,42
311,0.312,20,311,5,lomps_l5d20_relaxed_overnight_20260709,43
312,0.313,20,312,5,lomps_l5d20_relaxed_overnight_20260709,44
313,0.314,20,313,5,lomps_l5d20_relaxed_overnight_20260709,45
314,0.315,20,314,5,lomps_l5d20_relaxed_overnight_20260709,46
315,0.316,20,315,5,lomps_l5d20_relaxed_overnight_20260709,47
316,0.317,20,316,5,lomps_l5d20_relaxed_overnight_20260709,48
317,0.318,20,317,5,lomps_l5d20_relaxed_overnight_20260709,49
318,0.319,20,318,5,lomps_l5d20_relaxed_overnight_20260709,50
319,0.32,20,319,5,lomps_l5d20_relaxed_overnight_20260709,51
320,0.321,20,320,5,lomps_l5d20_relaxed_overnight_20260709,52
321,0.322,20,321,5,lomps_l5d20_relaxed_overnight_20260709,53
322,0.323,20,322,5,lomps_l5d20_relaxed_overnight_20260709,54
323,0.324,20,323,5,lomps_l5d20_relaxed_overnight_20260709,55
324,0.325,20,324,5,lomps_l5d20_relaxed_overnight_20260709,56
325,0.326,20,325,5,lomps_l5d20_relaxed_overnight_20260709,57
326,0.327,20,326,5,lomps_l5d20_relaxed_overnight_20260709,58
327,0.328,20,327,5,lomps_l5d20_relaxed_overnight_20260709,59
328,0.329,20,328,5,lomps_l5d20_relaxed_overnight_20260709,60
329,0.33,20,329,5,lomps_l5d20_relaxed_overnight_20260709,61
330,0.331,20,330,5,lomps_l5d20_relaxed_overnight_20260709,62
331,0.332,20,331,5,lomps_l5d20_relaxed_overnight_20260709,63
332,0.333,20,332,5,lomps_l5d20_relaxed_overnight_20260709,64
333,0.334,20,333,5,lomps_l5d20_relaxed_overnight_20260709,65
334,0.335,20,334,5,lomps_l5d20_relaxed_overnight_20260709,66
335,0.336,20,335,5,lomps_l5d20_relaxed_overnight_20260709,67
336,0.337,20,336,5,lomps_l5d20_relaxed_overnight_20260709,68
337,0.338,20,337,5,lomps_l5d20_relaxed_overnight_20260709,69
338,0.339,20,338,5,lomps_l5d20_relaxed_overnight_20260709,70
339,0.34,20,339,5,lomps_l5d20_relaxed_overnight_20260709,71
340,0.341,20,340,5,lomps_l5d20_relaxed_overnight_20260709,72
341,0.342,20,341,5,lomps_l5d20_relaxed_overnight_20260709,73
342,0.343,20,342,5,lomps_l5d20_relaxed_overnight_20260709,74
343,0.344,20,343,5,lomps_l5d20_relaxed_overnight_20260709,75
344,0.345,20,344,5,lomps_l5d20_relaxed_overnight_20260709,76
345,0.346,20,345,5,lomps_l5d20_relaxed_overnight_20260709,77
346,0.347,20,346,5,lomps_l5d20_relaxed_overnight_20260709,78
347,0.348,20,347,5,lomps_l5d20_relaxed_overnight_20260709,79
348,0.349,20,348,5,lomps_l5d20_relaxed_overnight_20260709,80
349,0.35,20,349,5,lomps_l5d20_relaxed_overnight_20260709,81
350,0.351,20,350,5,lomps_l5d20_relaxed_overnight_20260709,82
351,0.352,20,351,5,lomps_l5d20_relaxed_overnight_20260709,83
352,0.353,20,352,5,lomps_l5d20_relaxed_overnight_20260709,84
353,0.354,20,353,5,lomps_l5d20_relaxed_overnight_20260709,85
354,0.355,20,354,5,lomps_l5d20_relaxed_overnight_20260709,86
355,0.356,20,355,5,lomps_l5d20_relaxed_overnight_20260709,87
356,0.357,20,356,5,lomps_l5d20_relaxed_overnight_20260709,88
357,0.358,20,357,5,lomps_l5d20_relaxed_overnight_20260709,89
358,0.359,20,358,5,lomps_l5d20_relaxed_overnight_20260709,90
359,0.36,20,359,5,lomps_l5d20_relaxed_overnight_20260709,91
360,0.361,20,360,5,lomps_l5d20_relaxed_overnight_20260709,92
361,0.362,20,361,5,lomps_l5d20_relaxed_overnight_20260709,93
362,0.363,20,362,5,lomps_l5d20_relaxed_overnight_20260709,94
363,0.364,20,363,5,lomps_l5d20_relaxed_overnight_20260709,95
364,0.365,20,364,5,lomps_l5d20_relaxed_overnight_20260709,96
365,0.366,20,365,5,lomps_l5d20_relaxed_overnight_20260709,97
366,0.367,20,366,5,lomps_l5d20_relaxed_overnight_20260709,98
367,0.368,20,367,5,lomps_l5d20_relaxed_overnight_20260709,99
368,0.369,20,368,5,lomps_l5d20_relaxed_overnight_20260709,100
369,0.37,20,369,5,lomps_l5d20_relaxed_overnight_20260709,101
370,0.371,20,370,5,lomps_l5d20_relaxed_overnight_20260709,102
371,0.372,20,371,5,lomps_l5d20_relaxed_overnight_20260709,103
372,0.373,20,372,5,lomps_l5d20_relaxed_overnight_20260709,104
373,0.374,20,373,5,lomps_l5d20_relaxed_overnight_20260709,105
374,0.375,20,374,5,lomps_l5d20_relaxed_overnight_20260709,106
375,0.376,20,375,5,lomps_l5d20_relaxed_overnight_20260709,107
376,0.377,20,376,5,lomps_l5d20_relaxed_overnight_20260709,108
377,0.378,20,377,5,lomps_l5d20_relaxed_overnight_20260709,109
378,0.379,20,378,5,lomps_l5d20_relaxed_overnight_20260709,110
379,0.38,20,379,5,lomps_l5d20_relaxed_overnight_20260709,111
380,0.381,20,380,5,lomps_l5d20_relaxed_overnight_20260709,112
381,0.382,20,381,5,lomps_l5d20_relaxed_overnight_20260709,113
382,0.383,20,382,5,lomps_l5d20_relaxed_overnight_20260709,114
383,0.384,20,383,5,lomps_l5d20_relaxed_overnight_20260709,115
384,0.385,20,384,5,lomps_l5d20_relaxed_overnight_20260709,116
385,0.386,20,385,5,lomps_l5d20_relaxed_overnight_20260709,117
386,0.387,20,386,5,lomps_l5d20_relaxed_overnight_20260709,118
387,0.388,20,387,5,lomps_l5d20_relaxed_overnight_20260709,119
388,0.389,20,388,5,lomps_l5d20_relaxed_overnight_20260709,120
389,0.39,20,389,5,lomps_l5d20_relaxed_overnight_20260709,121
390,0.391,20,390,5,lomps_l5d20_relaxed_overnight_20260709,122
391,0.392,20,391,5,lomps_l5d20_relaxed_overnight_20260709,123
392,0.393,20,392,5,lomps_l5d20_relaxed_overnight_20260709,124
393,0.394,20,393,5,lomps_l5d20_relaxed_overnight_20260709,125
394,0.395,20,394,5,lomps_l5d20_relaxed_overnight_20260709,126
395,0.396,20,395,5,lomps_l5d20_relaxed_overnight_20260709,127
396,0.397,20,396,5,lomps_l5d20_relaxed_overnight_20260709,128
397,0.398,20,397,5,lomps_l5d20_relaxed_overnight_20260709,129
398,0.399,20,398,5,lomps_l5d20_relaxed_overnight_20260709,130
399,0.4,20,399,5,lomps_l5d20_relaxed_overnight_20260709,131
400,0.401,20,400,5,lomps_l5d20_relaxed_overnight_20260709,132
401,0.402,20,401,5,lomps_l5d20_relaxed_overnight_20260709,133
402,0.403,20,402,5,lomps_l5d20_relaxed_overnight_20260709,134
403,0.404,20,403,5,lomps_l5d20_relaxed_overnight_20260709,135
404,0.405,20,404,5,lomps_l5d20_relaxed_overnight_20260709,136
405,0.406,20,405,5,lomps_l5d20_relaxed_overnight_20260709,137
406,0.407,20,406,5,lomps_l5d20_relaxed_overnight_20260709,138
407,0.408,20,407,5,lomps_l5d20_relaxed_overnight_20260709,139
408,0.409,20,408,5,lomps_l5d20_relaxed_overnight_20260709,140
409,0.41,20,409,5,lomps_l5d20_relaxed_overnight_20260709,141
410,0.411,20,410,5,lomps_l5d20_relaxed_overnight_20260709,142
411,0.412,20,411,5,lomps_l5d20_relaxed_overnight_20260709,143
412,0.413,20,412,5,lomps_l5d20_relaxed_overnight_20260709,144
413,0.414,20,413,5,lomps_l5d20_relaxed_overnight_20260709,145
414,0.415,20,414,5,lomps_l5d20_relaxed_overnight_20260709,146
415,0.416,20,415,5,lomps_l5d20_relaxed_overnight_20260709,147
416,0.417,20,416,5,lomps_l5d20_relaxed_overnight_20260709,148
417,0.418,20,417,5,lomps_l5d20_relaxed_overnight_20260709,149
418,0.419,20,418,5,lomps_l5d20_relaxed_overnight_20260709,150
419,0.42,20,419,5,lomps_l5d20_relaxed_overnight_20260709,151
420,0.421,20,420,5,lomps_l5d20_relaxed_overnight_20260709,152
421,0.422,20,421,5,lomps_l5d20_relaxed_overnight_20260709,153
422,0.423,20,422,5,lomps_l5d20_relaxed_overnight_20260709,154
423,0.424,20,423,5,lomps_l5d20_relaxed_overnight_20260709,155
424,0.425,20,424,5,lomps_l5d20_relaxed_overnight_20260709,156
425,0.426,20,425,5,lomps_l5d20_relaxed_overnight_20260709,157
426,0.427,20,426,5,lomps_l5d20_relaxed_overnight_20260709,158
427,0.428,20,427,5,lomps_l5d20_relaxed_overnight_20260709,159
428,0.429,20,428,5,lomps_l5d20_relaxed_overnight_20260709,160
429,0.43,20,429,5,lomps_l5d20_relaxed_overnight_20260709,161
430,0.431,20,430,5,lomps_l5d20_relaxed_overnight_20260709,162
431,0.432,20,431,5,lomps_l5d20_relaxed_overnight_20260709,163
432,0.433,20,432,5,lomps_l5d20_relaxed_overnight_20260709,164
433,0.434,20,433,5,lomps_l5d20_relaxed_overnight_20260709,165
434,0.435,20,434,5,lomps_l5d20_relaxed_overnight_20260709,166
435,0.436,20,435,5,lomps_l5d20_relaxed_overnight_20260709,167
436,0.437,20,436,5,lomps_l5d20_relaxed_overnight_20260709,168
437,0.438,20,437,5,lomps_l5d20_relaxed_overnight_20260709,169
438,0.439,20,438,5,lomps_l5d20_relaxed_overnight_20260709,170
439,0.44,20,439,5,lomps_l5d20_relaxed_overnight_20260709,171
440,0.441,20,440,5,lomps_l5d20_relaxed_overnight_20260709,172
441,0.442,20,441,5,lomps_l5d20_relaxed_overnight_20260709,173
442,0.443,20,442,5,lomps_l5d20_relaxed_overnight_20260709,174
443,0.444,20,443,5,lomps_l5d20_relaxed_overnight_20260709,175
444,0.445,20,444,5,lomps_l5d20_relaxed_overnight_20260709,176
445,0.446,20,445,5,lomps_l5d20_relaxed_overnight_20260709,177
446,0.447,20,446,5,lomps_l5d20_relaxed_overnight_20260709,178
447,0.448,20,447,5,lomps_l5d20_relaxed_overnight_20260709,179
448,0.449,20,448,5,lomps_l5d20_relaxed_overnight_20260709,180
449,0.45,20,449,5,lomps_l5d20_relaxed_overnight_20260709,181
450,0.451,20,450,5,lomps_l5d20_relaxed_overnight_20260709,182
451,0.452,20,451,5,lomps_l5d20_relaxed_overnight_20260709,183
452,0.453,20,452,5,lomps_l5d20_relaxed_overnight_20260709,184
453,0.454,20,453,5,lomps_l5d20_relaxed_overnight_20260709,185
454,0.455,20,454,5,lomps_l5d20_relaxed_overnight_20260709,186
455,0.456,20,455,5,lomps_l5d20_relaxed_overnight_20260709,187
456,0.457,20,456,5,lomps_l5d20_relaxed_overnight_20260709,188
457,0.458,20,457,5,lomps_l5d20_relaxed_overnight_20260709,189
458,0.459,20,458,5,lomps_l5d20_relaxed_overnight_20260709,190
459,0.46,20,459,5,lomps_l5d20_relaxed_overnight_20260709,191
460,0.461,20,460,5,lomps_l5d20_relaxed_overnight_20260709,192
461,0.462,20,461,5,lomps_l5d20_relaxed_overnight_20260709,193
462,0.463,20,462,5,lomps_l5d20_relaxed_overnight_20260709,194
463,0.464,20,463,5,lomps_l5d20_relaxed_overnight_20260709,195
464,0.465,20,464,5,lomps_l5d20_relaxed_overnight_20260709,196
465,0.466,20,465,5,lomps_l5d20_relaxed_overnight_20260709,197
466,0.467,20,466,5,lomps_l5d20_relaxed_overnight_20260709,198
467,0.468,20,467,5,lomps_l5d20_relaxed_overnight_20260709,199
468,0.469,20,468,5,lomps_l5d20_relaxed_overnight_20260709,200
469,0.47,20,469,5,lomps_l5d20_relaxed_overnight_20260709,201
470,0.471,20,470,5,lomps_l5d20_relaxed_overnight_20260709,202
471,0.472,20,471,5,lomps_l5d20_relaxed_overnight_20260709,203
472,0.473,20,472,5,lomps_l5d20_relaxed_overnight_20260709,204
473,0.474,20,473,5,lomps_l5d20_relaxed_overnight_20260709,205
474,0.475,20,474,5,lomps_l5d20_relaxed_overnight_20260709,206
475,0.476,20,475,5,lomps_l5d20_relaxed_overnight_20260709,207
476,0.477,20,476,5,lomps_l5d20_relaxed_overnight_20260709,208
477,0.478,20,477,5,lomps_l5d20_relaxed_overnight_20260709,209
478,0.479,20,478,5,lomps_l5d20_relaxed_overnight_20260709,210
479,0.48,20,479,5,lomps_l5d20_relaxed_overnight_20260709,211
480,0.481,20,480,5,lomps_l5d20_relaxed_overnight_20260709,212
481,0.482,20,481,5,lomps_l5d20_relaxed_overnight_20260709,213
482,0.483,20,482,5,lomps_l5d20_relaxed_overnight_20260709,214
483,0.484,20,483,5,lomps_l5d20_relaxed_overnight_20260709,215
484,0.485,20,484,5,lomps_l5d20_relaxed_overnight_20260709,216
485,0.486,20,485,5,lomps_l5d20_relaxed_overnight_20260709,217
486,0.487,20,486,5,lomps_l5d20_relaxed_overnight_20260709,218
487,0.488,20,487,5,lomps_l5d20_relaxed_overnight_20260709,219
488,0.489,20,488,5,lomps_l5d20_relaxed_overnight_20260709,220
489,0.49,20,489,5,lomps_l5d20_relaxed_overnight_20260709,221
490,0.491,20,490,5,lomps_l5d20_relaxed_overnight_20260709,222
491,0.492,20,491,5,lomps_l5d20_relaxed_overnight_20260709,223
492,0.493,20,492,5,lomps_l5d20_relaxed_overnight_20260709,224
493,0.494,20,493,5,lomps_l5d20_relaxed_overnight_20260709,225
494,0.495,20,494,5,lomps_l5d20_relaxed_overnight_20260709,226
495,0.496,20,495,5,lomps_l5d20_relaxed_overnight_20260709,227
496,0.497,20,496,5,lomps_l5d20_relaxed_overnight_20260709,228
497,0.498,20,497,5,lomps_l5d20_relaxed_overnight_20260709,229
498,0.499,20,498,5,lomps_l5d20_relaxed_overnight_20260709,230
499,0.5,20,499,5,lomps_l5d20_relaxed_overnight_20260709,231
500,0.501,20,500,5,lomps_l5d20_relaxed_overnight_20260709,232
501,0.502,20,501,5,lomps_l5d20_relaxed_overnight_20260709,233
502,0.503,20,502,5,lomps_l5d20_relaxed_overnight_20260709,234
503,0.504,20,503,5,lomps_l5d20_relaxed_overnight_20260709,235
504,0.505,20,504,5,lomps_l5d20_relaxed_overnight_20260709,236
505,0.506,20,505,5,lomps_l5d20_relaxed_overnight_20260709,237
506,0.507,20,506,5,lomps_l5d20_relaxed_overnight_20260709,238
507,0.508,20,507,5,lomps_l5d20_relaxed_overnight_20260709,239
508,0.509,20,508,5,lomps_l5d20_relaxed_overnight_20260709,240
509,0.51,20,509,5,lomps_l5d20_relaxed_overnight_20260709,241
510,0.511,20,510,5,lomps_l5d20_relaxed_overnight_20260709,242
511,0.512,20,511,5,lomps_l5d20_relaxed_overnight_20260709,243
512,0.513,20,512,5,lomps_l5d20_relaxed_overnight_20260709,244
513,0.514,20,513,5,lomps_l5d20_relaxed_overnight_20260709,245
514,0.515,20,514,5,lomps_l5d20_relaxed_overnight_20260709,246
515,0.516,20,515,5,lomps_l5d20_relaxed_overnight_20260709,247
516,0.517,20,516,5,lomps_l5d20_relaxed_overnight_20260709,248
517,0.518,20,517,5,lomps_l5d20_relaxed_overnight_20260709,249
518,0.519,20,518,5,lomps_l5d20_relaxed_overnight_20260709,250
519,0.52,20,519,5,lomps_l5d20_relaxed_overnight_20260709,251
520,0.521,20,520,5,lomps_l5d20_relaxed_overnight_20260709,252
521,0.522,20,521,5,lomps_l5d20_relaxed_overnight_20260709,253
522,0.523,20,522,5,lomps_l5d20_relaxed_overnight_20260709,254
523,0.524,20,523,5,lomps_l5d20_relaxed_overnight_20260709,255
524,0.525,20,524,5,lomps_l5d20_relaxed_overnight_20260709,256
525,0.526,20,525,5,lomps_l5d20_relaxed_overnight_20260709,257
526,0.527,20,526,5,lomps_l5d20_relaxed_overnight_20260709,258
527,0.528,20,527,5,lomps_l5d20_relaxed_overnight_20260709,259
528,0.529,20,528,5,lomps_l5d20_relaxed_overnight_20260709,260
529,0.53,20,529,5,lomps_l5d20_relaxed_overnight_20260709,261
530,0.531,20,530,5,lomps_l5d20_relaxed_overnight_20260709,262
531,0.532,20,531,5,lomps_l5d20_relaxed_overnight_20260709,263
532,0.533,20,532,5,lomps_l5d20_relaxed_overnight_20260709,264
533,0.534,20,533,5,lomps_l5d20_relaxed_overnight_20260709,265
534,0.535,20,534,5,lomps_l5d20_relaxed_overnight_20260709,266
535,0.536,20,535,5,lomps_l5d20_relaxed_overnight_20260709,267
536,0.537,20,536,5,lomps_l5d20_relaxed_overnight_20260709,268
537,0.538,20,537,5,lomps_l5d20_relaxed_overnight_20260709,269
538,0.539,20,538,5,lomps_l5d20_relaxed_overnight_20260709,270
539,0.54,20,539,5,lomps_l5d20_relaxed_overnight_20260709,271
540,0.541,20,540,5,lomps_l5d20_relaxed_overnight_20260709,272
541,0.542,20,541,5,lomps_l5d20_relaxed_overnight_20260709,273
542,0.543,20,542,5,lomps_l5d20_relaxed_overnight_20260709,274
543,0.544,20,543,5,lomps_l5d20_relaxed_overnight_20260709,275
544,0.545,20,544,5,lomps_l5d20_relaxed_overnight_20260709,276
545,0.546,20,545,5,lomps_l5d20_relaxed_overnight_20260709,277
546,0.547,20,546,5,lomps_l5d20_relaxed_overnight_20260709,278
547,0.548,20,547,5,lomps_l5d20_relaxed_overnight_20260709,279
548,0.549,20,548,5,lomps_l5d20_relaxed_overnight_20260709,280
549,0.55,20,549,5,lomps_l5d20_relaxed_overnight_20260709,281
550,0.551,20,550,5,lomps_l5d20_relaxed_overnight_20260709,282
551,0.552,20,551,5,lomps_l5d20_relaxed_overnight_20260709,283
552,0.553,20,552,5,lomps_l5d20_relaxed_overnight_20260709,284
553,0.554,20,553,5,lomps_l5d20_relaxed_overnight_20260709,285
554,0.555,20,554,5,lomps_l5d20_relaxed_overnight_20260709,286
555,0.556,20,555,5,lomps_l5d20_relaxed_overnight_20260709,287
556,0.557,20,556,5,lomps_l5d20_relaxed_overnight_20260709,288
557,0.558,20,557,5,lomps_l5d20_relaxed_overnight_20260709,289
558,0.559,20,558,5,lomps_l5d20_relaxed_overnight_20260709,290
559,0.56,20,559,5,lomps_l5d20_relaxed_overnight_20260709,291
560,0.561,20,560,5,lomps_l5d20_relaxed_overnight_20260709,292
561,0.562,20,561,5,lomps_l5d20_relaxed_overnight_20260709,293
562,0.563,20,562,5,lomps_l5d20_relaxed_overnight_20260709,294
563,0.564,20,563,5,lomps_l5d20_relaxed_overnight_20260709,295
564,0.565,20,564,5,lomps_l5d20_relaxed_overnight_20260709,296
565,0.566,20,565,5,lomps_l5d20_relaxed_overnight_20260709,297
566,0.567,20,566,5,lomps_l5d20_relaxed_overnight_20260709,298
567,0.568,20,567,5,lomps_l5d20_relaxed_overnight_20260709,299
568,0.569,20,568,5,lomps_l5d20_relaxed_overnight_20260709,300
569,0.57,20,569,5,lomps_l5d20_relaxed_overnight_20260709,301
570,0.571,20,570,5,lomps_l5d20_relaxed_overnight_20260709,302
571,0.572,20,571,5,lomps_l5d20_relaxed_overnight_20260709,303
572,0.573,20,572,5,lomps_l5d20_relaxed_overnight_20260709,304
573,0.574,20,573,5,lomps_l5d20_relaxed_overnight_20260709,305
574,0.575,20,574,5,lomps_l5d20_relaxed_overnight_20260709,306
575,0.576,20,575,5,lomps_l5d20_relaxed_overnight_20260709,307
576,0.577,20,576,5,lomps_l5d20_relaxed_overnight_20260709,308
577,0.578,20,577,5,lomps_l5d20_relaxed_overnight_20260709,309
578,0.579,20,578,5,lomps_l5d20_relaxed_overnight_20260709,310
579,0.58,20,579,5,lomps_l5d20_relaxed_overnight_20260709,311
580,0.581,20,580,5,lomps_l5d20_relaxed_overnight_20260709,312
581,0.582,20,581,5,lomps_l5d20_relaxed_overnight_20260709,313
582,0.583,20,582,5,lomps_l5d20_relaxed_overnight_20260709,314
583,0.584,20,583,5,lomps_l5d20_relaxed_overnight_20260709,315
584,0.585,20,584,5,lomps_l5d20_relaxed_overnight_20260709,316
585,0.586,20,585,5,lomps_l5d20_relaxed_overnight_20260709,317
586,0.587,20,586,5,lomps_l5d20_relaxed_overnight_20260709,318
587,0.588,20,587,5,lomps_l5d20_relaxed_overnight_20260709,319
588,0.589,20,588,5,lomps_l5d20_relaxed_overnight_20260709,320
589,0.59,20,589,5,lomps_l5d20_relaxed_overnight_20260709,321
590,0.591,20,590,5,lomps_l5d20_relaxed_overnight_20260709,322
591,0.592,20,591,5,lomps_l5d20_relaxed_overnight_20260709,323
592,0.593,20,592,5,lomps_l5d20_relaxed_overnight_20260709,324
593,0.594,20,593,5,lomps_l5d20_relaxed_overnight_20260709,325
594,0.595,20,594,5,lomps_l5d20_relaxed_overnight_20260709,326
595,0.596,20,595,5,lomps_l5d20_relaxed_overnight_20260709,327
596,0.597,20,596,5,lomps_l5d20_relaxed_overnight_20260709,328
597,0.598,20,597,5,lomps_l5d20_relaxed_overnight_20260709,329
598,0.599,20,598,5,lomps_l5d20_relaxed_overnight_20260709,330
599,0.6,20,599,5,lomps_l5d20_relaxed_overnight_20260709,331
600,0.601,20,600,5,lomps_l5d20_relaxed_overnight_20260709,332
601,0.602,20,601,5,lomps_l5d20_relaxed_overnight_20260709,333
602,0.603,20,602,5,lomps_l5d20_relaxed_overnight_20260709,334
603,0.604,20,603,5,lomps_l5d20_relaxed_overnight_20260709,335
604,0.605,20,604,5,lomps_l5d20_relaxed_overnight_20260709,336
605,0.606,20,605,5,lomps_l5d20_relaxed_overnight_20260709,337
606,0.607,20,606,5,lomps_l5d20_relaxed_overnight_20260709,338
607,0.608,20,607,5,lomps_l5d20_relaxed_overnight_20260709,339
608,0.609,20,608,5,lomps_l5d20_relaxed_overnight_20260709,340
609,0.61,20,609,5,lomps_l5d20_relaxed_overnight_20260709,341
610,0.611,20,610,5,lomps_l5d20_relaxed_overnight_20260709,342
611,0.612,20,611,5,lomps_l5d20_relaxed_overnight_20260709,343
612,0.613,20,612,5,lomps_l5d20_relaxed_overnight_20260709,344
613,0.614,20,613,5,lomps_l5d20_relaxed_overnight_20260709,345
614,0.615,20,614,5,lomps_l5d20_relaxed_overnight_20260709,346
615,0.616,20,615,5,lomps_l5d20_relaxed_overnight_20260709,347
616,0.617,20,616,5,lomps_l5d20_relaxed_overnight_20260709,348
617,0.618,20,617,5,lomps_l5d20_relaxed_overnight_20260709,349
618,0.619,20,618,5,lomps_l5d20_relaxed_overnight_20260709,350
619,0.62,20,619,5,lomps_l5d20_relaxed_overnight_20260709,351
620,0.621,20,620,5,lomps_l5d20_relaxed_overnight_20260709,352
621,0.622,20,621,5,lomps_l5d20_relaxed_overnight_20260709,353
622,0.623,20,622,5,lomps_l5d20_relaxed_overnight_20260709,354
623,0.624,20,623,5,lomps_l5d20_relaxed_overnight_20260709,355
624,0.625,20,624,5,lomps_l5d20_relaxed_overnight_20260709,356
625,0.626,20,625,5,lomps_l5d20_relaxed_overnight_20260709,357
626,0.627,20,626,5,lomps_l5d20_relaxed_overnight_20260709,358
627,0.628,20,627,5,lomps_l5d20_relaxed_overnight_20260709,359
628,0.629,20,628,5,lomps_l5d20_relaxed_overnight_20260709,360
629,0.63,20,629,5,lomps_l5d20_relaxed_overnight_20260709,361
630,0.631,20,630,5,lomps_l5d20_relaxed_overnight_20260709,362
631,0.632,20,631,5,lomps_l5d20_relaxed_overnight_20260709,363
632,0.633,20,632,5,lomps_l5d20_relaxed_overnight_20260709,364
633,0.634,20,633,5,lomps_l5d20_relaxed_overnight_20260709,365
634,0.635,20,634,5,lomps_l5d20_relaxed_overnight_20260709,366
635,0.636,20,635,5,lomps_l5d20_relaxed_overnight_20260709,367
636,0.637,20,636,5,lomps_l5d20_relaxed_overnight_20260709,368
637,0.638,20,637,5,lomps_l5d20_relaxed_overnight_20260709,369
638,0.639,20,638,5,lomps_l5d20_relaxed_overnight_20260709,370
639,0.64,20,639,5,lomps_l5d20_relaxed_overnight_20260709,371
640,0.641,20,640,5,lomps_l5d20_relaxed_overnight_20260709,372
641,0.642,20,641,5,lomps_l5d20_relaxed_overnight_20260709,373
642,0.643,20,642,5,lomps_l5d20_relaxed_overnight_20260709,374
643,0.644,20,643,5,lomps_l5d20_relaxed_overnight_20260709,375
644,0.645,20,644,5,lomps_l5d20_relaxed_overnight_20260709,376
645,0.646,20,645,5,lomps_l5d20_relaxed_overnight_20260709,377
646,0.647,20,646,5,lomps_l5d20_relaxed_overnight_20260709,378
647,0.648,20,647,5,lomps_l5d20_relaxed_overnight_20260709,379
648,0.649,20,648,5,lomps_l5d20_relaxed_overnight_20260709,380
649,0.65,20,649,5,lomps_l5d20_relaxed_overnight_20260709,381
650,0.651,20,650,5,lomps_l5d20_relaxed_overnight_20260709,382
651,0.652,20,651,5,lomps_l5d20_relaxed_overnight_20260709,383
652,0.653,20,652,5,lomps_l5d20_relaxed_overnight_20260709,384
653,0.654,20,653,5,lomps_l5d20_relaxed_overnight_20260709,385
654,0.655,20,654,5,lomps_l5d20_relaxed_overnight_20260709,386
655,0.656,20,655,5,lomps_l5d20_relaxed_overnight_20260709,387
656,0.657,20,656,5,lomps_l5d20_relaxed_overnight_20260709,388
657,0.658,20,657,5,lomps_l5d20_relaxed_overnight_20260709,389
658,0.659,20,658,5,lomps_l5d20_relaxed_overnight_20260709,390
659,0.66,20,659,5,lomps_l5d20_relaxed_overnight_20260709,391
660,0.661,20,660,5,lomps_l5d20_relaxed_overnight_20260709,392
661,0.662,20,661,5,lomps_l5d20_relaxed_overnight_20260709,393
662,0.663,20,662,5,lomps_l5d20_relaxed_overnight_20260709,394
663,0.664,20,663,5,lomps_l5d20_relaxed_overnight_20260709,395
664,0.665,20,664,5,lomps_l5d20_relaxed_overnight_20260709,396
665,0.666,20,665,5,lomps_l5d20_relaxed_overnight_20260709,397
666,0.667,20,666,5,lomps_l5d20_relaxed_overnight_20260709,398
667,0.668,20,667,5,lomps_l5d20_relaxed_overnight_20260709,399
668,0.669,20,668,5,lomps_l5d20_relaxed_overnight_20260709,400
669,0.67,20,669,5,lomps_l5d20_relaxed_overnight_20260709,401
670,0.671,20,670,5,lomps_l5d20_relaxed_overnight_20260709,402
671,0.672,20,671,5,lomps_l5d20_relaxed_overnight_20260709,403
672,0.673,20,672,5,lomps_l5d20_relaxed_overnight_20260709,404
673,0.674,20,673,5,lomps_l5d20_relaxed_overnight_20260709,405
674,0.675,20,674,5,lomps_l5d20_relaxed_overnight_20260709,406
675,0.676,20,675,5,lomps_l5d20_relaxed_overnight_20260709,407
676,0.677,20,676,5,lomps_l5d20_relaxed_overnight_20260709,408
677,0.678,20,677,5,lomps_l5d20_relaxed_overnight_20260709,409
678,0.679,20,678,5,lomps_l5d20_relaxed_overnight_20260709,410
679,0.68,20,679,5,lomps_l5d20_relaxed_overnight_20260709,411
680,0.681,20,680,5,lomps_l5d20_relaxed_overnight_20260709,412
681,0.682,20,681,5,lomps_l5d20_relaxed_overnight_20260709,413
682,0.683,20,682,5,lomps_l5d20_relaxed_overnight_20260709,414
683,0.684,20,683,5,lomps_l5d20_relaxed_overnight_20260709,415
684,0.685,20,684,5,lomps_l5d20_relaxed_overnight_20260709,416
685,0.686,20,685,5,lomps_l5d20_relaxed_overnight_20260709,417
686,0.687,20,686,5,lomps_l5d20_relaxed_overnight_20260709,418
687,0.688,20,687,5,lomps_l5d20_relaxed_overnight_20260709,419
688,0.689,20,688,5,lomps_l5d20_relaxed_overnight_20260709,420
689,0.69,20,689,5,lomps_l5d20_relaxed_overnight_20260709,421
690,0.691,20,690,5,lomps_l5d20_relaxed_overnight_20260709,422
691,0.692,20,691,5,lomps_l5d20_relaxed_overnight_20260709,423
692,0.693,20,692,5,lomps_l5d20_relaxed_overnight_20260709,424
693,0.694,20,693,5,lomps_l5d20_relaxed_overnight_20260709,425
694,0.695,20,694,5,lomps_l5d20_relaxed_overnight_20260709,426
695,0.696,20,695,5,lomps_l5d20_relaxed_overnight_20260709,427
696,0.697,20,696,5,lomps_l5d20_relaxed_overnight_20260709,428
697,0.698,20,697,5,lomps_l5d20_relaxed_overnight_20260709,429
698,0.699,20,698,5,lomps_l5d20_relaxed_overnight_20260709,430
699,0.7,20,699,5,lomps_l5d20_relaxed_overnight_20260709,431
700,0.701,20,700,5,lomps_l5d20_relaxed_overnight_20260709,432
701,0.702,20,701,5,lomps_l5d20_relaxed_overnight_20260709,433
702,0.703,20,702,5,lomps_l5d20_relaxed_overnight_20260709,434
703,0.704,20,703,5,lomps_l5d20_relaxed_overnight_20260709,435
704,0.705,20,704,5,lomps_l5d20_relaxed_overnight_20260709,436
705,0.706,20,705,5,lomps_l5d20_relaxed_overnight_20260709,437
706,0.707,20,706,5,lomps_l5d20_relaxed_overnight_20260709,438
707,0.708,20,707,5,lomps_l5d20_relaxed_overnight_20260709,439
708,0.709,20,708,5,lomps_l5d20_relaxed_overnight_20260709,440
709,0.71,20,709,5,lomps_l5d20_relaxed_overnight_20260709,441
710,0.711,20,710,5,lomps_l5d20_relaxed_overnight_20260709,442
711,0.712,20,711,5,lomps_l5d20_relaxed_overnight_20260709,443
712,0.713,20,712,5,lomps_l5d20_relaxed_overnight_20260709,444
713,0.714,20,713,5,lomps_l5d20_relaxed_overnight_20260709,445
714,0.715,20,714,5,lomps_l5d20_relaxed_overnight_20260709,446
715,0.716,20,715,5,lomps_l5d20_relaxed_overnight_20260709,447
716,0.717,20,716,5,lomps_l5d20_relaxed_overnight_20260709,448
717,0.718,20,717,5,lomps_l5d20_relaxed_overnight_20260709,449
718,0.719,20,718,5,lomps_l5d20_relaxed_overnight_20260709,450
719,0.72,20,719,5,lomps_l5d20_relaxed_overnight_20260709,451
720,0.721,20,720,5,lomps_l5d20_relaxed_overnight_20260709,452
721,0.722,20,721,5,lomps_l5d20_relaxed_overnight_20260709,453
722,0.723,20,722,5,lomps_l5d20_relaxed_overnight_20260709,454
723,0.724,20,723,5,lomps_l5d20_relaxed_overnight_20260709,455
724,0.725,20,724,5,lomps_l5d20_relaxed_overnight_20260709,456
725,0.726,20,725,5,lomps_l5d20_relaxed_overnight_20260709,457
726,0.727,20,726,5,lomps_l5d20_relaxed_overnight_20260709,458
727,0.728,20,727,5,lomps_l5d20_relaxed_overnight_20260709,459
728,0.729,20,728,5,lomps_l5d20_relaxed_overnight_20260709,460
729,0.73,20,729,5,lomps_l5d20_relaxed_overnight_20260709,461
730,0.731,20,730,5,lomps_l5d20_relaxed_overnight_20260709,462
731,0.732,20,731,5,lomps_l5d20_relaxed_overnight_20260709,463
732,0.733,20,732,5,lomps_l5d20_relaxed_overnight_20260709,464
733,0.734,20,733,5,lomps_l5d20_relaxed_overnight_20260709,465
734,0.735,20,734,5,lomps_l5d20_relaxed_overnight_20260709,466
735,0.736,20,735,5,lomps_l5d20_relaxed_overnight_20260709,467
736,0.737,20,736,5,lomps_l5d20_relaxed_overnight_20260709,468
737,0.738,20,737,5,lomps_l5d20_relaxed_overnight_20260709,469
738,0.739,20,738,5,lomps_l5d20_relaxed_overnight_20260709,470
739,0.74,20,739,5,lomps_l5d20_relaxed_overnight_20260709,471
740,0.741,20,740,5,lomps_l5d20_relaxed_overnight_20260709,472
741,0.742,20,741,5,lomps_l5d20_relaxed_overnight_20260709,473
742,0.743,20,742,5,lomps_l5d20_relaxed_overnight_20260709,474
743,0.744,20,743,5,lomps_l5d20_relaxed_overnight_20260709,475
744,0.745,20,744,5,lomps_l5d20_relaxed_overnight_20260709,476
745,0.746,20,745,5,lomps_l5d20_relaxed_overnight_20260709,477
746,0.747,20,746,5,lomps_l5d20_relaxed_overnight_20260709,478
747,0.748,20,747,5,lomps_l5d20_relaxed_overnight_20260709,479
748,0.749,20,748,5,lomps_l5d20_relaxed_overnight_20260709,480
749,0.75,20,749,5,lomps_l5d20_relaxed_overnight_20260709,481
750,0.751,20,750,5,lomps_l5d20_relaxed_overnight_20260709,482
751,0.752,20,751,5,lomps_l5d20_relaxed_overnight_20260709,483
752,0.753,20,752,5,lomps_l5d20_relaxed_overnight_20260709,484
753,0.754,20,753,5,lomps_l5d20_relaxed_overnight_20260709,485
754,0.755,20,754,5,lomps_l5d20_relaxed_overnight_20260709,486
755,0.756,20,755,5,lomps_l5d20_relaxed_overnight_20260709,487
756,0.757,20,756,5,lomps_l5d20_relaxed_overnight_20260709,488
757,0.758,20,757,5,lomps_l5d20_relaxed_overnight_20260709,489
758,0.759,20,758,5,lomps_l5d20_relaxed_overnight_20260709,490
759,0.76,20,759,5,lomps_l5d20_relaxed_overnight_20260709,491
760,0.761,20,760,5,lomps_l5d20_relaxed_overnight_20260709,492
761,0.762,20,761,5,lomps_l5d20_relaxed_overnight_20260709,493
762,0.763,20,762,5,lomps_l5d20_relaxed_overnight_20260709,494
763,0.764,20,763,5,lomps_l5d20_relaxed_overnight_20260709,495
764,0.765,20,764,5,lomps_l5d20_relaxed_overnight_20260709,496
765,0.766,20,765,5,lomps_l5d20_relaxed_overnight_20260709,497
766,0.767,20,766,5,lomps_l5d20_relaxed_overnight_20260709,498
767,0.768,20,767,5,lomps_l5d20_relaxed_overnight_20260709,499
768,0.769,20,768,5,lomps_l5d20_relaxed_overnight_20260709,500
769,0.77,20,769,5,lomps_l5d20_relaxed_overnight_20260709,501
770,0.771,20,770,5,lomps_l5d20_relaxed_overnight_20260709,502
771,0.772,20,771,5,lomps_l5d20_relaxed_overnight_20260709,503
772,0.773,20,772,5,lomps_l5d20_relaxed_overnight_20260709,504
773,0.774,20,773,5,lomps_l5d20_relaxed_overnight_20260709,505
774,0.775,20,774,5,lomps_l5d20_relaxed_overnight_20260709,506
775,0.776,20,775,5,lomps_l5d20_relaxed_overnight_20260709,507
776,0.777,20,776,5,lomps_l5d20_relaxed_overnight_20260709,508
777,0.778,20,777,5,lomps_l5d20_relaxed_overnight_20260709,509
778,0.779,20,778,5,lomps_l5d20_relaxed_overnight_20260709,510
779,0.78,20,779,5,lomps_l5d20_relaxed_overnight_20260709,511
780,0.781,20,780,5,lomps_l5d20_relaxed_overnight_20260709,512
781,0.782,20,781,5,lomps_l5d20_relaxed_overnight_20260709,513
782,0.783,20,782,5,lomps_l5d20_relaxed_overnight_20260709,514
783,0.784,20,783,5,lomps_l5d20_relaxed_overnight_20260709,515
784,0.785,20,784,5,lomps_l5d20_relaxed_overnight_20260709,516
785,0.786,20,785,5,lomps_l5d20_relaxed_overnight_20260709,517
786,0.787,20,786,5,lomps_l5d20_relaxed_overnight_20260709,518
787,0.788,20,787,5,lomps_l5d20_relaxed_overnight_20260709,519
788,0.789,20,788,5,lomps_l5d20_relaxed_overnight_20260709,520
789,0.79,20,789,5,lomps_l5d20_relaxed_overnight_20260709,521
790,0.791,20,790,5,lomps_l5d20_relaxed_overnight_20260709,522
791,0.792,20,791,5,lomps_l5d20_relaxed_overnight_20260709,523
792,0.793,20,792,5,lomps_l5d20_relaxed_overnight_20260709,524
793,0.794,20,793,5,lomps_l5d20_relaxed_overnight_20260709,525
794,0.795,20,794,5,lomps_l5d20_relaxed_overnight_20260709,526
795,0.796,20,795,5,lomps_l5d20_relaxed_overnight_20260709,527
796,0.797,20,796,5,lomps_l5d20_relaxed_overnight_20260709,528
797,0.798,20,797,5,lomps_l5d20_relaxed_overnight_20260709,529
798,0.799,20,798,5,lomps_l5d20_relaxed_overnight_20260709,530
799,0.8,20,799,5,lomps_l5d20_relaxed_overnight_20260709,531
800,0.801,20,800,5,lomps_l5d20_relaxed_overnight_20260709,532
801,0.802,20,801,5,lomps_l5d20_relaxed_overnight_20260709,533
802,0.803,20,802,5,lomps_l5d20_relaxed_overnight_20260709,534
803,0.804,20,803,5,lomps_l5d20_relaxed_overnight_20260709,535
804,0.805,20,804,5,lomps_l5d20_relaxed_overnight_20260709,536
805,0.806,20,805,5,lomps_l5d20_relaxed_overnight_20260709,537
806,0.807,20,806,5,lomps_l5d20_relaxed_overnight_20260709,538
807,0.808,20,807,5,lomps_l5d20_relaxed_overnight_20260709,539
808,0.809,20,808,5,lomps_l5d20_relaxed_overnight_20260709,540
809,0.81,20,809,5,lomps_l5d20_relaxed_overnight_20260709,541
810,0.811,20,810,5,lomps_l5d20_relaxed_overnight_20260709,542
811,0.812,20,811,5,lomps_l5d20_relaxed_overnight_20260709,543
812,0.813,20,812,5,lomps_l5d20_relaxed_overnight_20260709,544
813,0.814,20,813,5,lomps_l5d20_relaxed_overnight_20260709,545
814,0.815,20,814,5,lomps_l5d20_relaxed_overnight_20260709,546
815,0.816,20,815,5,lomps_l5d20_relaxed_overnight_20260709,547
816,0.817,20,816,5,lomps_l5d20_relaxed_overnight_20260709,548
817,0.818,20,817,5,lomps_l5d20_relaxed_overnight_20260709,549
818,0.819,20,818,5,lomps_l5d20_relaxed_overnight_20260709,550
819,0.82,20,819,5,lomps_l5d20_relaxed_overnight_20260709,551
820,0.821,20,820,5,lomps_l5d20_relaxed_overnight_20260709,552
821,0.822,20,821,5,lomps_l5d20_relaxed_overnight_20260709,553
822,0.823,20,822,5,lomps_l5d20_relaxed_overnight_20260709,554
823,0.824,20,823,5,lomps_l5d20_relaxed_overnight_20260709,555
824,0.825,20,824,5,lomps_l5d20_relaxed_overnight_20260709,556
825,0.826,20,825,5,lomps_l5d20_relaxed_overnight_20260709,557
826,0.827,20,826,5,lomps_l5d20_relaxed_overnight_20260709,558
827,0.828,20,827,5,lomps_l5d20_relaxed_overnight_20260709,559
828,0.829,20,828,5,lomps_l5d20_relaxed_overnight_20260709,560
829,0.83,20,829,5,lomps_l5d20_relaxed_overnight_20260709,561
830,0.831,20,830,5,lomps_l5d20_relaxed_overnight_20260709,562
831,0.832,20,831,5,lomps_l5d20_relaxed_overnight_20260709,563
832,0.833,20,832,5,lomps_l5d20_relaxed_overnight_20260709,564
833,0.834,20,833,5,lomps_l5d20_relaxed_overnight_20260709,565
834,0.835,20,834,5,lomps_l5d20_relaxed_overnight_20260709,566
835,0.836,20,835,5,lomps_l5d20_relaxed_overnight_20260709,567
836,0.837,20,836,5,lomps_l5d20_relaxed_overnight_20260709,568
837,0.838,20,837,5,lomps_l5d20_relaxed_overnight_20260709,569
838,0.839,20,838,5,lomps_l5d20_relaxed_overnight_20260709,570
839,0.84,20,839,5,lomps_l5d20_relaxed_overnight_20260709,571
840,0.841,20,840,5,lomps_l5d20_relaxed_overnight_20260709,572
841,0.842,20,841,5,lomps_l5d20_relaxed_overnight_20260709,573
842,0.843,20,842,5,lomps_l5d20_relaxed_overnight_20260709,574
843,0.844,20,843,5,lomps_l5d20_relaxed_overnight_20260709,575
844,0.845,20,844,5,lomps_l5d20_relaxed_overnight_20260709,576
845,0.846,20,845,5,lomps_l5d20_relaxed_overnight_20260709,577
846,0.847,20,846,5,lomps_l5d20_relaxed_overnight_20260709,578
847,0.848,20,847,5,lomps_l5d20_relaxed_overnight_20260709,579
848,0.849,20,848,5,lomps_l5d20_relaxed_overnight_20260709,580
849,0.85,20,849,5,lomps_l5d20_relaxed_overnight_20260709,581
850,0.851,20,850,5,lomps_l5d20_relaxed_overnight_20260709,582
851,0.852,20,851,5,lomps_l5d20_relaxed_overnight_20260709,583
852,0.853,20,852,5,lomps_l5d20_relaxed_overnight_20260709,584
853,0.854,20,853,5,lomps_l5d20_relaxed_overnight_20260709,585
854,0.855,20,854,5,lomps_l5d20_relaxed_overnight_20260709,586
855,0.856,20,855,5,lomps_l5d20_relaxed_overnight_20260709,587
856,0.857,20,856,5,lomps_l5d20_relaxed_overnight_20260709,588
857,0.858,20,857,5,lomps_l5d20_relaxed_overnight_20260709,589
858,0.859,20,858,5,lomps_l5d20_relaxed_overnight_20260709,590
859,0.86,20,859,5,lomps_l5d20_relaxed_overnight_20260709,591
860,0.861,20,860,5,lomps_l5d20_relaxed_overnight_20260709,592
861,0.862,20,861,5,lomps_l5d20_relaxed_overnight_20260709,593
862,0.863,20,862,5,lomps_l5d20_relaxed_overnight_20260709,594
863,0.864,20,863,5,lomps_l5d20_relaxed_overnight_20260709,595
864,0.865,20,864,5,lomps_l5d20_relaxed_overnight_20260709,596
865,0.866,20,865,5,lomps_l5d20_relaxed_overnight_20260709,597
866,0.867,20,866,5,lomps_l5d20_relaxed_overnight_20260709,598
867,0.868,20,867,5,lomps_l5d20_relaxed_overnight_20260709,599
868,0.869,20,868,5,lomps_l5d20_relaxed_overnight_20260709,600
869,0.87,20,869,5,lomps_l5d20_relaxed_overnight_20260709,601
870,0.871,20,870,5,lomps_l5d20_relaxed_overnight_20260709,602
871,0.872,20,871,5,lomps_l5d20_relaxed_overnight_20260709,603
872,0.873,20,872,5,lomps_l5d20_relaxed_overnight_20260709,604
873,0.874,20,873,5,lomps_l5d20_relaxed_overnight_20260709,605
874,0.875,20,874,5,lomps_l5d20_relaxed_overnight_20260709,606
875,0.876,20,875,5,lomps_l5d20_relaxed_overnight_20260709,607
876,0.877,20,876,5,lomps_l5d20_relaxed_overnight_20260709,608
877,0.878,20,877,5,lomps_l5d20_relaxed_overnight_20260709,609
878,0.879,20,878,5,lomps_l5d20_relaxed_overnight_20260709,610
879,0.88,20,879,5,lomps_l5d20_relaxed_overnight_20260709,611
880,0.881,20,880,5,lomps_l5d20_relaxed_overnight_20260709,612
881,0.882,20,881,5,lomps_l5d20_relaxed_overnight_20260709,613
882,0.883,20,882,5,lomps_l5d20_relaxed_overnight_20260709,614
883,0.884,20,883,5,lomps_l5d20_relaxed_overnight_20260709,615
884,0.885,20,884,5,lomps_l5d20_relaxed_overnight_20260709,616
885,0.886,20,885,5,lomps_l5d20_relaxed_overnight_20260709,617
886,0.887,20,886,5,lomps_l5d20_relaxed_overnight_20260709,618
887,0.888,20,887,5,lomps_l5d20_relaxed_overnight_20260709,619
888,0.889,20,888,5,lomps_l5d20_relaxed_overnight_20260709,620
889,0.89,20,889,5,lomps_l5d20_relaxed_overnight_20260709,621
890,0.891,20,890,5,lomps_l5d20_relaxed_overnight_20260709,622
891,0.892,20,891,5,lomps_l5d20_relaxed_overnight_20260709,623
892,0.893,20,892,5,lomps_l5d20_relaxed_overnight_20260709,624
893,0.894,20,893,5,lomps_l5d20_relaxed_overnight_20260709,625
894,0.895,20,894,5,lomps_l5d20_relaxed_overnight_20260709,626
895,0.896,20,895,5,lomps_l5d20_relaxed_overnight_20260709,627
896,0.897,20,896,5,lomps_l5d20_relaxed_overnight_20260709,628
897,0.898,20,897,5,lomps_l5d20_relaxed_overnight_20260709,629
898,0.899,20,898,5,lomps_l5d20_relaxed_overnight_20260709,630
899,0.9,20,899,5,lomps_l5d20_relaxed_overnight_20260709,631
900,0.901,20,900,5,lomps_l5d20_relaxed_overnight_20260709,632
901,0.902,20,901,5,lomps_l5d20_relaxed_overnight_20260709,633
902,0.903,20,902,5,lomps_l5d20_relaxed_overnight_20260709,634
903,0.904,20,903,5,lomps_l5d20_relaxed_overnight_20260709,635
904,0.905,20,904,5,lomps_l5d20_relaxed_overnight_20260709,636
905,0.906,20,905,5,lomps_l5d20_relaxed_overnight_20260709,637
906,0.907,20,906,5,lomps_l5d20_relaxed_overnight_20260709,638
907,0.908,20,907,5,lomps_l5d20_relaxed_overnight_20260709,639
908,0.909,20,908,5,lomps_l5d20_relaxed_overnight_20260709,640
909,0.91,20,909,5,lomps_l5d20_relaxed_overnight_20260709,641
910,0.911,20,910,5,lomps_l5d20_relaxed_overnight_20260709,642
911,0.912,20,911,5,lomps_l5d20_relaxed_overnight_20260709,643
912,0.913,20,912,5,lomps_l5d20_relaxed_overnight_20260709,644
913,0.914,20,913,5,lomps_l5d20_relaxed_overnight_20260709,645
914,0.915,20,914,5,lomps_l5d20_relaxed_overnight_20260709,646
915,0.916,20,915,5,lomps_l5d20_relaxed_overnight_20260709,647
916,0.917,20,916,5,lomps_l5d20_relaxed_overnight_20260709,648
917,0.918,20,917,5,lomps_l5d20_relaxed_overnight_20260709,649
918,0.919,20,918,5,lomps_l5d20_relaxed_overnight_20260709,650
919,0.92,20,919,5,lomps_l5d20_relaxed_overnight_20260709,651
920,0.921,20,920,5,lomps_l5d20_relaxed_overnight_20260709,652
921,0.922,20,921,5,lomps_l5d20_relaxed_overnight_20260709,653
922,0.923,20,922,5,lomps_l5d20_relaxed_overnight_20260709,654
923,0.924,20,923,5,lomps_l5d20_relaxed_overnight_20260709,655
924,0.925,20,924,5,lomps_l5d20_relaxed_overnight_20260709,656
925,0.926,20,925,5,lomps_l5d20_relaxed_overnight_20260709,657
926,0.927,20,926,5,lomps_l5d20_relaxed_overnight_20260709,658
927,0.928,20,927,5,lomps_l5d20_relaxed_overnight_20260709,659
928,0.929,20,928,5,lomps_l5d20_relaxed_overnight_20260709,660
929,0.93,20,929,5,lomps_l5d20_relaxed_overnight_20260709,661
930,0.931,20,930,5,lomps_l5d20_relaxed_overnight_20260709,662
931,0.932,20,931,5,lomps_l5d20_relaxed_overnight_20260709,663
932,0.933,20,932,5,lomps_l5d20_relaxed_overnight_20260709,664
933,0.934,20,933,5,lomps_l5d20_relaxed_overnight_20260709,665
934,0.935,20,934,5,lomps_l5d20_relaxed_overnight_20260709,666
935,0.936,20,935,5,lomps_l5d20_relaxed_overnight_20260709,667
936,0.937,20,936,5,lomps_l5d20_relaxed_overnight_20260709,668
937,0.938,20,937,5,lomps_l5d20_relaxed_overnight_20260709,669
938,0.939,20,938,5,lomps_l5d20_relaxed_overnight_20260709,670
939,0.94,20,939,5,lomps_l5d20_relaxed_overnight_20260709,671
940,0.941,20,940,5,lomps_l5d20_relaxed_overnight_20260709,672
941,0.942,20,941,5,lomps_l5d20_relaxed_overnight_20260709,673
942,0.943,20,942,5,lomps_l5d20_relaxed_overnight_20260709,674
943,0.944,20,943,5,lomps_l5d20_relaxed_overnight_20260709,675
944,0.945,20,944,5,lomps_l5d20_relaxed_overnight_20260709,676
945,0.946,20,945,5,lomps_l5d20_relaxed_overnight_20260709,677
946,0.947,20,946,5,lomps_l5d20_relaxed_overnight_20260709,678
947,0.948,20,947,5,lomps_l5d20_relaxed_overnight_20260709,679
948,0.949,20,948,5,lomps_l5d20_relaxed_overnight_20260709,680
949,0.95,20,949,5,lomps_l5d20_relaxed_overnight_20260709,681
950,0.951,20,950,5,lomps_l5d20_relaxed_overnight_20260709,682
951,0.952,20,951,5,lomps_l5d20_relaxed_overnight_20260709,683
952,0.953,20,952,5,lomps_l5d20_relaxed_overnight_20260709,684
953,0.954,20,953,5,lomps_l5d20_relaxed_overnight_20260709,685
954,0.955,20,954,5,lomps_l5d20_relaxed_overnight_20260709,686
955,0.956,20,955,5,lomps_l5d20_relaxed_overnight_20260709,687
956,0.957,20,956,5,lomps_l5d20_relaxed_overnight_20260709,688
957,0.958,20,957,5,lomps_l5d20_relaxed_overnight_20260709,689
958,0.959,20,958,5,lomps_l5d20_relaxed_overnight_20260709,690
959,0.96,20,959,5,lomps_l5d20_relaxed_overnight_20260709,691
960,0.961,20,960,5,lomps_l5d20_relaxed_overnight_20260709,692
961,0.962,20,961,5,lomps_l5d20_relaxed_overnight_20260709,693
962,0.963,20,962,5,lomps_l5d20_relaxed_overnight_20260709,694
963,0.964,20,963,5,lomps_l5d20_relaxed_overnight_20260709,695
964,0.965,20,964,5,lomps_l5d20_relaxed_overnight_20260709,696
965,0.966,20,965,5,lomps_l5d20_relaxed_overnight_20260709,697
966,0.967,20,966,5,lomps_l5d20_relaxed_overnight_20260709,698
967,0.968,20,967,5,lomps_l5d20_relaxed_overnight_20260709,699
968,0.969,20,968,5,lomps_l5d20_relaxed_overnight_20260709,700
969,0.97,20,969,5,lomps_l5d20_relaxed_overnight_20260709,701
970,0.971,20,970,5,lomps_l5d20_relaxed_overnight_20260709,702
971,0.972,20,971,5,lomps_l5d20_relaxed_overnight_20260709,703
972,0.973,20,972,5,lomps_l5d20_relaxed_overnight_20260709,704
973,0.974,20,973,5,lomps_l5d20_relaxed_overnight_20260709,705
974,0.975,20,974,5,lomps_l5d20_relaxed_overnight_20260709,706
975,0.976,20,975,5,lomps_l5d20_relaxed_overnight_20260709,707
976,0.977,20,976,5,lomps_l5d20_relaxed_overnight_20260709,708
977,0.978,20,977,5,lomps_l5d20_relaxed_overnight_20260709,709
978,0.979,20,978,5,lomps_l5d20_relaxed_overnight_20260709,710
979,0.98,20,979,5,lomps_l5d20_relaxed_overnight_20260709,711
980,0.981,20,980,5,lomps_l5d20_relaxed_overnight_20260709,712
981,0.982,20,981,5,lomps_l5d20_relaxed_overnight_20260709,713
982,0.983,20,982,5,lomps_l5d20_relaxed_overnight_20260709,714
983,0.984,20,983,5,lomps_l5d20_relaxed_overnight_20260709,715
984,0.985,20,984,5,lomps_l5d20_relaxed_overnight_20260709,716
985,0.986,20,985,5,lomps_l5d20_relaxed_overnight_20260709,717
986,0.987,20,986,5,lomps_l5d20_relaxed_overnight_20260709,718
987,0.988,20,987,5,lomps_l5d20_relaxed_overnight_20260709,719
988,0.989,20,988,5,lomps_l5d20_relaxed_overnight_20260709,720
989,0.99,20,989,5,lomps_l5d20_relaxed_overnight_20260709,721
990,0.991,20,990,5,lomps_l5d20_relaxed_overnight_20260709,722
991,0.992,20,991,5,lomps_l5d20_relaxed_overnight_20260709,723
992,0.993,20,992,5,lomps_l5d20_relaxed_overnight_20260709,724
993,0.994,20,993,5,lomps_l5d20_relaxed_overnight_20260709,725
994,0.995,20,994,5,lomps_l5d20_relaxed_overnight_20260709,726
995,0.996,20,995,5,lomps_l5d20_relaxed_overnight_20260709,727
996,0.997,20,996,5,lomps_l5d20_relaxed_overnight_20260709,728
997,0.998,20,997,5,lomps_l5d20_relaxed_overnight_20260709,729
998,0.999,20,998,5,lomps_l5d20_relaxed_overnight_20260709,730
999,1,20,999,5,lomps_l5d20_relaxed_overnight_20260709,731
1000,1.001,20,1000,5,lomps_l5d20_relaxed_overnight_20260709,732
1001,1.002,20,1001,5,lomps_l5d20_relaxed_overnight_20260709,733
1002,1.003,20,1002,5,lomps_l5d20_relaxed_overnight_20260709,734
1003,1.004,20,1003,5,lomps_l5d20_relaxed_overnight_20260709,735
1004,1.005,20,1004,5,lomps_l5d20_relaxed_overnight_20260709,736
1005,1.006,20,1005,5,lomps_l5d20_relaxed_overnight_20260709,737
1006,1.007,20,1006,5,lomps_l5d20_relaxed_overnight_20260709,738
1007,1.008,20,1007,5,lomps_l5d20_relaxed_overnight_20260709,739
1008,1.009,20,1008,5,lomps_l5d20_relaxed_overnight_20260709,740
1009,1.01,20,1009,5,lomps_l5d20_relaxed_overnight_20260709,741
1010,1.011,20,1010,6,lomps_l5d20_relaxed_10h_from_t1p010_20260710,1
1011,1.012,20,1011,6,lomps_l5d20_relaxed_10h_from_t1p010_20260710,2
1012,1.013,20,1012,6,lomps_l5d20_relaxed_10h_from_t1p010_20260710,3
1013,1.014,20,1013,6,lomps_l5d20_relaxed_10h_from_t1p010_20260710,4
1014,1.015,20,1014,6,lomps_l5d20_relaxed_10h_from_t1p010_20260710,5
1015,1.016,20,1015,6,lomps_l5d20_relaxed_10h_from_t1p010_20260710,6
1016,1.017,20,1016,6,lomps_l5d20_relaxed_10h_from_t1p010_20260710,7
1017,1.018,20,1017,6,lomps_l5d20_relaxed_10h_from_t1p010_20260710,8
1018,1.019,20,1018,6,lomps_l5d20_relaxed_10h_from_t1p010_20260710,9
1019,1.02,20,1019,6,lomps_l5d20_relaxed_10h_from_t1p010_20260710,10
1020,1.021,20,1020,6,lomps_l5d20_relaxed_10h_from_t1p010_20260710,11
1021,1.022,20,1021,6,lomps_l5d20_relaxed_10h_from_t1p010_20260710,12
1022,1.023,20,1022,6,lomps_l5d20_relaxed_10h_from_t1p010_20260710,13
1023,1.024,20,1023,6,lomps_l5d20_relaxed_10h_from_t1p010_20260710,14
1024,1.025,20,1024,6,lomps_l5d20_relaxed_10h_from_t1p010_20260710,15
1025,1.026,20,1025,6,lomps_l5d20_relaxed_10h_from_t1p010_20260710,16
1026,1.027,20,1026,6,lomps_l5d20_relaxed_10h_from_t1p010_20260710,17
1027,1.028,20,1027,6,lomps_l5d20_relaxed_10h_from_t1p010_20260710,18
1028,1.029,20,1028,6,lomps_l5d20_relaxed_10h_from_t1p010_20260710,19
1029,1.03,20,1029,6,lomps_l5d20_relaxed_10h_from_t1p010_20260710,20
1030,1.031,20,1030,6,lomps_l5d20_relaxed_10h_from_t1p010_20260710,21
1031,1.032,20,1031,6,lomps_l5d20_relaxed_10h_from_t1p010_20260710,22
1032,1.033,20,1032,6,lomps_l5d20_relaxed_10h_from_t1p010_20260710,23
1033,1.034,20,1033,6,lomps_l5d20_relaxed_10h_from_t1p010_20260710,24
1034,1.035,20,1034,6,lomps_l5d20_relaxed_10h_from_t1p010_20260710,25
1035,1.036,20,1035,6,lomps_l5d20_relaxed_10h_from_t1p010_20260710,26
1036,1.037,20,1036,6,lomps_l5d20_relaxed_10h_from_t1p010_20260710,27
1037,1.038,20,1037,6,lomps_l5d20_relaxed_10h_from_t1p010_20260710,28
1038,1.039,20,1038,6,lomps_l5d20_relaxed_10h_from_t1p010_20260710,29
1039,1.04,20,1039,6,lomps_l5d20_relaxed_10h_from_t1p010_20260710,30
1040,1.041,20,1040,6,lomps_l5d20_relaxed_10h_from_t1p010_20260710,31
1041,1.042,20,1041,6,lomps_l5d20_relaxed_10h_from_t1p010_20260710,32
1042,1.043,20,1042,6,lomps_l5d20_relaxed_10h_from_t1p010_20260710,33
1043,1.044,20,1043,6,lomps_l5d20_relaxed_10h_from_t1p010_20260710,34
1044,1.045,20,1044,6,lomps_l5d20_relaxed_10h_from_t1p010_20260710,35
1045,1.046,20,1045,6,lomps_l5d20_relaxed_10h_from_t1p010_20260710,36
1046,1.047,20,1046,6,lomps_l5d20_relaxed_10h_from_t1p010_20260710,37
1047,1.048,20,1047,6,lomps_l5d20_relaxed_10h_from_t1p010_20260710,38
1048,1.049,20,1048,6,lomps_l5d20_relaxed_10h_from_t1p010_20260710,39
1049,1.05,20,1049,6,lomps_l5d20_relaxed_10h_from_t1p010_20260710,40
1050,1.051,20,1050,6,lomps_l5d20_relaxed_10h_from_t1p010_20260710,41
1051,1.052,20,1051,6,lomps_l5d20_relaxed_10h_from_t1p010_20260710,42
1052,1.053,20,1052,6,lomps_l5d20_relaxed_10h_from_t1p010_20260710,43
1053,1.054,20,1053,6,lomps_l5d20_relaxed_10h_from_t1p010_20260710,44
1054,1.055,20,1054,6,lomps_l5d20_relaxed_10h_from_t1p010_20260710,45
1055,1.056,20,1055,6,lomps_l5d20_relaxed_10h_from_t1p010_20260710,46
1056,1.057,20,1056,6,lomps_l5d20_relaxed_10h_from_t1p010_20260710,47
1057,1.058,20,1057,6,lomps_l5d20_relaxed_10h_from_t1p010_20260710,48
1058,1.059,20,1058,6,lomps_l5d20_relaxed_10h_from_t1p010_20260710,49
1059,1.06,20,1059,6,lomps_l5d20_relaxed_10h_from_t1p010_20260710,50
1060,1.061,20,1060,6,lomps_l5d20_relaxed_10h_from_t1p010_20260710,51
1061,1.062,20,1061,6,lomps_l5d20_relaxed_10h_from_t1p010_20260710,52
1062,1.063,20,1062,6,lomps_l5d20_relaxed_10h_from_t1p010_20260710,53
1063,1.064,20,1063,6,lomps_l5d20_relaxed_10h_from_t1p010_20260710,54
1064,1.065,20,1064,6,lomps_l5d20_relaxed_10h_from_t1p010_20260710,55
1065,1.066,20,1065,6,lomps_l5d20_relaxed_10h_from_t1p010_20260710,56
1066,1.067,20,1066,6,lomps_l5d20_relaxed_10h_from_t1p010_20260710,57
1067,1.068,20,1067,6,lomps_l5d20_relaxed_10h_from_t1p010_20260710,58
1068,1.069,20,1068,6,lomps_l5d20_relaxed_10h_from_t1p010_20260710,59
1069,1.07,20,1069,6,lomps_l5d20_relaxed_10h_from_t1p010_20260710,60
1070,1.071,20,1070,6,lomps_l5d20_relaxed_10h_from_t1p010_20260710,61
1071,1.072,20,1071,6,lomps_l5d20_relaxed_10h_from_t1p010_20260710,62
1072,1.073,20,1072,6,lomps_l5d20_relaxed_10h_from_t1p010_20260710,63
1073,1.074,20,1073,6,lomps_l5d20_relaxed_10h_from_t1p010_20260710,64
1074,1.075,20,1074,6,lomps_l5d20_relaxed_10h_from_t1p010_20260710,65
1075,1.076,20,1075,6,lomps_l5d20_relaxed_10h_from_t1p010_20260710,66
1076,1.077,20,1076,6,lomps_l5d20_relaxed_10h_from_t1p010_20260710,67
1077,1.078,20,1077,6,lomps_l5d20_relaxed_10h_from_t1p010_20260710,68
1078,1.079,20,1078,6,lomps_l5d20_relaxed_10h_from_t1p010_20260710,69
1079,1.08,20,1079,6,lomps_l5d20_relaxed_10h_from_t1p010_20260710,70
1080,1.081,20,1080,6,lomps_l5d20_relaxed_10h_from_t1p010_20260710,71
1081,1.082,20,1081,6,lomps_l5d20_relaxed_10h_from_t1p010_20260710,72
1082,1.083,20,1082,6,lomps_l5d20_relaxed_10h_from_t1p010_20260710,73
1083,1.084,20,1083,6,lomps_l5d20_relaxed_10h_from_t1p010_20260710,74
1084,1.085,20,1084,6,lomps_l5d20_relaxed_10h_from_t1p010_20260710,75
1085,1.086,20,1085,6,lomps_l5d20_relaxed_10h_from_t1p010_20260710,76
1086,1.087,20,1086,6,lomps_l5d20_relaxed_10h_from_t1p010_20260710,77
1087,1.088,20,1087,6,lomps_l5d20_relaxed_10h_from_t1p010_20260710,78
1088,1.089,20,1088,6,lomps_l5d20_relaxed_10h_from_t1p010_20260710,79
1089,1.09,20,1089,6,lomps_l5d20_relaxed_10h_from_t1p010_20260710,80
1090,1.091,20,1090,6,lomps_l5d20_relaxed_10h_from_t1p010_20260710,81
1091,1.092,20,1091,6,lomps_l5d20_relaxed_10h_from_t1p010_20260710,82
1092,1.093,20,1092,6,lomps_l5d20_relaxed_10h_from_t1p010_20260710,83
1093,1.094,20,1093,6,lomps_l5d20_relaxed_10h_from_t1p010_20260710,84
1094,1.095,20,1094,6,lomps_l5d20_relaxed_10h_from_t1p010_20260710,85
1095,1.096,20,1095,6,lomps_l5d20_relaxed_10h_from_t1p010_20260710,86
1096,1.097,20,1096,6,lomps_l5d20_relaxed_10h_from_t1p010_20260710,87
1097,1.098,20,1097,6,lomps_l5d20_relaxed_10h_from_t1p010_20260710,88
1098,1.099,20,1098,6,lomps_l5d20_relaxed_10h_from_t1p010_20260710,89
1099,1.1,20,1099,6,lomps_l5d20_relaxed_10h_from_t1p010_20260710,90
1100,1.101,20,1100,6,lomps_l5d20_relaxed_10h_from_t1p010_20260710,91
1101,1.102,20,1101,6,lomps_l5d20_relaxed_10h_from_t1p010_20260710,92
1102,1.103,20,1102,6,lomps_l5d20_relaxed_10h_from_t1p010_20260710,93
1103,1.104,20,1103,6,lomps_l5d20_relaxed_10h_from_t1p010_20260710,94
1104,1.105,20,1104,6,lomps_l5d20_relaxed_10h_from_t1p010_20260710,95
1105,1.106,20,1105,6,lomps_l5d20_relaxed_10h_from_t1p010_20260710,96
1106,1.107,20,1106,6,lomps_l5d20_relaxed_10h_from_t1p010_20260710,97
1107,1.108,20,1107,6,lomps_l5d20_relaxed_10h_from_t1p010_20260710,98
1108,1.109,20,1108,6,lomps_l5d20_relaxed_10h_from_t1p010_20260710,99
1109,1.11,20,1109,6,lomps_l5d20_relaxed_10h_from_t1p010_20260710,100
1110,1.111,20,1110,6,lomps_l5d20_relaxed_10h_from_t1p010_20260710,101
1111,1.112,20,1111,6,lomps_l5d20_relaxed_10h_from_t1p010_20260710,102
1112,1.113,20,1112,6,lomps_l5d20_relaxed_10h_from_t1p010_20260710,103
1113,1.114,20,1113,6,lomps_l5d20_relaxed_10h_from_t1p010_20260710,104
1114,1.115,20,1114,6,lomps_l5d20_relaxed_10h_from_t1p010_20260710,105
1115,1.116,20,1115,6,lomps_l5d20_relaxed_10h_from_t1p010_20260710,106
1116,1.117,20,1116,6,lomps_l5d20_relaxed_10h_from_t1p010_20260710,107
1117,1.118,20,1117,6,lomps_l5d20_relaxed_10h_from_t1p010_20260710,108
1118,1.119,20,1118,6,lomps_l5d20_relaxed_10h_from_t1p010_20260710,109
1119,1.12,20,1119,6,lomps_l5d20_relaxed_10h_from_t1p010_20260710,110
1120,1.121,20,1120,6,lomps_l5d20_relaxed_10h_from_t1p010_20260710,111
1121,1.122,20,1121,6,lomps_l5d20_relaxed_10h_from_t1p010_20260710,112
1122,1.123,20,1122,6,lomps_l5d20_relaxed_10h_from_t1p010_20260710,113
1123,1.124,20,1123,6,lomps_l5d20_relaxed_10h_from_t1p010_20260710,114
1124,1.125,20,1124,6,lomps_l5d20_relaxed_10h_from_t1p010_20260710,115
1125,1.126,20,1125,6,lomps_l5d20_relaxed_10h_from_t1p010_20260710,116
1126,1.127,20,1126,6,lomps_l5d20_relaxed_10h_from_t1p010_20260710,117
1127,1.128,20,1127,6,lomps_l5d20_relaxed_10h_from_t1p010_20260710,118
1128,1.129,20,1128,6,lomps_l5d20_relaxed_10h_from_t1p010_20260710,119
1129,1.13,20,1129,6,lomps_l5d20_relaxed_10h_from_t1p010_20260710,120
1130,1.131,20,1130,6,lomps_l5d20_relaxed_10h_from_t1p010_20260710,121
1131,1.132,20,1131,6,lomps_l5d20_relaxed_10h_from_t1p010_20260710,122
1132,1.133,20,1132,6,lomps_l5d20_relaxed_10h_from_t1p010_20260710,123
1133,1.134,20,1133,6,lomps_l5d20_relaxed_10h_from_t1p010_20260710,124
1134,1.135,20,1134,6,lomps_l5d20_relaxed_10h_from_t1p010_20260710,125
1135,1.136,20,1135,6,lomps_l5d20_relaxed_10h_from_t1p010_20260710,126
1136,1.137,20,1136,6,lomps_l5d20_relaxed_10h_from_t1p010_20260710,127
1137,1.138,20,1137,6,lomps_l5d20_relaxed_10h_from_t1p010_20260710,128
1138,1.139,20,1138,6,lomps_l5d20_relaxed_10h_from_t1p010_20260710,129
1139,1.14,20,1139,6,lomps_l5d20_relaxed_10h_from_t1p010_20260710,130
1140,1.141,20,1140,6,lomps_l5d20_relaxed_10h_from_t1p010_20260710,131
1141,1.142,20,1141,6,lomps_l5d20_relaxed_10h_from_t1p010_20260710,132
1142,1.143,20,1142,6,lomps_l5d20_relaxed_10h_from_t1p010_20260710,133
1143,1.144,20,1143,6,lomps_l5d20_relaxed_10h_from_t1p010_20260710,134
1144,1.145,20,1144,6,lomps_l5d20_relaxed_10h_from_t1p010_20260710,135
1145,1.146,20,1145,6,lomps_l5d20_relaxed_10h_from_t1p010_20260710,136
1146,1.147,20,1146,6,lomps_l5d20_relaxed_10h_from_t1p010_20260710,137
1147,1.148,20,1147,6,lomps_l5d20_relaxed_10h_from_t1p010_20260710,138
1148,1.149,20,1148,6,lomps_l5d20_relaxed_10h_from_t1p010_20260710,139
1149,1.15,20,1149,6,lomps_l5d20_relaxed_10h_from_t1p010_20260710,140
1150,1.151,20,1150,6,lomps_l5d20_relaxed_10h_from_t1p010_20260710,141
1151,1.152,20,1151,6,lomps_l5d20_relaxed_10h_from_t1p010_20260710,142
1152,1.153,20,1152,6,lomps_l5d20_relaxed_10h_from_t1p010_20260710,143
1153,1.154,20,1153,6,lomps_l5d20_relaxed_10h_from_t1p010_20260710,144
1154,1.155,20,1154,6,lomps_l5d20_relaxed_10h_from_t1p010_20260710,145
1155,1.156,20,1155,6,lomps_l5d20_relaxed_10h_from_t1p010_20260710,146
1156,1.157,20,1156,6,lomps_l5d20_relaxed_10h_from_t1p010_20260710,147
1157,1.158,20,1157,6,lomps_l5d20_relaxed_10h_from_t1p010_20260710,148
1158,1.159,20,1158,6,lomps_l5d20_relaxed_10h_from_t1p010_20260710,149
1159,1.16,20,1159,6,lomps_l5d20_relaxed_10h_from_t1p010_20260710,150
1160,1.161,20,1160,6,lomps_l5d20_relaxed_10h_from_t1p010_20260710,151
1161,1.162,20,1161,6,lomps_l5d20_relaxed_10h_from_t1p010_20260710,152
1162,1.163,20,1162,6,lomps_l5d20_relaxed_10h_from_t1p010_20260710,153
1163,1.164,20,1163,6,lomps_l5d20_relaxed_10h_from_t1p010_20260710,154
1164,1.165,20,1164,6,lomps_l5d20_relaxed_10h_from_t1p010_20260710,155
1165,1.166,20,1165,6,lomps_l5d20_relaxed_10h_from_t1p010_20260710,156
1166,1.167,20,1166,6,lomps_l5d20_relaxed_10h_from_t1p010_20260710,157
1167,1.168,20,1167,6,lomps_l5d20_relaxed_10h_from_t1p010_20260710,158
1168,1.169,20,1168,6,lomps_l5d20_relaxed_10h_from_t1p010_20260710,159
1169,1.17,20,1169,6,lomps_l5d20_relaxed_10h_from_t1p010_20260710,160
1170,1.171,20,1170,6,lomps_l5d20_relaxed_10h_from_t1p010_20260710,161
1171,1.172,20,1171,6,lomps_l5d20_relaxed_10h_from_t1p010_20260710,162
1172,1.173,20,1172,6,lomps_l5d20_relaxed_10h_from_t1p010_20260710,163
1173,1.174,20,1173,6,lomps_l5d20_relaxed_10h_from_t1p010_20260710,164
1174,1.175,20,1174,6,lomps_l5d20_relaxed_10h_from_t1p010_20260710,165
1175,1.176,20,1175,6,lomps_l5d20_relaxed_10h_from_t1p010_20260710,166
1176,1.177,20,1176,6,lomps_l5d20_relaxed_10h_from_t1p010_20260710,167
1177,1.178,20,1177,6,lomps_l5d20_relaxed_10h_from_t1p010_20260710,168
1178,1.179,20,1178,6,lomps_l5d20_relaxed_10h_from_t1p010_20260710,169
1179,1.18,20,1179,6,lomps_l5d20_relaxed_10h_from_t1p010_20260710,170
1180,1.181,20,1180,6,lomps_l5d20_relaxed_10h_from_t1p010_20260710,171
1181,1.182,20,1181,6,lomps_l5d20_relaxed_10h_from_t1p010_20260710,172
1182,1.183,20,1182,6,lomps_l5d20_relaxed_10h_from_t1p010_20260710,173
1183,1.184,20,1183,6,lomps_l5d20_relaxed_10h_from_t1p010_20260710,174
1184,1.185,20,1184,6,lomps_l5d20_relaxed_10h_from_t1p010_20260710,175
1185,1.186,20,1185,6,lomps_l5d20_relaxed_10h_from_t1p010_20260710,176
1186,1.187,20,1186,6,lomps_l5d20_relaxed_10h_from_t1p010_20260710,177
1187,1.188,20,1187,6,lomps_l5d20_relaxed_10h_from_t1p010_20260710,178
1188,1.189,20,1188,6,lomps_l5d20_relaxed_10h_from_t1p010_20260710,179
1189,1.19,20,1189,6,lomps_l5d20_relaxed_10h_from_t1p010_20260710,180
1190,1.191,20,1190,6,lomps_l5d20_relaxed_10h_from_t1p010_20260710,181
1191,1.192,20,1191,6,lomps_l5d20_relaxed_10h_from_t1p010_20260710,182
1192,1.193,20,1192,6,lomps_l5d20_relaxed_10h_from_t1p010_20260710,183
1193,1.194,20,1193,6,lomps_l5d20_relaxed_10h_from_t1p010_20260710,184
1194,1.195,20,1194,6,lomps_l5d20_relaxed_10h_from_t1p010_20260710,185
1195,1.196,20,1195,6,lomps_l5d20_relaxed_10h_from_t1p010_20260710,186
1196,1.197,20,1196,6,lomps_l5d20_relaxed_10h_from_t1p010_20260710,187
1197,1.198,20,1197,6,lomps_l5d20_relaxed_10h_from_t1p010_20260710,188
1198,1.199,20,1198,6,lomps_l5d20_relaxed_10h_from_t1p010_20260710,189
1199,1.2,20,1199,6,lomps_l5d20_relaxed_10h_from_t1p010_20260710,190
1200,1.201,20,1200,6,lomps_l5d20_relaxed_10h_from_t1p010_20260710,191
1201,1.202,20,1201,6,lomps_l5d20_relaxed_10h_from_t1p010_20260710,192
1202,1.203,20,1202,6,lomps_l5d20_relaxed_10h_from_t1p010_20260710,193
1203,1.204,20,1203,6,lomps_l5d20_relaxed_10h_from_t1p010_20260710,194
1204,1.205,20,1204,6,lomps_l5d20_relaxed_10h_from_t1p010_20260710,195
1205,1.206,20,1205,6,lomps_l5d20_relaxed_10h_from_t1p010_20260710,196
1206,1.207,20,1206,6,lomps_l5d20_relaxed_10h_from_t1p010_20260710,197
1207,1.208,20,1207,6,lomps_l5d20_relaxed_10h_from_t1p010_20260710,198
1208,1.209,20,1208,6,lomps_l5d20_relaxed_10h_from_t1p010_20260710,199
1209,1.21,20,1209,6,lomps_l5d20_relaxed_10h_from_t1p010_20260710,200
1210,1.211,20,1210,6,lomps_l5d20_relaxed_10h_from_t1p010_20260710,201
1211,1.212,20,1211,6,lomps_l5d20_relaxed_10h_from_t1p010_20260710,202
1212,1.213,20,1212,6,lomps_l5d20_relaxed_10h_from_t1p010_20260710,203
1213,1.214,20,1213,6,lomps_l5d20_relaxed_10h_from_t1p010_20260710,204
1214,1.215,20,1214,6,lomps_l5d20_relaxed_10h_from_t1p010_20260710,205
1215,1.216,20,1215,6,lomps_l5d20_relaxed_10h_from_t1p010_20260710,206
1216,1.217,20,1216,6,lomps_l5d20_relaxed_10h_from_t1p010_20260710,207
1217,1.218,20,1217,6,lomps_l5d20_relaxed_10h_from_t1p010_20260710,208
1218,1.219,20,1218,6,lomps_l5d20_relaxed_10h_from_t1p010_20260710,209
1219,1.22,20,1219,6,lomps_l5d20_relaxed_10h_from_t1p010_20260710,210
1220,1.221,20,1220,6,lomps_l5d20_relaxed_10h_from_t1p010_20260710,211
1221,1.222,20,1221,6,lomps_l5d20_relaxed_10h_from_t1p010_20260710,212
1222,1.223,20,1222,6,lomps_l5d20_relaxed_10h_from_t1p010_20260710,213
1223,1.224,20,1223,6,lomps_l5d20_relaxed_10h_from_t1p010_20260710,214
1224,1.225,20,1224,6,lomps_l5d20_relaxed_10h_from_t1p010_20260710,215
1225,1.226,20,1225,6,lomps_l5d20_relaxed_10h_from_t1p010_20260710,216
1226,1.227,20,1226,6,lomps_l5d20_relaxed_10h_from_t1p010_20260710,217
1227,1.228,20,1227,6,lomps_l5d20_relaxed_10h_from_t1p010_20260710,218
1228,1.229,20,1228,6,lomps_l5d20_relaxed_10h_from_t1p010_20260710,219
1229,1.23,20,1229,6,lomps_l5d20_relaxed_10h_from_t1p010_20260710,220
1230,1.231,20,1230,6,lomps_l5d20_relaxed_10h_from_t1p010_20260710,221
1231,1.232,20,1231,6,lomps_l5d20_relaxed_10h_from_t1p010_20260710,222
1232,1.233,20,1232,6,lomps_l5d20_relaxed_10h_from_t1p010_20260710,223
1233,1.234,20,1233,6,lomps_l5d20_relaxed_10h_from_t1p010_20260710,224
1234,1.235,20,1234,6,lomps_l5d20_relaxed_10h_from_t1p010_20260710,225
1235,1.236,20,1235,6,lomps_l5d20_relaxed_10h_from_t1p010_20260710,226
1236,1.237,20,1236,6,lomps_l5d20_relaxed_10h_from_t1p010_20260710,227
1237,1.238,20,1237,6,lomps_l5d20_relaxed_10h_from_t1p010_20260710,228
1238,1.239,20,1238,6,lomps_l5d20_relaxed_10h_from_t1p010_20260710,229
1239,1.24,20,1239,6,lomps_l5d20_relaxed_10h_from_t1p010_20260710,230
1240,1.241,20,1240,6,lomps_l5d20_relaxed_10h_from_t1p010_20260710,231
1241,1.242,20,1241,6,lomps_l5d20_relaxed_10h_from_t1p010_20260710,232
1242,1.243,20,1242,6,lomps_l5d20_relaxed_10h_from_t1p010_20260710,233
1243,1.244,20,1243,6,lomps_l5d20_relaxed_10h_from_t1p010_20260710,234
1244,1.245,20,1244,6,lomps_l5d20_relaxed_10h_from_t1p010_20260710,235
1245,1.246,20,1245,6,lomps_l5d20_relaxed_10h_from_t1p010_20260710,236
1246,1.247,20,1246,6,lomps_l5d20_relaxed_10h_from_t1p010_20260710,237
1247,1.248,20,1247,6,lomps_l5d20_relaxed_10h_from_t1p010_20260710,238
1248,1.249,20,1248,6,lomps_l5d20_relaxed_10h_from_t1p010_20260710,239
1249,1.25,20,1249,6,lomps_l5d20_relaxed_10h_from_t1p010_20260710,240
1250,1.251,20,1250,6,lomps_l5d20_relaxed_10h_from_t1p010_20260710,241
1251,1.252,20,1251,6,lomps_l5d20_relaxed_10h_from_t1p010_20260710,242
1252,1.253,20,1252,6,lomps_l5d20_relaxed_10h_from_t1p010_20260710,243
1253,1.254,20,1253,6,lomps_l5d20_relaxed_10h_from_t1p010_20260710,244
1254,1.255,20,1254,6,lomps_l5d20_relaxed_10h_from_t1p010_20260710,245
1255,1.256,20,1255,6,lomps_l5d20_relaxed_10h_from_t1p010_20260710,246
1256,1.257,20,1256,6,lomps_l5d20_relaxed_10h_from_t1p010_20260710,247
1257,1.258,20,1257,6,lomps_l5d20_relaxed_10h_from_t1p010_20260710,248
1258,1.259,20,1258,6,lomps_l5d20_relaxed_10h_from_t1p010_20260710,249
1259,1.26,20,1259,6,lomps_l5d20_relaxed_10h_from_t1p010_20260710,250
1260,1.261,20,1260,6,lomps_l5d20_relaxed_10h_from_t1p010_20260710,251
1261,1.262,20,1261,6,lomps_l5d20_relaxed_10h_from_t1p010_20260710,252
1262,1.263,20,1262,6,lomps_l5d20_relaxed_10h_from_t1p010_20260710,253
1263,1.264,20,1263,6,lomps_l5d20_relaxed_10h_from_t1p010_20260710,254
1264,1.265,20,1264,6,lomps_l5d20_relaxed_10h_from_t1p010_20260710,255
1265,1.266,20,1265,6,lomps_l5d20_relaxed_10h_from_t1p010_20260710,256
1266,1.267,20,1266,6,lomps_l5d20_relaxed_10h_from_t1p010_20260710,257
1267,1.268,20,1267,6,lomps_l5d20_relaxed_10h_from_t1p010_20260710,258
1268,1.269,20,1268,6,lomps_l5d20_relaxed_10h_from_t1p010_20260710,259
1269,1.27,20,1269,6,lomps_l5d20_relaxed_10h_from_t1p010_20260710,260
1270,1.271,20,1270,6,lomps_l5d20_relaxed_10h_from_t1p010_20260710,261
1271,1.272,20,1271,6,lomps_l5d20_relaxed_10h_from_t1p010_20260710,262
1272,1.273,20,1272,6,lomps_l5d20_relaxed_10h_from_t1p010_20260710,263
1273,1.274,20,1273,6,lomps_l5d20_relaxed_10h_from_t1p010_20260710,264
1274,1.275,20,1274,6,lomps_l5d20_relaxed_10h_from_t1p010_20260710,265
1275,1.276,20,1275,6,lomps_l5d20_relaxed_10h_from_t1p010_20260710,266
1276,1.277,20,1276,6,lomps_l5d20_relaxed_10h_from_t1p010_20260710,267
1277,1.278,20,1277,6,lomps_l5d20_relaxed_10h_from_t1p010_20260710,268
1278,1.279,20,1278,6,lomps_l5d20_relaxed_10h_from_t1p010_20260710,269
1279,1.28,20,1279,6,lomps_l5d20_relaxed_10h_from_t1p010_20260710,270
1280,1.281,20,1280,6,lomps_l5d20_relaxed_10h_from_t1p010_20260710,271
1281,1.282,20,1281,6,lomps_l5d20_relaxed_10h_from_t1p010_20260710,272
1282,1.283,20,1282,6,lomps_l5d20_relaxed_10h_from_t1p010_20260710,273
1283,1.284,20,1283,6,lomps_l5d20_relaxed_10h_from_t1p010_20260710,274
1284,1.285,20,1284,6,lomps_l5d20_relaxed_10h_from_t1p010_20260710,275
1285,1.286,20,1285,6,lomps_l5d20_relaxed_10h_from_t1p010_20260710,276
1286,1.287,20,1286,6,lomps_l5d20_relaxed_10h_from_t1p010_20260710,277
1287,1.288,20,1287,6,lomps_l5d20_relaxed_10h_from_t1p010_20260710,278
1288,1.289,20,1288,6,lomps_l5d20_relaxed_10h_from_t1p010_20260710,279
1289,1.29,20,1289,6,lomps_l5d20_relaxed_10h_from_t1p010_20260710,280
1290,1.291,20,1290,6,lomps_l5d20_relaxed_10h_from_t1p010_20260710,281
1291,1.292,20,1291,6,lomps_l5d20_relaxed_10h_from_t1p010_20260710,282
1292,1.293,20,1292,6,lomps_l5d20_relaxed_10h_from_t1p010_20260710,283
1293,1.294,20,1293,6,lomps_l5d20_relaxed_10h_from_t1p010_20260710,284
1294,1.295,20,1294,6,lomps_l5d20_relaxed_10h_from_t1p010_20260710,285
1295,1.296,20,1295,6,lomps_l5d20_relaxed_10h_from_t1p010_20260710,286
1296,1.297,20,1296,6,lomps_l5d20_relaxed_10h_from_t1p010_20260710,287
1297,1.298,20,1297,6,lomps_l5d20_relaxed_10h_from_t1p010_20260710,288
1298,1.299,20,1298,6,lomps_l5d20_relaxed_10h_from_t1p010_20260710,289
1299,1.3,20,1299,6,lomps_l5d20_relaxed_10h_from_t1p010_20260710,290
1300,1.301,20,1300,6,lomps_l5d20_relaxed_10h_from_t1p010_20260710,291
1301,1.302,20,1301,6,lomps_l5d20_relaxed_10h_from_t1p010_20260710,292
1302,1.303,20,1302,6,lomps_l5d20_relaxed_10h_from_t1p010_20260710,293
1303,1.304,20,1303,6,lomps_l5d20_relaxed_10h_from_t1p010_20260710,294
1304,1.305,20,1304,6,lomps_l5d20_relaxed_10h_from_t1p010_20260710,295
1305,1.306,20,1305,6,lomps_l5d20_relaxed_10h_from_t1p010_20260710,296
1306,1.307,20,1306,6,lomps_l5d20_relaxed_10h_from_t1p010_20260710,297
1307,1.308,20,1307,6,lomps_l5d20_relaxed_10h_from_t1p010_20260710,298
1308,1.309,20,1308,6,lomps_l5d20_relaxed_10h_from_t1p010_20260710,299
1309,1.31,20,1309,6,lomps_l5d20_relaxed_10h_from_t1p010_20260710,300
1310,1.311,20,1310,6,lomps_l5d20_relaxed_10h_from_t1p010_20260710,301
1311,1.312,20,1311,6,lomps_l5d20_relaxed_10h_from_t1p010_20260710,302
1312,1.313,20,1312,6,lomps_l5d20_relaxed_10h_from_t1p010_20260710,303
1313,1.314,20,1313,6,lomps_l5d20_relaxed_10h_from_t1p010_20260710,304
1314,1.315,20,1314,6,lomps_l5d20_relaxed_10h_from_t1p010_20260710,305
1315,1.316,20,1315,6,lomps_l5d20_relaxed_10h_from_t1p010_20260710,306
1316,1.317,20,1316,6,lomps_l5d20_relaxed_10h_from_t1p010_20260710,307
1317,1.318,20,1317,6,lomps_l5d20_relaxed_10h_from_t1p010_20260710,308
1318,1.319,20,1318,6,lomps_l5d20_relaxed_10h_from_t1p010_20260710,309
1319,1.32,20,1319,6,lomps_l5d20_relaxed_10h_from_t1p010_20260710,310
1320,1.321,20,1320,6,lomps_l5d20_relaxed_10h_from_t1p010_20260710,311
1321,1.322,20,1321,6,lomps_l5d20_relaxed_10h_from_t1p010_20260710,312
1322,1.323,20,1322,6,lomps_l5d20_relaxed_10h_from_t1p010_20260710,313
1323,1.324,20,1323,6,lomps_l5d20_relaxed_10h_from_t1p010_20260710,314
1324,1.325,20,1324,6,lomps_l5d20_relaxed_10h_from_t1p010_20260710,315
1325,1.326,20,1325,6,lomps_l5d20_relaxed_10h_from_t1p010_20260710,316
1326,1.327,20,1326,6,lomps_l5d20_relaxed_10h_from_t1p010_20260710,317
1327,1.328,20,1327,6,lomps_l5d20_relaxed_10h_from_t1p010_20260710,318
1328,1.329,20,1328,6,lomps_l5d20_relaxed_10h_from_t1p010_20260710,319
1329,1.33,20,1329,6,lomps_l5d20_relaxed_10h_from_t1p010_20260710,320
1330,1.331,20,1330,6,lomps_l5d20_relaxed_10h_from_t1p010_20260710,321
1331,1.332,20,1331,6,lomps_l5d20_relaxed_10h_from_t1p010_20260710,322
1332,1.333,20,1332,6,lomps_l5d20_relaxed_10h_from_t1p010_20260710,323
1333,1.334,20,1333,6,lomps_l5d20_relaxed_10h_from_t1p010_20260710,324
1334,1.335,20,1334,6,lomps_l5d20_relaxed_10h_from_t1p010_20260710,325
1335,1.336,20,1335,6,lomps_l5d20_relaxed_10h_from_t1p010_20260710,326
1336,1.337,20,1336,6,lomps_l5d20_relaxed_10h_from_t1p010_20260710,327
1337,1.338,20,1337,6,lomps_l5d20_relaxed_10h_from_t1p010_20260710,328
1338,1.339,20,1338,6,lomps_l5d20_relaxed_10h_from_t1p010_20260710,329
1339,1.34,20,1339,6,lomps_l5d20_relaxed_10h_from_t1p010_20260710,330
1340,1.341,20,1340,6,lomps_l5d20_relaxed_10h_from_t1p010_20260710,331
1341,1.342,20,1341,6,lomps_l5d20_relaxed_10h_from_t1p010_20260710,332
1342,1.343,20,1342,6,lomps_l5d20_relaxed_10h_from_t1p010_20260710,333
1343,1.344,20,1343,6,lomps_l5d20_relaxed_10h_from_t1p010_20260710,334
1344,1.345,20,1344,6,lomps_l5d20_relaxed_10h_from_t1p010_20260710,335
1345,1.346,20,1345,6,lomps_l5d20_relaxed_10h_from_t1p010_20260710,336
1346,1.347,20,1346,6,lomps_l5d20_relaxed_10h_from_t1p010_20260710,337
1347,1.348,20,1347,6,lomps_l5d20_relaxed_10h_from_t1p010_20260710,338
1348,1.349,20,1348,6,lomps_l5d20_relaxed_10h_from_t1p010_20260710,339
1349,1.35,20,1349,6,lomps_l5d20_relaxed_10h_from_t1p010_20260710,340
1350,1.351,20,1350,6,lomps_l5d20_relaxed_10h_from_t1p010_20260710,341
1351,1.352,20,1351,6,lomps_l5d20_relaxed_10h_from_t1p010_20260710,342
1352,1.353,20,1352,6,lomps_l5d20_relaxed_10h_from_t1p010_20260710,343
1353,1.354,20,1353,6,lomps_l5d20_relaxed_10h_from_t1p010_20260710,344
1354,1.355,20,1354,6,lomps_l5d20_relaxed_10h_from_t1p010_20260710,345
1355,1.356,20,1355,6,lomps_l5d20_relaxed_10h_from_t1p010_20260710,346
1356,1.357,20,1356,6,lomps_l5d20_relaxed_10h_from_t1p010_20260710,347
1357,1.358,20,1357,6,lomps_l5d20_relaxed_10h_from_t1p010_20260710,348
1358,1.359,20,1358,6,lomps_l5d20_relaxed_10h_from_t1p010_20260710,349
1359,1.36,20,1359,6,lomps_l5d20_relaxed_10h_from_t1p010_20260710,350
1360,1.361,20,1360,6,lomps_l5d20_relaxed_10h_from_t1p010_20260710,351
1361,1.362,20,1361,6,lomps_l5d20_relaxed_10h_from_t1p010_20260710,352
1362,1.363,20,1362,6,lomps_l5d20_relaxed_10h_from_t1p010_20260710,353
1363,1.364,20,1363,6,lomps_l5d20_relaxed_10h_from_t1p010_20260710,354
1364,1.365,20,1364,6,lomps_l5d20_relaxed_10h_from_t1p010_20260710,355
1365,1.366,20,1365,6,lomps_l5d20_relaxed_10h_from_t1p010_20260710,356
1366,1.367,20,1366,6,lomps_l5d20_relaxed_10h_from_t1p010_20260710,357
1367,1.368,20,1367,6,lomps_l5d20_relaxed_10h_from_t1p010_20260710,358
1368,1.369,20,1368,6,lomps_l5d20_relaxed_10h_from_t1p010_20260710,359
1369,1.37,20,1369,6,lomps_l5d20_relaxed_10h_from_t1p010_20260710,360
1370,1.371,20,1370,6,lomps_l5d20_relaxed_10h_from_t1p010_20260710,361
1371,1.372,20,1371,6,lomps_l5d20_relaxed_10h_from_t1p010_20260710,362
1372,1.373,20,1372,6,lomps_l5d20_relaxed_10h_from_t1p010_20260710,363
1373,1.374,20,1373,6,lomps_l5d20_relaxed_10h_from_t1p010_20260710,364
1374,1.375,20,1374,6,lomps_l5d20_relaxed_10h_from_t1p010_20260710,365
1375,1.376,20,1375,6,lomps_l5d20_relaxed_10h_from_t1p010_20260710,366
1376,1.377,20,1376,6,lomps_l5d20_relaxed_10h_from_t1p010_20260710,367
1377,1.378,20,1377,6,lomps_l5d20_relaxed_10h_from_t1p010_20260710,368
1378,1.379,20,1378,6,lomps_l5d20_relaxed_10h_from_t1p010_20260710,369
1379,1.38,20,1379,6,lomps_l5d20_relaxed_10h_from_t1p010_20260710,370
1380,1.381,20,1380,6,lomps_l5d20_relaxed_10h_from_t1p010_20260710,371
1381,1.382,20,1381,6,lomps_l5d20_relaxed_10h_from_t1p010_20260710,372
1382,1.383,20,1382,6,lomps_l5d20_relaxed_10h_from_t1p010_20260710,373
1383,1.384,20,1383,6,lomps_l5d20_relaxed_10h_from_t1p010_20260710,374
1384,1.385,20,1384,6,lomps_l5d20_relaxed_10h_from_t1p010_20260710,375
1385,1.386,20,1385,6,lomps_l5d20_relaxed_10h_from_t1p010_20260710,376
1386,1.387,20,1386,6,lomps_l5d20_relaxed_10h_from_t1p010_20260710,377
1387,1.388,20,1387,6,lomps_l5d20_relaxed_10h_from_t1p010_20260710,378
1388,1.389,20,1388,6,lomps_l5d20_relaxed_10h_from_t1p010_20260710,379
1389,1.39,20,1389,6,lomps_l5d20_relaxed_10h_from_t1p010_20260710,380
1390,1.391,20,1390,6,lomps_l5d20_relaxed_10h_from_t1p010_20260710,381
1391,1.392,20,1391,6,lomps_l5d20_relaxed_10h_from_t1p010_20260710,382
1392,1.393,20,1392,6,lomps_l5d20_relaxed_10h_from_t1p010_20260710,383
1393,1.394,20,1393,6,lomps_l5d20_relaxed_10h_from_t1p010_20260710,384
1394,1.395,20,1394,6,lomps_l5d20_relaxed_10h_from_t1p010_20260710,385
1395,1.396,20,1395,6,lomps_l5d20_relaxed_10h_from_t1p010_20260710,386
1396,1.397,20,1396,6,lomps_l5d20_relaxed_10h_from_t1p010_20260710,387
1397,1.398,20,1397,6,lomps_l5d20_relaxed_10h_from_t1p010_20260710,388
1398,1.399,20,1398,6,lomps_l5d20_relaxed_10h_from_t1p010_20260710,389
1399,1.4,20,1399,6,lomps_l5d20_relaxed_10h_from_t1p010_20260710,390
1400,1.401,20,1400,6,lomps_l5d20_relaxed_10h_from_t1p010_20260710,391
1401,1.402,20,1401,6,lomps_l5d20_relaxed_10h_from_t1p010_20260710,392
1402,1.403,20,1402,6,lomps_l5d20_relaxed_10h_from_t1p010_20260710,393
1403,1.404,20,1403,6,lomps_l5d20_relaxed_10h_from_t1p010_20260710,394
1404,1.405,20,1404,6,lomps_l5d20_relaxed_10h_from_t1p010_20260710,395
1405,1.406,20,1405,6,lomps_l5d20_relaxed_10h_from_t1p010_20260710,396
1406,1.407,20,1406,6,lomps_l5d20_relaxed_10h_from_t1p010_20260710,397
1407,1.408,20,1407,6,lomps_l5d20_relaxed_10h_from_t1p010_20260710,398
1408,1.409,20,1408,6,lomps_l5d20_relaxed_10h_from_t1p010_20260710,399
1409,1.41,20,1409,6,lomps_l5d20_relaxed_10h_from_t1p010_20260710,400
1410,1.411,20,1410,6,lomps_l5d20_relaxed_10h_from_t1p010_20260710,401
1411,1.412,20,1411,6,lomps_l5d20_relaxed_10h_from_t1p010_20260710,402
1412,1.413,20,1412,6,lomps_l5d20_relaxed_10h_from_t1p010_20260710,403
1413,1.414,20,1413,6,lomps_l5d20_relaxed_10h_from_t1p010_20260710,404
1414,1.415,20,1414,6,lomps_l5d20_relaxed_10h_from_t1p010_20260710,405
1415,1.416,20,1415,6,lomps_l5d20_relaxed_10h_from_t1p010_20260710,406
1416,1.417,20,1416,6,lomps_l5d20_relaxed_10h_from_t1p010_20260710,407
1417,1.418,20,1417,6,lomps_l5d20_relaxed_10h_from_t1p010_20260710,408
1418,1.419,20,1418,6,lomps_l5d20_relaxed_10h_from_t1p010_20260710,409
1419,1.42,20,1419,6,lomps_l5d20_relaxed_10h_from_t1p010_20260710,410
1420,1.421,20,1420,6,lomps_l5d20_relaxed_10h_from_t1p010_20260710,411
1421,1.422,20,1421,6,lomps_l5d20_relaxed_10h_from_t1p010_20260710,412
1422,1.423,20,1422,6,lomps_l5d20_relaxed_10h_from_t1p010_20260710,413
1423,1.424,20,1423,6,lomps_l5d20_relaxed_10h_from_t1p010_20260710,414
1424,1.425,20,1424,6,lomps_l5d20_relaxed_10h_from_t1p010_20260710,415
1425,1.426,20,1425,6,lomps_l5d20_relaxed_10h_from_t1p010_20260710,416
1426,1.427,20,1426,6,lomps_l5d20_relaxed_10h_from_t1p010_20260710,417
1427,1.428,20,1427,6,lomps_l5d20_relaxed_10h_from_t1p010_20260710,418
1428,1.429,20,1428,6,lomps_l5d20_relaxed_10h_from_t1p010_20260710,419
1429,1.43,20,1429,6,lomps_l5d20_relaxed_10h_from_t1p010_20260710,420
1430,1.431,20,1430,6,lomps_l5d20_relaxed_10h_from_t1p010_20260710,421
1431,1.432,20,1431,6,lomps_l5d20_relaxed_10h_from_t1p010_20260710,422
1432,1.433,20,1432,6,lomps_l5d20_relaxed_10h_from_t1p010_20260710,423
1433,1.434,20,1433,6,lomps_l5d20_relaxed_10h_from_t1p010_20260710,424
1434,1.435,20,1434,6,lomps_l5d20_relaxed_10h_from_t1p010_20260710,425
1435,1.436,20,1435,6,lomps_l5d20_relaxed_10h_from_t1p010_20260710,426
1436,1.437,20,1436,6,lomps_l5d20_relaxed_10h_from_t1p010_20260710,427
1437,1.438,20,1437,6,lomps_l5d20_relaxed_10h_from_t1p010_20260710,428
1438,1.439,20,1438,6,lomps_l5d20_relaxed_10h_from_t1p010_20260710,429
1439,1.44,20,1439,6,lomps_l5d20_relaxed_10h_from_t1p010_20260710,430
1440,1.441,20,1440,6,lomps_l5d20_relaxed_10h_from_t1p010_20260710,431
1441,1.442,20,1441,6,lomps_l5d20_relaxed_10h_from_t1p010_20260710,432
1442,1.443,20,1442,6,lomps_l5d20_relaxed_10h_from_t1p010_20260710,433
1443,1.444,20,1443,6,lomps_l5d20_relaxed_10h_from_t1p010_20260710,434
1444,1.445,20,1444,6,lomps_l5d20_relaxed_10h_from_t1p010_20260710,435
1445,1.446,20,1445,6,lomps_l5d20_relaxed_10h_from_t1p010_20260710,436
1446,1.447,20,1446,6,lomps_l5d20_relaxed_10h_from_t1p010_20260710,437
1447,1.448,20,1447,6,lomps_l5d20_relaxed_10h_from_t1p010_20260710,438
1448,1.449,20,1448,6,lomps_l5d20_relaxed_10h_from_t1p010_20260710,439
1449,1.45,20,1449,6,lomps_l5d20_relaxed_10h_from_t1p010_20260710,440
1450,1.451,20,1450,6,lomps_l5d20_relaxed_10h_from_t1p010_20260710,441
1451,1.452,20,1451,6,lomps_l5d20_relaxed_10h_from_t1p010_20260710,442
1452,1.453,20,1452,6,lomps_l5d20_relaxed_10h_from_t1p010_20260710,443
1453,1.454,20,1453,6,lomps_l5d20_relaxed_10h_from_t1p010_20260710,444
1454,1.455,20,1454,6,lomps_l5d20_relaxed_10h_from_t1p010_20260710,445
1455,1.456,20,1455,6,lomps_l5d20_relaxed_10h_from_t1p010_20260710,446
1456,1.457,20,1456,6,lomps_l5d20_relaxed_10h_from_t1p010_20260710,447
1457,1.458,20,1457,6,lomps_l5d20_relaxed_10h_from_t1p010_20260710,448
1458,1.459,20,1458,6,lomps_l5d20_relaxed_10h_from_t1p010_20260710,449
1459,1.46,20,1459,6,lomps_l5d20_relaxed_10h_from_t1p010_20260710,450
1460,1.461,20,1460,6,lomps_l5d20_relaxed_10h_from_t1p010_20260710,451
1461,1.462,20,1461,6,lomps_l5d20_relaxed_10h_from_t1p010_20260710,452
1462,1.463,20,1462,6,lomps_l5d20_relaxed_10h_from_t1p010_20260710,453
1463,1.464,20,1463,6,lomps_l5d20_relaxed_10h_from_t1p010_20260710,454
1464,1.465,20,1464,6,lomps_l5d20_relaxed_10h_from_t1p010_20260710,455
1465,1.466,20,1465,6,lomps_l5d20_relaxed_10h_from_t1p010_20260710,456
1466,1.467,20,1466,6,lomps_l5d20_relaxed_10h_from_t1p010_20260710,457
1467,1.468,20,1467,6,lomps_l5d20_relaxed_10h_from_t1p010_20260710,458
1468,1.469,20,1468,6,lomps_l5d20_relaxed_10h_from_t1p010_20260710,459
1469,1.47,20,1469,6,lomps_l5d20_relaxed_10h_from_t1p010_20260710,460
1470,1.471,20,1470,6,lomps_l5d20_relaxed_10h_from_t1p010_20260710,461
1471,1.472,20,1471,6,lomps_l5d20_relaxed_10h_from_t1p010_20260710,462
1472,1.473,20,1472,6,lomps_l5d20_relaxed_10h_from_t1p010_20260710,463
1473,1.474,20,1473,6,lomps_l5d20_relaxed_10h_from_t1p010_20260710,464
1474,1.475,20,1474,6,lomps_l5d20_relaxed_10h_from_t1p010_20260710,465
1475,1.476,20,1475,6,lomps_l5d20_relaxed_10h_from_t1p010_20260710,466
1476,1.477,20,1476,6,lomps_l5d20_relaxed_10h_from_t1p010_20260710,467
1477,1.478,20,1477,6,lomps_l5d20_relaxed_10h_from_t1p010_20260710,468
1478,1.479,20,1478,6,lomps_l5d20_relaxed_10h_from_t1p010_20260710,469
1479,1.48,20,1479,6,lomps_l5d20_relaxed_10h_from_t1p010_20260710,470
1480,1.481,20,1480,6,lomps_l5d20_relaxed_10h_from_t1p010_20260710,471
1481,1.482,20,1481,6,lomps_l5d20_relaxed_10h_from_t1p010_20260710,472
1482,1.483,20,1482,6,lomps_l5d20_relaxed_10h_from_t1p010_20260710,473
1483,1.484,20,1483,6,lomps_l5d20_relaxed_10h_from_t1p010_20260710,474
1484,1.485,20,1484,6,lomps_l5d20_relaxed_10h_from_t1p010_20260710,475
1485,1.486,20,1485,6,lomps_l5d20_relaxed_10h_from_t1p010_20260710,476
1486,1.487,20,1486,6,lomps_l5d20_relaxed_10h_from_t1p010_20260710,477
1487,1.488,20,1487,6,lomps_l5d20_relaxed_10h_from_t1p010_20260710,478
1488,1.489,20,1488,6,lomps_l5d20_relaxed_10h_from_t1p010_20260710,479
1489,1.49,20,1489,6,lomps_l5d20_relaxed_10h_from_t1p010_20260710,480
1490,1.491,20,1490,6,lomps_l5d20_relaxed_10h_from_t1p010_20260710,481
1491,1.492,20,1491,6,lomps_l5d20_relaxed_10h_from_t1p010_20260710,482
1492,1.493,20,1492,6,lomps_l5d20_relaxed_10h_from_t1p010_20260710,483
1493,1.494,20,1493,6,lomps_l5d20_relaxed_10h_from_t1p010_20260710,484
1494,1.495,20,1494,6,lomps_l5d20_relaxed_10h_from_t1p010_20260710,485
1495,1.496,20,1495,6,lomps_l5d20_relaxed_10h_from_t1p010_20260710,486
1496,1.497,20,1496,6,lomps_l5d20_relaxed_10h_from_t1p010_20260710,487
1497,1.498,20,1497,6,lomps_l5d20_relaxed_10h_from_t1p010_20260710,488
1498,1.499,20,1498,6,lomps_l5d20_relaxed_10h_from_t1p010_20260710,489
1499,1.5,20,1499,6,lomps_l5d20_relaxed_10h_from_t1p010_20260710,490
1500,1.501,20,1500,6,lomps_l5d20_relaxed_10h_from_t1p010_20260710,491
1501,1.502,20,1501,6,lomps_l5d20_relaxed_10h_from_t1p010_20260710,492
1502,1.503,20,1502,6,lomps_l5d20_relaxed_10h_from_t1p010_20260710,493
1503,1.504,20,1503,6,lomps_l5d20_relaxed_10h_from_t1p010_20260710,494
1504,1.505,20,1504,6,lomps_l5d20_relaxed_10h_from_t1p010_20260710,495
1505,1.506,20,1505,6,lomps_l5d20_relaxed_10h_from_t1p010_20260710,496
1506,1.507,20,1506,6,lomps_l5d20_relaxed_10h_from_t1p010_20260710,497
1507,1.508,20,1507,6,lomps_l5d20_relaxed_10h_from_t1p010_20260710,498
1508,1.509,20,1508,6,lomps_l5d20_relaxed_10h_from_t1p010_20260710,499
1509,1.51,20,1509,6,lomps_l5d20_relaxed_10h_from_t1p010_20260710,500
1510,1.511,20,1510,6,lomps_l5d20_relaxed_10h_from_t1p010_20260710,501
1511,1.512,20,1511,6,lomps_l5d20_relaxed_10h_from_t1p010_20260710,502
1512,1.513,20,1512,6,lomps_l5d20_relaxed_10h_from_t1p010_20260710,503
1513,1.514,20,1513,6,lomps_l5d20_relaxed_10h_from_t1p010_20260710,504
1514,1.515,20,1514,6,lomps_l5d20_relaxed_10h_from_t1p010_20260710,505
1515,1.516,20,1515,6,lomps_l5d20_relaxed_10h_from_t1p010_20260710,506
1516,1.517,20,1516,6,lomps_l5d20_relaxed_10h_from_t1p010_20260710,507
1517,1.518,20,1517,6,lomps_l5d20_relaxed_10h_from_t1p010_20260710,508
1518,1.519,20,1518,6,lomps_l5d20_relaxed_10h_from_t1p010_20260710,509
1519,1.52,20,1519,6,lomps_l5d20_relaxed_10h_from_t1p010_20260710,510
1520,1.521,20,1520,6,lomps_l5d20_relaxed_10h_from_t1p010_20260710,511
1521,1.522,20,1521,6,lomps_l5d20_relaxed_10h_from_t1p010_20260710,512
1522,1.523,20,1522,6,lomps_l5d20_relaxed_10h_from_t1p010_20260710,513
1523,1.524,20,1523,6,lomps_l5d20_relaxed_10h_from_t1p010_20260710,514
1524,1.525,20,1524,6,lomps_l5d20_relaxed_10h_from_t1p010_20260710,515
1525,1.526,20,1525,6,lomps_l5d20_relaxed_10h_from_t1p010_20260710,516
1526,1.527,20,1526,6,lomps_l5d20_relaxed_10h_from_t1p010_20260710,517
1527,1.528,20,1527,6,lomps_l5d20_relaxed_10h_from_t1p010_20260710,518
1528,1.529,20,1528,6,lomps_l5d20_relaxed_10h_from_t1p010_20260710,519
1529,1.53,20,1529,6,lomps_l5d20_relaxed_10h_from_t1p010_20260710,520
1530,1.531,20,1530,6,lomps_l5d20_relaxed_10h_from_t1p010_20260710,521
1531,1.532,20,1531,6,lomps_l5d20_relaxed_10h_from_t1p010_20260710,522
1532,1.533,20,1532,6,lomps_l5d20_relaxed_10h_from_t1p010_20260710,523
1533,1.534,20,1533,6,lomps_l5d20_relaxed_10h_from_t1p010_20260710,524
1534,1.535,20,1534,6,lomps_l5d20_relaxed_10h_from_t1p010_20260710,525
1535,1.536,20,1535,6,lomps_l5d20_relaxed_10h_from_t1p010_20260710,526
1536,1.537,20,1536,6,lomps_l5d20_relaxed_10h_from_t1p010_20260710,527
1537,1.538,20,1537,6,lomps_l5d20_relaxed_10h_from_t1p010_20260710,528
1538,1.539,20,1538,6,lomps_l5d20_relaxed_10h_from_t1p010_20260710,529
1539,1.54,20,1539,6,lomps_l5d20_relaxed_10h_from_t1p010_20260710,530
1540,1.541,20,1540,6,lomps_l5d20_relaxed_10h_from_t1p010_20260710,531
1541,1.542,20,1541,6,lomps_l5d20_relaxed_10h_from_t1p010_20260710,532
1542,1.543,20,1542,6,lomps_l5d20_relaxed_10h_from_t1p010_20260710,533
1543,1.544,20,1543,6,lomps_l5d20_relaxed_10h_from_t1p010_20260710,534
1544,1.545,20,1544,6,lomps_l5d20_relaxed_10h_from_t1p010_20260710,535
1545,1.546,20,1545,6,lomps_l5d20_relaxed_10h_from_t1p010_20260710,536
1546,1.547,20,1546,6,lomps_l5d20_relaxed_10h_from_t1p010_20260710,537
1547,1.548,20,1547,6,lomps_l5d20_relaxed_10h_from_t1p010_20260710,538
1548,1.549,20,1548,6,lomps_l5d20_relaxed_10h_from_t1p010_20260710,539
1549,1.55,20,1549,6,lomps_l5d20_relaxed_10h_from_t1p010_20260710,540
1550,1.551,20,1550,6,lomps_l5d20_relaxed_10h_from_t1p010_20260710,541
1551,1.552,20,1551,6,lomps_l5d20_relaxed_10h_from_t1p010_20260710,542
1552,1.553,20,1552,6,lomps_l5d20_relaxed_10h_from_t1p010_20260710,543
1553,1.554,20,1553,6,lomps_l5d20_relaxed_10h_from_t1p010_20260710,544
1554,1.555,20,1554,6,lomps_l5d20_relaxed_10h_from_t1p010_20260710,545
1555,1.556,20,1555,6,lomps_l5d20_relaxed_10h_from_t1p010_20260710,546
1556,1.557,20,1556,6,lomps_l5d20_relaxed_10h_from_t1p010_20260710,547
1557,1.558,20,1557,6,lomps_l5d20_relaxed_10h_from_t1p010_20260710,548
1558,1.559,20,1558,6,lomps_l5d20_relaxed_10h_from_t1p010_20260710,549
1559,1.56,20,1559,6,lomps_l5d20_relaxed_10h_from_t1p010_20260710,550
1560,1.561,20,1560,6,lomps_l5d20_relaxed_10h_from_t1p010_20260710,551
1561,1.562,20,1561,6,lomps_l5d20_relaxed_10h_from_t1p010_20260710,552
1562,1.563,20,1562,6,lomps_l5d20_relaxed_10h_from_t1p010_20260710,553
1563,1.564,20,1563,6,lomps_l5d20_relaxed_10h_from_t1p010_20260710,554
1564,1.565,20,1564,6,lomps_l5d20_relaxed_10h_from_t1p010_20260710,555
1565,1.566,20,1565,6,lomps_l5d20_relaxed_10h_from_t1p010_20260710,556
1566,1.567,20,1566,6,lomps_l5d20_relaxed_10h_from_t1p010_20260710,557
1567,1.568,20,1567,6,lomps_l5d20_relaxed_10h_from_t1p010_20260710,558
1568,1.569,20,1568,6,lomps_l5d20_relaxed_10h_from_t1p010_20260710,559
1569,1.57,20,1569,6,lomps_l5d20_relaxed_10h_from_t1p010_20260710,560
1570,1.571,20,1570,6,lomps_l5d20_relaxed_10h_from_t1p010_20260710,561
1571,1.572,20,1571,6,lomps_l5d20_relaxed_10h_from_t1p010_20260710,562
1572,1.573,20,1572,6,lomps_l5d20_relaxed_10h_from_t1p010_20260710,563
1573,1.574,20,1573,6,lomps_l5d20_relaxed_10h_from_t1p010_20260710,564
1574,1.575,20,1574,6,lomps_l5d20_relaxed_10h_from_t1p010_20260710,565
1575,1.576,20,1575,6,lomps_l5d20_relaxed_10h_from_t1p010_20260710,566
1576,1.577,20,1576,6,lomps_l5d20_relaxed_10h_from_t1p010_20260710,567
1577,1.578,20,1577,6,lomps_l5d20_relaxed_10h_from_t1p010_20260710,568
1578,1.579,20,1578,6,lomps_l5d20_relaxed_10h_from_t1p010_20260710,569
1579,1.58,20,1579,6,lomps_l5d20_relaxed_10h_from_t1p010_20260710,570
1580,1.581,20,1580,6,lomps_l5d20_relaxed_10h_from_t1p010_20260710,571
1581,1.582,20,1581,6,lomps_l5d20_relaxed_10h_from_t1p010_20260710,572
1582,1.583,20,1582,6,lomps_l5d20_relaxed_10h_from_t1p010_20260710,573
1583,1.584,20,1583,6,lomps_l5d20_relaxed_10h_from_t1p010_20260710,574
1584,1.585,20,1584,6,lomps_l5d20_relaxed_10h_from_t1p010_20260710,575
1585,1.586,20,1585,6,lomps_l5d20_relaxed_10h_from_t1p010_20260710,576
1586,1.587,20,1586,6,lomps_l5d20_relaxed_10h_from_t1p010_20260710,577
1587,1.588,20,1587,6,lomps_l5d20_relaxed_10h_from_t1p010_20260710,578
1588,1.589,20,1588,6,lomps_l5d20_relaxed_10h_from_t1p010_20260710,579
1589,1.59,20,1589,6,lomps_l5d20_relaxed_10h_from_t1p010_20260710,580
1590,1.591,20,1590,6,lomps_l5d20_relaxed_10h_from_t1p010_20260710,581
1591,1.592,20,1591,6,lomps_l5d20_relaxed_10h_from_t1p010_20260710,582
1592,1.593,20,1592,6,lomps_l5d20_relaxed_10h_from_t1p010_20260710,583
1593,1.594,20,1593,6,lomps_l5d20_relaxed_10h_from_t1p010_20260710,584
1594,1.595,20,1594,6,lomps_l5d20_relaxed_10h_from_t1p010_20260710,585
1595,1.596,20,1595,6,lomps_l5d20_relaxed_10h_from_t1p010_20260710,586
1596,1.597,20,1596,6,lomps_l5d20_relaxed_10h_from_t1p010_20260710,587
1597,1.598,20,1597,6,lomps_l5d20_relaxed_10h_from_t1p010_20260710,588
1598,1.599,20,1598,6,lomps_l5d20_relaxed_10h_from_t1p010_20260710,589
1599,1.6,20,1599,6,lomps_l5d20_relaxed_10h_from_t1p010_20260710,590
1600,1.601,20,1600,6,lomps_l5d20_relaxed_10h_from_t1p010_20260710,591
1601,1.602,20,1601,6,lomps_l5d20_relaxed_10h_from_t1p010_20260710,592
1602,1.603,20,1602,6,lomps_l5d20_relaxed_10h_from_t1p010_20260710,593
1603,1.604,20,1603,6,lomps_l5d20_relaxed_10h_from_t1p010_20260710,594
1604,1.605,20,1604,6,lomps_l5d20_relaxed_10h_from_t1p010_20260710,595
1605,1.606,20,1605,6,lomps_l5d20_relaxed_10h_from_t1p010_20260710,596
1606,1.607,20,1606,6,lomps_l5d20_relaxed_10h_from_t1p010_20260710,597
1607,1.608,20,1607,6,lomps_l5d20_relaxed_10h_from_t1p010_20260710,598
1608,1.609,20,1608,6,lomps_l5d20_relaxed_10h_from_t1p010_20260710,599
1609,1.61,20,1609,6,lomps_l5d20_relaxed_10h_from_t1p010_20260710,600
1610,1.611,20,1610,6,lomps_l5d20_relaxed_10h_from_t1p010_20260710,601
1611,1.612,20,1611,6,lomps_l5d20_relaxed_10h_from_t1p010_20260710,602
1612,1.613,20,1612,6,lomps_l5d20_relaxed_10h_from_t1p010_20260710,603
1613,1.614,20,1613,6,lomps_l5d20_relaxed_10h_from_t1p010_20260710,604
1614,1.615,20,1614,6,lomps_l5d20_relaxed_10h_from_t1p010_20260710,605
1615,1.616,20,1615,6,lomps_l5d20_relaxed_10h_from_t1p010_20260710,606
1616,1.617,20,1616,6,lomps_l5d20_relaxed_10h_from_t1p010_20260710,607
1617,1.618,20,1617,6,lomps_l5d20_relaxed_10h_from_t1p010_20260710,608
1618,1.619,20,1618,6,lomps_l5d20_relaxed_10h_from_t1p010_20260710,609
1619,1.62,20,1619,6,lomps_l5d20_relaxed_10h_from_t1p010_20260710,610
1620,1.621,20,1620,6,lomps_l5d20_relaxed_10h_from_t1p010_20260710,611
1621,1.622,20,1621,6,lomps_l5d20_relaxed_10h_from_t1p010_20260710,612
1622,1.623,20,1622,6,lomps_l5d20_relaxed_10h_from_t1p010_20260710,613
1623,1.624,20,1623,6,lomps_l5d20_relaxed_10h_from_t1p010_20260710,614
1624,1.625,20,1624,6,lomps_l5d20_relaxed_10h_from_t1p010_20260710,615
1625,1.626,20,1625,6,lomps_l5d20_relaxed_10h_from_t1p010_20260710,616
1626,1.627,20,1626,6,lomps_l5d20_relaxed_10h_from_t1p010_20260710,617
1627,1.628,20,1627,6,lomps_l5d20_relaxed_10h_from_t1p010_20260710,618
1628,1.629,20,1628,6,lomps_l5d20_relaxed_10h_from_t1p010_20260710,619
1629,1.63,20,1629,6,lomps_l5d20_relaxed_10h_from_t1p010_20260710,620
1630,1.631,20,1630,6,lomps_l5d20_relaxed_10h_from_t1p010_20260710,621
1631,1.632,20,1631,6,lomps_l5d20_relaxed_10h_from_t1p010_20260710,622
1632,1.633,20,1632,6,lomps_l5d20_relaxed_10h_from_t1p010_20260710,623
1633,1.634,20,1633,6,lomps_l5d20_relaxed_10h_from_t1p010_20260710,624
1634,1.635,20,1634,6,lomps_l5d20_relaxed_10h_from_t1p010_20260710,625
1635,1.636,20,1635,6,lomps_l5d20_relaxed_10h_from_t1p010_20260710,626
1636,1.637,20,1636,6,lomps_l5d20_relaxed_10h_from_t1p010_20260710,627
1637,1.638,20,1637,6,lomps_l5d20_relaxed_10h_from_t1p010_20260710,628
1638,1.639,20,1638,6,lomps_l5d20_relaxed_10h_from_t1p010_20260710,629
1639,1.64,20,1639,6,lomps_l5d20_relaxed_10h_from_t1p010_20260710,630
1640,1.641,20,1640,6,lomps_l5d20_relaxed_10h_from_t1p010_20260710,631
1641,1.642,20,1641,6,lomps_l5d20_relaxed_10h_from_t1p010_20260710,632
1642,1.643,20,1642,6,lomps_l5d20_relaxed_10h_from_t1p010_20260710,633
1643,1.644,20,1643,6,lomps_l5d20_relaxed_10h_from_t1p010_20260710,634
1644,1.645,20,1644,6,lomps_l5d20_relaxed_10h_from_t1p010_20260710,635
1645,1.646,20,1645,6,lomps_l5d20_relaxed_10h_from_t1p010_20260710,636
1646,1.647,20,1646,6,lomps_l5d20_relaxed_10h_from_t1p010_20260710,637
1647,1.648,20,1647,6,lomps_l5d20_relaxed_10h_from_t1p010_20260710,638
1648,1.649,20,1648,6,lomps_l5d20_relaxed_10h_from_t1p010_20260710,639
1649,1.65,20,1649,6,lomps_l5d20_relaxed_10h_from_t1p010_20260710,640
1650,1.651,20,1650,6,lomps_l5d20_relaxed_10h_from_t1p010_20260710,641
1651,1.652,20,1651,6,lomps_l5d20_relaxed_10h_from_t1p010_20260710,642
1652,1.653,20,1652,6,lomps_l5d20_relaxed_10h_from_t1p010_20260710,643
1653,1.654,20,1653,6,lomps_l5d20_relaxed_10h_from_t1p010_20260710,644
1654,1.655,20,1654,6,lomps_l5d20_relaxed_10h_from_t1p010_20260710,645
1655,1.656,20,1655,6,lomps_l5d20_relaxed_10h_from_t1p010_20260710,646
1656,1.657,20,1656,6,lomps_l5d20_relaxed_10h_from_t1p010_20260710,647
1657,1.658,20,1657,6,lomps_l5d20_relaxed_10h_from_t1p010_20260710,648
1658,1.659,20,1658,6,lomps_l5d20_relaxed_10h_from_t1p010_20260710,649
1659,1.66,20,1659,6,lomps_l5d20_relaxed_10h_from_t1p010_20260710,650
1660,1.661,20,1660,6,lomps_l5d20_relaxed_10h_from_t1p010_20260710,651
1661,1.662,20,1661,6,lomps_l5d20_relaxed_10h_from_t1p010_20260710,652
1662,1.663,20,1662,6,lomps_l5d20_relaxed_10h_from_t1p010_20260710,653
1663,1.664,20,1663,6,lomps_l5d20_relaxed_10h_from_t1p010_20260710,654
1664,1.665,20,1664,6,lomps_l5d20_relaxed_10h_from_t1p010_20260710,655
1665,1.666,20,1665,6,lomps_l5d20_relaxed_10h_from_t1p010_20260710,656
1666,1.667,20,1666,6,lomps_l5d20_relaxed_10h_from_t1p010_20260710,657
1667,1.668,20,1667,6,lomps_l5d20_relaxed_10h_from_t1p010_20260710,658
1668,1.669,20,1668,6,lomps_l5d20_relaxed_10h_from_t1p010_20260710,659
1669,1.67,20,1669,6,lomps_l5d20_relaxed_10h_from_t1p010_20260710,660
1670,1.671,20,1670,6,lomps_l5d20_relaxed_10h_from_t1p010_20260710,661
1671,1.672,20,1671,6,lomps_l5d20_relaxed_10h_from_t1p010_20260710,662
1672,1.673,20,1672,6,lomps_l5d20_relaxed_10h_from_t1p010_20260710,663
1673,1.674,20,1673,6,lomps_l5d20_relaxed_10h_from_t1p010_20260710,664
1674,1.675,20,1674,6,lomps_l5d20_relaxed_10h_from_t1p010_20260710,665
1675,1.676,20,1675,6,lomps_l5d20_relaxed_10h_from_t1p010_20260710,666
1676,1.677,20,1676,6,lomps_l5d20_relaxed_10h_from_t1p010_20260710,667
1677,1.678,20,1677,6,lomps_l5d20_relaxed_10h_from_t1p010_20260710,668
1678,1.679,20,1678,6,lomps_l5d20_relaxed_10h_from_t1p010_20260710,669
1679,1.68,20,1679,6,lomps_l5d20_relaxed_10h_from_t1p010_20260710,670
1680,1.681,20,1680,6,lomps_l5d20_relaxed_10h_from_t1p010_20260710,671
1681,1.682,20,1681,6,lomps_l5d20_relaxed_10h_from_t1p010_20260710,672
1682,1.683,20,1682,6,lomps_l5d20_relaxed_10h_from_t1p010_20260710,673
1683,1.684,20,1683,6,lomps_l5d20_relaxed_10h_from_t1p010_20260710,674
1684,1.685,20,1684,6,lomps_l5d20_relaxed_10h_from_t1p010_20260710,675
1685,1.686,20,1685,6,lomps_l5d20_relaxed_10h_from_t1p010_20260710,676
1686,1.687,20,1686,6,lomps_l5d20_relaxed_10h_from_t1p010_20260710,677
1687,1.688,20,1687,6,lomps_l5d20_relaxed_10h_from_t1p010_20260710,678
1688,1.689,20,1688,6,lomps_l5d20_relaxed_10h_from_t1p010_20260710,679
1689,1.69,20,1689,6,lomps_l5d20_relaxed_10h_from_t1p010_20260710,680
1690,1.691,20,1690,6,lomps_l5d20_relaxed_10h_from_t1p010_20260710,681
1691,1.692,20,1691,6,lomps_l5d20_relaxed_10h_from_t1p010_20260710,682
1692,1.693,20,1692,6,lomps_l5d20_relaxed_10h_from_t1p010_20260710,683
1693,1.694,20,1693,6,lomps_l5d20_relaxed_10h_from_t1p010_20260710,684
1694,1.695,20,1694,6,lomps_l5d20_relaxed_10h_from_t1p010_20260710,685
1695,1.696,20,1695,6,lomps_l5d20_relaxed_10h_from_t1p010_20260710,686
1696,1.697,20,1696,6,lomps_l5d20_relaxed_10h_from_t1p010_20260710,687
1697,1.698,20,1697,6,lomps_l5d20_relaxed_10h_from_t1p010_20260710,688
1698,1.699,20,1698,6,lomps_l5d20_relaxed_10h_from_t1p010_20260710,689
1699,1.7,20,1699,6,lomps_l5d20_relaxed_10h_from_t1p010_20260710,690
1700,1.701,20,1700,6,lomps_l5d20_relaxed_10h_from_t1p010_20260710,691
1701,1.702,20,1701,6,lomps_l5d20_relaxed_10h_from_t1p010_20260710,692
1702,1.703,20,1702,6,lomps_l5d20_relaxed_10h_from_t1p010_20260710,693
1703,1.704,20,1703,6,lomps_l5d20_relaxed_10h_from_t1p010_20260710,694
1704,1.705,20,1704,6,lomps_l5d20_relaxed_10h_from_t1p010_20260710,695
1705,1.706,20,1705,6,lomps_l5d20_relaxed_10h_from_t1p010_20260710,696
1706,1.707,20,1706,6,lomps_l5d20_relaxed_10h_from_t1p010_20260710,697
1707,1.708,20,1707,6,lomps_l5d20_relaxed_10h_from_t1p010_20260710,698
1708,1.709,20,1708,6,lomps_l5d20_relaxed_10h_from_t1p010_20260710,699
1709,1.71,20,1709,6,lomps_l5d20_relaxed_10h_from_t1p010_20260710,700
1710,1.711,20,1710,6,lomps_l5d20_relaxed_10h_from_t1p010_20260710,701
1711,1.712,20,1711,6,lomps_l5d20_relaxed_10h_from_t1p010_20260710,702
1712,1.713,20,1712,6,lomps_l5d20_relaxed_10h_from_t1p010_20260710,703
1713,1.714,20,1713,6,lomps_l5d20_relaxed_10h_from_t1p010_20260710,704
1714,1.715,20,1714,6,lomps_l5d20_relaxed_10h_from_t1p010_20260710,705
1715,1.716,20,1715,6,lomps_l5d20_relaxed_10h_from_t1p010_20260710,706
1716,1.717,20,1716,6,lomps_l5d20_relaxed_10h_from_t1p010_20260710,707
1717,1.718,20,1717,6,lomps_l5d20_relaxed_10h_from_t1p010_20260710,708
1718,1.719,20,1718,6,lomps_l5d20_relaxed_10h_from_t1p010_20260710,709
1719,1.72,20,1719,6,lomps_l5d20_relaxed_10h_from_t1p010_20260710,710
1720,1.721,20,1720,6,lomps_l5d20_relaxed_10h_from_t1p010_20260710,711
1721,1.722,20,1721,6,lomps_l5d20_relaxed_10h_from_t1p010_20260710,712
1722,1.723,20,1722,6,lomps_l5d20_relaxed_10h_from_t1p010_20260710,713
1723,1.724,20,1723,6,lomps_l5d20_relaxed_10h_from_t1p010_20260710,714
1724,1.725,20,1724,6,lomps_l5d20_relaxed_10h_from_t1p010_20260710,715
1725,1.726,20,1725,6,lomps_l5d20_relaxed_10h_from_t1p010_20260710,716
1726,1.727,20,1726,6,lomps_l5d20_relaxed_10h_from_t1p010_20260710,717
1727,1.728,20,1727,6,lomps_l5d20_relaxed_10h_from_t1p010_20260710,718
1728,1.729,20,1728,6,lomps_l5d20_relaxed_10h_from_t1p010_20260710,719
1729,1.73,20,1729,6,lomps_l5d20_relaxed_10h_from_t1p010_20260710,720
1730,1.731,20,1730,6,lomps_l5d20_relaxed_10h_from_t1p010_20260710,721
1731,1.732,20,1731,6,lomps_l5d20_relaxed_10h_from_t1p010_20260710,722
1732,1.733,20,1732,6,lomps_l5d20_relaxed_10h_from_t1p010_20260710,723
1733,1.734,20,1733,6,lomps_l5d20_relaxed_10h_from_t1p010_20260710,724
1734,1.735,20,1734,6,lomps_l5d20_relaxed_10h_from_t1p010_20260710,725
1735,1.736,20,1735,6,lomps_l5d20_relaxed_10h_from_t1p010_20260710,726
1736,1.737,20,1736,6,lomps_l5d20_relaxed_10h_from_t1p010_20260710,727
1737,1.738,20,1737,6,lomps_l5d20_relaxed_10h_from_t1p010_20260710,728
1738,1.739,20,1738,6,lomps_l5d20_relaxed_10h_from_t1p010_20260710,729
1739,1.74,20,1739,6,lomps_l5d20_relaxed_10h_from_t1p010_20260710,730
1740,1.741,20,1740,6,lomps_l5d20_relaxed_10h_from_t1p010_20260710,731
1741,1.742,20,1741,6,lomps_l5d20_relaxed_10h_from_t1p010_20260710,732
1742,1.743,20,1742,6,lomps_l5d20_relaxed_10h_from_t1p010_20260710,733
1743,1.744,20,1743,6,lomps_l5d20_relaxed_10h_from_t1p010_20260710,734
1744,1.745,20,1744,6,lomps_l5d20_relaxed_10h_from_t1p010_20260710,735
1745,1.746,20,1745,6,lomps_l5d20_relaxed_10h_from_t1p010_20260710,736
1746,1.747,20,1746,6,lomps_l5d20_relaxed_10h_from_t1p010_20260710,737
1747,1.748,20,1747,6,lomps_l5d20_relaxed_10h_from_t1p010_20260710,738
1748,1.749,20,1748,6,lomps_l5d20_relaxed_10h_from_t1p010_20260710,739
1749,1.75,20,1749,6,lomps_l5d20_relaxed_10h_from_t1p010_20260710,740
1750,1.751,20,1750,6,lomps_l5d20_relaxed_10h_from_t1p010_20260710,741
1751,1.752,20,1751,6,lomps_l5d20_relaxed_10h_from_t1p010_20260710,742
1752,1.753,20,1752,6,lomps_l5d20_relaxed_10h_from_t1p010_20260710,743
1753,1.754,20,1753,6,lomps_l5d20_relaxed_10h_from_t1p010_20260710,744
1754,1.755,20,1754,6,lomps_l5d20_relaxed_10h_from_t1p010_20260710,745
1755,1.756,20,1755,6,lomps_l5d20_relaxed_10h_from_t1p010_20260710,746
1756,1.757,20,1756,6,lomps_l5d20_relaxed_10h_from_t1p010_20260710,747
1757,1.758,20,1757,6,lomps_l5d20_relaxed_10h_from_t1p010_20260710,748
1758,1.759,20,1758,6,lomps_l5d20_relaxed_10h_from_t1p010_20260710,749
1759,1.76,20,1759,6,lomps_l5d20_relaxed_10h_from_t1p010_20260710,750
1760,1.761,20,1760,6,lomps_l5d20_relaxed_10h_from_t1p010_20260710,751
1761,1.762,20,1761,6,lomps_l5d20_relaxed_10h_from_t1p010_20260710,752
1762,1.763,20,1762,6,lomps_l5d20_relaxed_10h_from_t1p010_20260710,753
1763,1.764,20,1763,6,lomps_l5d20_relaxed_10h_from_t1p010_20260710,754
1764,1.765,20,1764,6,lomps_l5d20_relaxed_10h_from_t1p010_20260710,755
1765,1.766,20,1765,6,lomps_l5d20_relaxed_10h_from_t1p010_20260710,756
1766,1.767,20,1766,6,lomps_l5d20_relaxed_10h_from_t1p010_20260710,757
1767,1.768,20,1767,6,lomps_l5d20_relaxed_10h_from_t1p010_20260710,758
1768,1.769,20,1768,6,lomps_l5d20_relaxed_10h_from_t1p010_20260710,759
1769,1.77,20,1769,6,lomps_l5d20_relaxed_10h_from_t1p010_20260710,760
1770,1.771,20,1770,6,lomps_l5d20_relaxed_10h_from_t1p010_20260710,761
1771,1.772,20,1771,6,lomps_l5d20_relaxed_10h_from_t1p010_20260710,762
1772,1.773,20,1772,6,lomps_l5d20_relaxed_10h_from_t1p010_20260710,763
1773,1.774,20,1773,6,lomps_l5d20_relaxed_10h_from_t1p010_20260710,764
1774,1.775,20,1774,6,lomps_l5d20_relaxed_10h_from_t1p010_20260710,765
1775,1.776,20,1775,6,lomps_l5d20_relaxed_10h_from_t1p010_20260710,766
1776,1.777,20,1776,6,lomps_l5d20_relaxed_10h_from_t1p010_20260710,767
1777,1.778,20,1777,6,lomps_l5d20_relaxed_10h_from_t1p010_20260710,768
1778,1.779,20,1778,6,lomps_l5d20_relaxed_10h_from_t1p010_20260710,769
1779,1.78,20,1779,6,lomps_l5d20_relaxed_10h_from_t1p010_20260710,770
1780,1.781,20,1780,6,lomps_l5d20_relaxed_10h_from_t1p010_20260710,771
1781,1.782,20,1781,6,lomps_l5d20_relaxed_10h_from_t1p010_20260710,772
1782,1.783,20,1782,6,lomps_l5d20_relaxed_10h_from_t1p010_20260710,773
1783,1.784,20,1783,6,lomps_l5d20_relaxed_10h_from_t1p010_20260710,774
1784,1.785,20,1784,6,lomps_l5d20_relaxed_10h_from_t1p010_20260710,775
1785,1.786,20,1785,6,lomps_l5d20_relaxed_10h_from_t1p010_20260710,776
1786,1.787,20,1786,6,lomps_l5d20_relaxed_10h_from_t1p010_20260710,777
1787,1.788,20,1787,6,lomps_l5d20_relaxed_10h_from_t1p010_20260710,778
1788,1.789,20,1788,6,lomps_l5d20_relaxed_10h_from_t1p010_20260710,779
1789,1.79,20,1789,6,lomps_l5d20_relaxed_10h_from_t1p010_20260710,780
1790,1.791,20,1790,6,lomps_l5d20_relaxed_10h_from_t1p010_20260710,781
1791,1.792,20,1791,6,lomps_l5d20_relaxed_10h_from_t1p010_20260710,782
1792,1.793,20,1792,6,lomps_l5d20_relaxed_10h_from_t1p010_20260710,783
1793,1.794,20,1793,6,lomps_l5d20_relaxed_10h_from_t1p010_20260710,784
1794,1.795,20,1794,6,lomps_l5d20_relaxed_10h_from_t1p010_20260710,785
1795,1.796,20,1795,6,lomps_l5d20_relaxed_10h_from_t1p010_20260710,786
1796,1.797,20,1796,6,lomps_l5d20_relaxed_10h_from_t1p010_20260710,787
1797,1.798,20,1797,6,lomps_l5d20_relaxed_10h_from_t1p010_20260710,788
1798,1.799,20,1798,6,lomps_l5d20_relaxed_10h_from_t1p010_20260710,789
1799,1.8,20,1799,6,lomps_l5d20_relaxed_10h_from_t1p010_20260710,790
1800,1.801,20,1800,6,lomps_l5d20_relaxed_10h_from_t1p010_20260710,791
1801,1.802,20,1801,6,lomps_l5d20_relaxed_10h_from_t1p010_20260710,792
1802,1.803,20,1802,6,lomps_l5d20_relaxed_10h_from_t1p010_20260710,793
1803,1.804,20,1803,6,lomps_l5d20_relaxed_10h_from_t1p010_20260710,794
1804,1.805,20,1804,6,lomps_l5d20_relaxed_10h_from_t1p010_20260710,795
1805,1.806,20,1805,6,lomps_l5d20_relaxed_10h_from_t1p010_20260710,796
1806,1.807,20,1806,6,lomps_l5d20_relaxed_10h_from_t1p010_20260710,797
1807,1.808,20,1807,6,lomps_l5d20_relaxed_10h_from_t1p010_20260710,798
1808,1.809,20,1808,6,lomps_l5d20_relaxed_10h_from_t1p010_20260710,799
1809,1.81,20,1809,6,lomps_l5d20_relaxed_10h_from_t1p010_20260710,800
1810,1.811,20,1810,6,lomps_l5d20_relaxed_10h_from_t1p010_20260710,801
1811,1.812,20,1811,6,lomps_l5d20_relaxed_10h_from_t1p010_20260710,802
1812,1.813,20,1812,6,lomps_l5d20_relaxed_10h_from_t1p010_20260710,803
1813,1.814,20,1813,6,lomps_l5d20_relaxed_10h_from_t1p010_20260710,804
1814,1.815,20,1814,6,lomps_l5d20_relaxed_10h_from_t1p010_20260710,805
1815,1.816,20,1815,6,lomps_l5d20_relaxed_10h_from_t1p010_20260710,806
1816,1.817,20,1816,6,lomps_l5d20_relaxed_10h_from_t1p010_20260710,807
1817,1.818,20,1817,6,lomps_l5d20_relaxed_10h_from_t1p010_20260710,808
1818,1.819,20,1818,6,lomps_l5d20_relaxed_10h_from_t1p010_20260710,809
1819,1.82,20,1819,6,lomps_l5d20_relaxed_10h_from_t1p010_20260710,810
1820,1.821,20,1820,6,lomps_l5d20_relaxed_10h_from_t1p010_20260710,811
1821,1.822,20,1821,6,lomps_l5d20_relaxed_10h_from_t1p010_20260710,812
1822,1.823,20,1822,6,lomps_l5d20_relaxed_10h_from_t1p010_20260710,813
1823,1.824,20,1823,6,lomps_l5d20_relaxed_10h_from_t1p010_20260710,814
1824,1.825,20,1824,6,lomps_l5d20_relaxed_10h_from_t1p010_20260710,815
1825,1.826,20,1825,6,lomps_l5d20_relaxed_10h_from_t1p010_20260710,816
1826,1.827,20,1826,6,lomps_l5d20_relaxed_10h_from_t1p010_20260710,817
1827,1.828,20,1827,6,lomps_l5d20_relaxed_10h_from_t1p010_20260710,818
1828,1.829,20,1828,6,lomps_l5d20_relaxed_10h_from_t1p010_20260710,819
1829,1.83,20,1829,6,lomps_l5d20_relaxed_10h_from_t1p010_20260710,820
1830,1.831,20,1830,6,lomps_l5d20_relaxed_10h_from_t1p010_20260710,821
1831,1.832,20,1831,6,lomps_l5d20_relaxed_10h_from_t1p010_20260710,822
1832,1.833,20,1832,6,lomps_l5d20_relaxed_10h_from_t1p010_20260710,823
1833,1.834,20,1833,6,lomps_l5d20_relaxed_10h_from_t1p010_20260710,824
1834,1.835,20,1834,6,lomps_l5d20_relaxed_10h_from_t1p010_20260710,825
1835,1.836,20,1835,6,lomps_l5d20_relaxed_10h_from_t1p010_20260710,826
1836,1.837,20,1836,6,lomps_l5d20_relaxed_10h_from_t1p010_20260710,827
1837,1.838,20,1837,6,lomps_l5d20_relaxed_10h_from_t1p010_20260710,828
1838,1.839,20,1838,6,lomps_l5d20_relaxed_10h_from_t1p010_20260710,829
1839,1.84,20,1839,6,lomps_l5d20_relaxed_10h_from_t1p010_20260710,830
1840,1.841,20,1840,6,lomps_l5d20_relaxed_10h_from_t1p010_20260710,831
1841,1.842,20,1841,6,lomps_l5d20_relaxed_10h_from_t1p010_20260710,832
1842,1.843,20,1842,6,lomps_l5d20_relaxed_10h_from_t1p010_20260710,833
1843,1.844,20,1843,6,lomps_l5d20_relaxed_10h_from_t1p010_20260710,834
1844,1.845,20,1844,6,lomps_l5d20_relaxed_10h_from_t1p010_20260710,835
1845,1.846,20,1845,6,lomps_l5d20_relaxed_10h_from_t1p010_20260710,836
1846,1.847,20,1846,6,lomps_l5d20_relaxed_10h_from_t1p010_20260710,837
1847,1.848,20,1847,6,lomps_l5d20_relaxed_10h_from_t1p010_20260710,838
1848,1.849,20,1848,6,lomps_l5d20_relaxed_10h_from_t1p010_20260710,839
1849,1.85,20,1849,6,lomps_l5d20_relaxed_10h_from_t1p010_20260710,840
1850,1.851,20,1850,6,lomps_l5d20_relaxed_10h_from_t1p010_20260710,841
1851,1.852,20,1851,6,lomps_l5d20_relaxed_10h_from_t1p010_20260710,842
1852,1.853,20,1852,6,lomps_l5d20_relaxed_10h_from_t1p010_20260710,843
1853,1.854,20,1853,6,lomps_l5d20_relaxed_10h_from_t1p010_20260710,844
1854,1.855,20,1854,6,lomps_l5d20_relaxed_10h_from_t1p010_20260710,845
1855,1.856,20,1855,6,lomps_l5d20_relaxed_10h_from_t1p010_20260710,846
1856,1.857,20,1856,6,lomps_l5d20_relaxed_10h_from_t1p010_20260710,847
1857,1.858,20,1857,6,lomps_l5d20_relaxed_10h_from_t1p010_20260710,848
1858,1.859,20,1858,6,lomps_l5d20_relaxed_10h_from_t1p010_20260710,849
1859,1.86,20,1859,6,lomps_l5d20_relaxed_10h_from_t1p010_20260710,850
1860,1.861,20,1860,6,lomps_l5d20_relaxed_10h_from_t1p010_20260710,851
1861,1.862,20,1861,6,lomps_l5d20_relaxed_10h_from_t1p010_20260710,852
1862,1.863,20,1862,6,lomps_l5d20_relaxed_10h_from_t1p010_20260710,853
1863,1.864,20,1863,6,lomps_l5d20_relaxed_10h_from_t1p010_20260710,854
1864,1.865,20,1864,6,lomps_l5d20_relaxed_10h_from_t1p010_20260710,855
1865,1.866,20,1865,6,lomps_l5d20_relaxed_10h_from_t1p010_20260710,856
1866,1.867,20,1866,6,lomps_l5d20_relaxed_10h_from_t1p010_20260710,857
1867,1.868,20,1867,6,lomps_l5d20_relaxed_10h_from_t1p010_20260710,858
1868,1.869,20,1868,6,lomps_l5d20_relaxed_10h_from_t1p010_20260710,859
1869,1.87,20,1869,6,lomps_l5d20_relaxed_10h_from_t1p010_20260710,860
1870,1.871,20,1870,6,lomps_l5d20_relaxed_10h_from_t1p010_20260710,861
1871,1.872,20,1871,6,lomps_l5d20_relaxed_10h_from_t1p010_20260710,862
1872,1.873,20,1872,6,lomps_l5d20_relaxed_10h_from_t1p010_20260710,863
1873,1.874,20,1873,6,lomps_l5d20_relaxed_10h_from_t1p010_20260710,864
1874,1.875,20,1874,6,lomps_l5d20_relaxed_10h_from_t1p010_20260710,865
1875,1.876,20,1875,6,lomps_l5d20_relaxed_10h_from_t1p010_20260710,866
1876,1.877,20,1876,6,lomps_l5d20_relaxed_10h_from_t1p010_20260710,867
1877,1.878,20,1877,6,lomps_l5d20_relaxed_10h_from_t1p010_20260710,868
1878,1.879,20,1878,6,lomps_l5d20_relaxed_10h_from_t1p010_20260710,869
1879,1.88,20,1879,6,lomps_l5d20_relaxed_10h_from_t1p010_20260710,870
1880,1.881,20,1880,6,lomps_l5d20_relaxed_10h_from_t1p010_20260710,871
1881,1.882,20,1881,6,lomps_l5d20_relaxed_10h_from_t1p010_20260710,872
1882,1.883,20,1882,7,lomps_l5d20_relaxed_10h_from_t1p882_20260711,1
1883,1.884,20,1883,7,lomps_l5d20_relaxed_10h_from_t1p882_20260711,2
1884,1.885,20,1884,7,lomps_l5d20_relaxed_10h_from_t1p882_20260711,3
1885,1.886,20,1885,7,lomps_l5d20_relaxed_10h_from_t1p882_20260711,4
1886,1.887,20,1886,7,lomps_l5d20_relaxed_10h_from_t1p882_20260711,5
1887,1.888,20,1887,7,lomps_l5d20_relaxed_10h_from_t1p882_20260711,6
1888,1.889,20,1888,7,lomps_l5d20_relaxed_10h_from_t1p882_20260711,7
1889,1.89,20,1889,7,lomps_l5d20_relaxed_10h_from_t1p882_20260711,8
1890,1.891,20,1890,7,lomps_l5d20_relaxed_10h_from_t1p882_20260711,9
1891,1.892,20,1891,7,lomps_l5d20_relaxed_10h_from_t1p882_20260711,10
1892,1.893,20,1892,7,lomps_l5d20_relaxed_10h_from_t1p882_20260711,11
1893,1.894,20,1893,7,lomps_l5d20_relaxed_10h_from_t1p882_20260711,12
1894,1.895,20,1894,7,lomps_l5d20_relaxed_10h_from_t1p882_20260711,13
1895,1.896,20,1895,7,lomps_l5d20_relaxed_10h_from_t1p882_20260711,14
1896,1.897,20,1896,7,lomps_l5d20_relaxed_10h_from_t1p882_20260711,15
1897,1.898,20,1897,7,lomps_l5d20_relaxed_10h_from_t1p882_20260711,16
1898,1.899,20,1898,7,lomps_l5d20_relaxed_10h_from_t1p882_20260711,17
1899,1.9,20,1899,7,lomps_l5d20_relaxed_10h_from_t1p882_20260711,18
1900,1.901,20,1900,7,lomps_l5d20_relaxed_10h_from_t1p882_20260711,19
1901,1.902,20,1901,7,lomps_l5d20_relaxed_10h_from_t1p882_20260711,20
1902,1.903,20,1902,7,lomps_l5d20_relaxed_10h_from_t1p882_20260711,21
1903,1.904,20,1903,7,lomps_l5d20_relaxed_10h_from_t1p882_20260711,22
1904,1.905,20,1904,7,lomps_l5d20_relaxed_10h_from_t1p882_20260711,23
1905,1.906,20,1905,7,lomps_l5d20_relaxed_10h_from_t1p882_20260711,24
1906,1.907,20,1906,7,lomps_l5d20_relaxed_10h_from_t1p882_20260711,25
1907,1.908,20,1907,7,lomps_l5d20_relaxed_10h_from_t1p882_20260711,26
1908,1.909,20,1908,7,lomps_l5d20_relaxed_10h_from_t1p882_20260711,27
1909,1.91,20,1909,7,lomps_l5d20_relaxed_10h_from_t1p882_20260711,28
1910,1.911,20,1910,7,lomps_l5d20_relaxed_10h_from_t1p882_20260711,29
1911,1.912,20,1911,7,lomps_l5d20_relaxed_10h_from_t1p882_20260711,30
1912,1.913,20,1912,7,lomps_l5d20_relaxed_10h_from_t1p882_20260711,31
1913,1.914,20,1913,7,lomps_l5d20_relaxed_10h_from_t1p882_20260711,32
1914,1.915,20,1914,7,lomps_l5d20_relaxed_10h_from_t1p882_20260711,33
1915,1.916,20,1915,7,lomps_l5d20_relaxed_10h_from_t1p882_20260711,34
1916,1.917,20,1916,7,lomps_l5d20_relaxed_10h_from_t1p882_20260711,35
1917,1.918,20,1917,7,lomps_l5d20_relaxed_10h_from_t1p882_20260711,36
1918,1.919,20,1918,7,lomps_l5d20_relaxed_10h_from_t1p882_20260711,37
1919,1.92,20,1919,7,lomps_l5d20_relaxed_10h_from_t1p882_20260711,38
1920,1.921,20,1920,7,lomps_l5d20_relaxed_10h_from_t1p882_20260711,39
1921,1.922,20,1921,7,lomps_l5d20_relaxed_10h_from_t1p882_20260711,40
1922,1.923,20,1922,7,lomps_l5d20_relaxed_10h_from_t1p882_20260711,41
1923,1.924,20,1923,7,lomps_l5d20_relaxed_10h_from_t1p882_20260711,42
1924,1.925,20,1924,7,lomps_l5d20_relaxed_10h_from_t1p882_20260711,43
1925,1.926,20,1925,7,lomps_l5d20_relaxed_10h_from_t1p882_20260711,44
1926,1.927,20,1926,7,lomps_l5d20_relaxed_10h_from_t1p882_20260711,45
1927,1.928,20,1927,7,lomps_l5d20_relaxed_10h_from_t1p882_20260711,46
1928,1.929,20,1928,7,lomps_l5d20_relaxed_10h_from_t1p882_20260711,47
1929,1.93,20,1929,7,lomps_l5d20_relaxed_10h_from_t1p882_20260711,48
1930,1.931,20,1930,7,lomps_l5d20_relaxed_10h_from_t1p882_20260711,49
1931,1.932,20,1931,7,lomps_l5d20_relaxed_10h_from_t1p882_20260711,50
1932,1.933,20,1932,7,lomps_l5d20_relaxed_10h_from_t1p882_20260711,51
1933,1.934,20,1933,7,lomps_l5d20_relaxed_10h_from_t1p882_20260711,52
1934,1.935,20,1934,7,lomps_l5d20_relaxed_10h_from_t1p882_20260711,53
1935,1.936,20,1935,7,lomps_l5d20_relaxed_10h_from_t1p882_20260711,54
1936,1.937,20,1936,7,lomps_l5d20_relaxed_10h_from_t1p882_20260711,55
1937,1.938,20,1937,7,lomps_l5d20_relaxed_10h_from_t1p882_20260711,56
1938,1.939,20,1938,7,lomps_l5d20_relaxed_10h_from_t1p882_20260711,57
1939,1.94,20,1939,7,lomps_l5d20_relaxed_10h_from_t1p882_20260711,58
1940,1.941,20,1940,7,lomps_l5d20_relaxed_10h_from_t1p882_20260711,59
1941,1.942,20,1941,7,lomps_l5d20_relaxed_10h_from_t1p882_20260711,60
1942,1.943,20,1942,7,lomps_l5d20_relaxed_10h_from_t1p882_20260711,61
1943,1.944,20,1943,7,lomps_l5d20_relaxed_10h_from_t1p882_20260711,62
1944,1.945,20,1944,7,lomps_l5d20_relaxed_10h_from_t1p882_20260711,63
1945,1.946,20,1945,7,lomps_l5d20_relaxed_10h_from_t1p882_20260711,64
1946,1.947,20,1946,7,lomps_l5d20_relaxed_10h_from_t1p882_20260711,65
1947,1.948,20,1947,7,lomps_l5d20_relaxed_10h_from_t1p882_20260711,66
1948,1.949,20,1948,7,lomps_l5d20_relaxed_10h_from_t1p882_20260711,67
1949,1.95,20,1949,7,lomps_l5d20_relaxed_10h_from_t1p882_20260711,68
1950,1.951,20,1950,7,lomps_l5d20_relaxed_10h_from_t1p882_20260711,69
1951,1.952,20,1951,7,lomps_l5d20_relaxed_10h_from_t1p882_20260711,70
1952,1.953,20,1952,7,lomps_l5d20_relaxed_10h_from_t1p882_20260711,71
1953,1.954,20,1953,7,lomps_l5d20_relaxed_10h_from_t1p882_20260711,72
1954,1.955,20,1954,7,lomps_l5d20_relaxed_10h_from_t1p882_20260711,73
1955,1.956,20,1955,7,lomps_l5d20_relaxed_10h_from_t1p882_20260711,74
1956,1.957,20,1956,7,lomps_l5d20_relaxed_10h_from_t1p882_20260711,75
1957,1.958,20,1957,7,lomps_l5d20_relaxed_10h_from_t1p882_20260711,76
1958,1.959,20,1958,7,lomps_l5d20_relaxed_10h_from_t1p882_20260711,77
1959,1.96,20,1959,7,lomps_l5d20_relaxed_10h_from_t1p882_20260711,78
1960,1.961,20,1960,7,lomps_l5d20_relaxed_10h_from_t1p882_20260711,79
1961,1.962,20,1961,7,lomps_l5d20_relaxed_10h_from_t1p882_20260711,80
1962,1.963,20,1962,7,lomps_l5d20_relaxed_10h_from_t1p882_20260711,81
1963,1.964,20,1963,7,lomps_l5d20_relaxed_10h_from_t1p882_20260711,82
1964,1.965,20,1964,7,lomps_l5d20_relaxed_10h_from_t1p882_20260711,83
1965,1.966,20,1965,7,lomps_l5d20_relaxed_10h_from_t1p882_20260711,84
1966,1.967,20,1966,7,lomps_l5d20_relaxed_10h_from_t1p882_20260711,85
1967,1.968,20,1967,7,lomps_l5d20_relaxed_10h_from_t1p882_20260711,86
1968,1.969,20,1968,7,lomps_l5d20_relaxed_10h_from_t1p882_20260711,87
1969,1.97,20,1969,7,lomps_l5d20_relaxed_10h_from_t1p882_20260711,88
1970,1.971,20,1970,7,lomps_l5d20_relaxed_10h_from_t1p882_20260711,89
1971,1.972,20,1971,7,lomps_l5d20_relaxed_10h_from_t1p882_20260711,90
1972,1.973,20,1972,7,lomps_l5d20_relaxed_10h_from_t1p882_20260711,91
1973,1.974,20,1973,7,lomps_l5d20_relaxed_10h_from_t1p882_20260711,92
1974,1.975,20,1974,7,lomps_l5d20_relaxed_10h_from_t1p882_20260711,93
1975,1.976,20,1975,7,lomps_l5d20_relaxed_10h_from_t1p882_20260711,94
1976,1.977,20,1976,7,lomps_l5d20_relaxed_10h_from_t1p882_20260711,95
1977,1.978,20,1977,7,lomps_l5d20_relaxed_10h_from_t1p882_20260711,96
1978,1.979,20,1978,7,lomps_l5d20_relaxed_10h_from_t1p882_20260711,97
1979,1.98,20,1979,7,lomps_l5d20_relaxed_10h_from_t1p882_20260711,98
1980,1.981,20,1980,7,lomps_l5d20_relaxed_10h_from_t1p882_20260711,99
1981,1.982,20,1981,7,lomps_l5d20_relaxed_10h_from_t1p882_20260711,100
1982,1.983,20,1982,7,lomps_l5d20_relaxed_10h_from_t1p882_20260711,101
1983,1.984,20,1983,7,lomps_l5d20_relaxed_10h_from_t1p882_20260711,102
1984,1.985,20,1984,7,lomps_l5d20_relaxed_10h_from_t1p882_20260711,103
1985,1.986,20,1985,7,lomps_l5d20_relaxed_10h_from_t1p882_20260711,104
1986,1.987,20,1986,7,lomps_l5d20_relaxed_10h_from_t1p882_20260711,105
1987,1.988,20,1987,7,lomps_l5d20_relaxed_10h_from_t1p882_20260711,106
1988,1.989,20,1988,7,lomps_l5d20_relaxed_10h_from_t1p882_20260711,107
1989,1.99,20,1989,7,lomps_l5d20_relaxed_10h_from_t1p882_20260711,108
1990,1.991,20,1990,7,lomps_l5d20_relaxed_10h_from_t1p882_20260711,109
1991,1.992,20,1991,7,lomps_l5d20_relaxed_10h_from_t1p882_20260711,110
1992,1.993,20,1992,7,lomps_l5d20_relaxed_10h_from_t1p882_20260711,111
1993,1.994,20,1993,7,lomps_l5d20_relaxed_10h_from_t1p882_20260711,112
1994,1.995,20,1994,7,lomps_l5d20_relaxed_10h_from_t1p882_20260711,113
1995,1.996,20,1995,7,lomps_l5d20_relaxed_10h_from_t1p882_20260711,114
1996,1.997,20,1996,7,lomps_l5d20_relaxed_10h_from_t1p882_20260711,115
1997,1.998,20,1997,7,lomps_l5d20_relaxed_10h_from_t1p882_20260711,116
1998,1.999,20,1998,7,lomps_l5d20_relaxed_10h_from_t1p882_20260711,117
1999,2,20,1999,7,lomps_l5d20_relaxed_10h_from_t1p882_20260711,118
2000,2.001,20,2000,7,lomps_l5d20_relaxed_10h_from_t1p882_20260711,119
2001,2.002,20,2001,7,lomps_l5d20_relaxed_10h_from_t1p882_20260711,120
2002,2.003,20,2002,7,lomps_l5d20_relaxed_10h_from_t1p882_20260711,121
2003,2.004,20,2003,7,lomps_l5d20_relaxed_10h_from_t1p882_20260711,122
2004,2.005,20,2004,7,lomps_l5d20_relaxed_10h_from_t1p882_20260711,123
2005,2.006,20,2005,7,lomps_l5d20_relaxed_10h_from_t1p882_20260711,124
2006,2.007,20,2006,7,lomps_l5d20_relaxed_10h_from_t1p882_20260711,125
2007,2.008,20,2007,7,lomps_l5d20_relaxed_10h_from_t1p882_20260711,126
2008,2.009,20,2008,7,lomps_l5d20_relaxed_10h_from_t1p882_20260711,127
2009,2.01,20,2009,7,lomps_l5d20_relaxed_10h_from_t1p882_20260711,128
2010,2.011,20,2010,7,lomps_l5d20_relaxed_10h_from_t1p882_20260711,129
2011,2.012,20,2011,7,lomps_l5d20_relaxed_10h_from_t1p882_20260711,130
2012,2.013,20,2012,7,lomps_l5d20_relaxed_10h_from_t1p882_20260711,131
2013,2.014,20,2013,7,lomps_l5d20_relaxed_10h_from_t1p882_20260711,132
2014,2.015,20,2014,7,lomps_l5d20_relaxed_10h_from_t1p882_20260711,133
2015,2.016,20,2015,7,lomps_l5d20_relaxed_10h_from_t1p882_20260711,134
2016,2.017,20,2016,7,lomps_l5d20_relaxed_10h_from_t1p882_20260711,135
2017,2.018,20,2017,7,lomps_l5d20_relaxed_10h_from_t1p882_20260711,136
2018,2.019,20,2018,7,lomps_l5d20_relaxed_10h_from_t1p882_20260711,137
2019,2.02,20,2019,7,lomps_l5d20_relaxed_10h_from_t1p882_20260711,138
2020,2.021,20,2020,7,lomps_l5d20_relaxed_10h_from_t1p882_20260711,139
2021,2.022,20,2021,7,lomps_l5d20_relaxed_10h_from_t1p882_20260711,140
2022,2.023,20,2022,7,lomps_l5d20_relaxed_10h_from_t1p882_20260711,141
2023,2.024,20,2023,7,lomps_l5d20_relaxed_10h_from_t1p882_20260711,142
2024,2.025,20,2024,7,lomps_l5d20_relaxed_10h_from_t1p882_20260711,143
2025,2.026,20,2025,7,lomps_l5d20_relaxed_10h_from_t1p882_20260711,144
2026,2.027,20,2026,7,lomps_l5d20_relaxed_10h_from_t1p882_20260711,145
2027,2.028,20,2027,7,lomps_l5d20_relaxed_10h_from_t1p882_20260711,146
2028,2.029,20,2028,7,lomps_l5d20_relaxed_10h_from_t1p882_20260711,147
2029,2.03,20,2029,7,lomps_l5d20_relaxed_10h_from_t1p882_20260711,148
2030,2.031,20,2030,7,lomps_l5d20_relaxed_10h_from_t1p882_20260711,149
2031,2.032,20,2031,7,lomps_l5d20_relaxed_10h_from_t1p882_20260711,150
2032,2.033,20,2032,7,lomps_l5d20_relaxed_10h_from_t1p882_20260711,151
2033,2.034,20,2033,7,lomps_l5d20_relaxed_10h_from_t1p882_20260711,152
2034,2.035,20,2034,7,lomps_l5d20_relaxed_10h_from_t1p882_20260711,153
2035,2.036,20,2035,7,lomps_l5d20_relaxed_10h_from_t1p882_20260711,154
2036,2.037,20,2036,7,lomps_l5d20_relaxed_10h_from_t1p882_20260711,155
2037,2.038,20,2037,7,lomps_l5d20_relaxed_10h_from_t1p882_20260711,156
2038,2.039,20,2038,7,lomps_l5d20_relaxed_10h_from_t1p882_20260711,157
2039,2.04,20,2039,7,lomps_l5d20_relaxed_10h_from_t1p882_20260711,158
2040,2.041,20,2040,7,lomps_l5d20_relaxed_10h_from_t1p882_20260711,159
2041,2.042,20,2041,7,lomps_l5d20_relaxed_10h_from_t1p882_20260711,160
2042,2.043,20,2042,7,lomps_l5d20_relaxed_10h_from_t1p882_20260711,161
2043,2.044,20,2043,7,lomps_l5d20_relaxed_10h_from_t1p882_20260711,162
2044,2.045,20,2044,7,lomps_l5d20_relaxed_10h_from_t1p882_20260711,163
2045,2.046,20,2045,7,lomps_l5d20_relaxed_10h_from_t1p882_20260711,164
2046,2.047,20,2046,7,lomps_l5d20_relaxed_10h_from_t1p882_20260711,165
2047,2.048,20,2047,7,lomps_l5d20_relaxed_10h_from_t1p882_20260711,166
2048,2.049,20,2048,7,lomps_l5d20_relaxed_10h_from_t1p882_20260711,167
2049,2.05,20,2049,7,lomps_l5d20_relaxed_10h_from_t1p882_20260711,168
2050,2.051,20,2050,7,lomps_l5d20_relaxed_10h_from_t1p882_20260711,169
2051,2.052,20,2051,7,lomps_l5d20_relaxed_10h_from_t1p882_20260711,170
2052,2.053,20,2052,7,lomps_l5d20_relaxed_10h_from_t1p882_20260711,171
2053,2.054,20,2053,7,lomps_l5d20_relaxed_10h_from_t1p882_20260711,172
2054,2.055,20,2054,7,lomps_l5d20_relaxed_10h_from_t1p882_20260711,173
2055,2.056,20,2055,7,lomps_l5d20_relaxed_10h_from_t1p882_20260711,174
2056,2.057,20,2056,7,lomps_l5d20_relaxed_10h_from_t1p882_20260711,175
2057,2.058,20,2057,7,lomps_l5d20_relaxed_10h_from_t1p882_20260711,176
2058,2.059,20,2058,7,lomps_l5d20_relaxed_10h_from_t1p882_20260711,177
2059,2.06,20,2059,7,lomps_l5d20_relaxed_10h_from_t1p882_20260711,178
2060,2.061,20,2060,7,lomps_l5d20_relaxed_10h_from_t1p882_20260711,179
2061,2.062,20,2061,7,lomps_l5d20_relaxed_10h_from_t1p882_20260711,180
2062,2.063,20,2062,7,lomps_l5d20_relaxed_10h_from_t1p882_20260711,181
2063,2.064,20,2063,7,lomps_l5d20_relaxed_10h_from_t1p882_20260711,182
2064,2.065,20,2064,7,lomps_l5d20_relaxed_10h_from_t1p882_20260711,183
2065,2.066,20,2065,7,lomps_l5d20_relaxed_10h_from_t1p882_20260711,184
2066,2.067,20,2066,7,lomps_l5d20_relaxed_10h_from_t1p882_20260711,185
2067,2.068,20,2067,7,lomps_l5d20_relaxed_10h_from_t1p882_20260711,186
2068,2.069,20,2068,7,lomps_l5d20_relaxed_10h_from_t1p882_20260711,187
2069,2.07,20,2069,7,lomps_l5d20_relaxed_10h_from_t1p882_20260711,188
2070,2.071,20,2070,7,lomps_l5d20_relaxed_10h_from_t1p882_20260711,189
2071,2.072,20,2071,7,lomps_l5d20_relaxed_10h_from_t1p882_20260711,190
2072,2.073,20,2072,7,lomps_l5d20_relaxed_10h_from_t1p882_20260711,191
2073,2.074,20,2073,7,lomps_l5d20_relaxed_10h_from_t1p882_20260711,192
2074,2.075,20,2074,7,lomps_l5d20_relaxed_10h_from_t1p882_20260711,193
2075,2.076,20,2075,7,lomps_l5d20_relaxed_10h_from_t1p882_20260711,194
2076,2.077,20,2076,7,lomps_l5d20_relaxed_10h_from_t1p882_20260711,195
2077,2.078,20,2077,7,lomps_l5d20_relaxed_10h_from_t1p882_20260711,196
2078,2.079,20,2078,7,lomps_l5d20_relaxed_10h_from_t1p882_20260711,197
2079,2.08,20,2079,7,lomps_l5d20_relaxed_10h_from_t1p882_20260711,198
2080,2.081,20,2080,7,lomps_l5d20_relaxed_10h_from_t1p882_20260711,199
2081,2.082,20,2081,7,lomps_l5d20_relaxed_10h_from_t1p882_20260711,200
2082,2.083,20,2082,7,lomps_l5d20_relaxed_10h_from_t1p882_20260711,201
2083,2.084,20,2083,7,lomps_l5d20_relaxed_10h_from_t1p882_20260711,202
2084,2.085,20,2084,7,lomps_l5d20_relaxed_10h_from_t1p882_20260711,203
2085,2.086,20,2085,7,lomps_l5d20_relaxed_10h_from_t1p882_20260711,204
2086,2.087,20,2086,7,lomps_l5d20_relaxed_10h_from_t1p882_20260711,205
2087,2.088,20,2087,7,lomps_l5d20_relaxed_10h_from_t1p882_20260711,206
2088,2.089,20,2088,7,lomps_l5d20_relaxed_10h_from_t1p882_20260711,207
2089,2.09,20,2089,7,lomps_l5d20_relaxed_10h_from_t1p882_20260711,208
2090,2.091,20,2090,7,lomps_l5d20_relaxed_10h_from_t1p882_20260711,209
2091,2.092,20,2091,7,lomps_l5d20_relaxed_10h_from_t1p882_20260711,210
2092,2.093,20,2092,7,lomps_l5d20_relaxed_10h_from_t1p882_20260711,211
2093,2.094,20,2093,7,lomps_l5d20_relaxed_10h_from_t1p882_20260711,212
2094,2.095,20,2094,7,lomps_l5d20_relaxed_10h_from_t1p882_20260711,213
2095,2.096,20,2095,7,lomps_l5d20_relaxed_10h_from_t1p882_20260711,214
2096,2.097,20,2096,7,lomps_l5d20_relaxed_10h_from_t1p882_20260711,215
2097,2.098,20,2097,7,lomps_l5d20_relaxed_10h_from_t1p882_20260711,216
2098,2.099,20,2098,7,lomps_l5d20_relaxed_10h_from_t1p882_20260711,217
2099,2.1,20,2099,7,lomps_l5d20_relaxed_10h_from_t1p882_20260711,218
2100,2.101,20,2100,7,lomps_l5d20_relaxed_10h_from_t1p882_20260711,219
2101,2.102,20,2101,7,lomps_l5d20_relaxed_10h_from_t1p882_20260711,220
2102,2.103,20,2102,7,lomps_l5d20_relaxed_10h_from_t1p882_20260711,221
2103,2.104,20,2103,7,lomps_l5d20_relaxed_10h_from_t1p882_20260711,222
2104,2.105,20,2104,7,lomps_l5d20_relaxed_10h_from_t1p882_20260711,223
2105,2.106,20,2105,7,lomps_l5d20_relaxed_10h_from_t1p882_20260711,224
2106,2.107,20,2106,7,lomps_l5d20_relaxed_10h_from_t1p882_20260711,225
2107,2.108,20,2107,7,lomps_l5d20_relaxed_10h_from_t1p882_20260711,226
2108,2.109,20,2108,7,lomps_l5d20_relaxed_10h_from_t1p882_20260711,227
2109,2.11,20,2109,7,lomps_l5d20_relaxed_10h_from_t1p882_20260711,228
2110,2.111,20,2110,7,lomps_l5d20_relaxed_10h_from_t1p882_20260711,229
2111,2.112,20,2111,7,lomps_l5d20_relaxed_10h_from_t1p882_20260711,230
2112,2.113,20,2112,7,lomps_l5d20_relaxed_10h_from_t1p882_20260711,231
2113,2.114,20,2113,7,lomps_l5d20_relaxed_10h_from_t1p882_20260711,232
2114,2.115,20,2114,7,lomps_l5d20_relaxed_10h_from_t1p882_20260711,233
2115,2.116,20,2115,7,lomps_l5d20_relaxed_10h_from_t1p882_20260711,234
2116,2.117,20,2116,7,lomps_l5d20_relaxed_10h_from_t1p882_20260711,235
2117,2.118,20,2117,7,lomps_l5d20_relaxed_10h_from_t1p882_20260711,236
2118,2.119,20,2118,7,lomps_l5d20_relaxed_10h_from_t1p882_20260711,237
2119,2.12,20,2119,7,lomps_l5d20_relaxed_10h_from_t1p882_20260711,238
2120,2.121,20,2120,7,lomps_l5d20_relaxed_10h_from_t1p882_20260711,239
2121,2.122,20,2121,7,lomps_l5d20_relaxed_10h_from_t1p882_20260711,240
2122,2.123,20,2122,7,lomps_l5d20_relaxed_10h_from_t1p882_20260711,241
2123,2.124,20,2123,7,lomps_l5d20_relaxed_10h_from_t1p882_20260711,242
2124,2.125,20,2124,7,lomps_l5d20_relaxed_10h_from_t1p882_20260711,243
2125,2.126,20,2125,7,lomps_l5d20_relaxed_10h_from_t1p882_20260711,244
2126,2.127,20,2126,7,lomps_l5d20_relaxed_10h_from_t1p882_20260711,245
2127,2.128,20,2127,7,lomps_l5d20_relaxed_10h_from_t1p882_20260711,246
2128,2.129,20,2128,7,lomps_l5d20_relaxed_10h_from_t1p882_20260711,247
2129,2.13,20,2129,7,lomps_l5d20_relaxed_10h_from_t1p882_20260711,248
2130,2.131,20,2130,7,lomps_l5d20_relaxed_10h_from_t1p882_20260711,249
2131,2.132,20,2131,7,lomps_l5d20_relaxed_10h_from_t1p882_20260711,250
2132,2.133,20,2132,7,lomps_l5d20_relaxed_10h_from_t1p882_20260711,251
2133,2.134,20,2133,7,lomps_l5d20_relaxed_10h_from_t1p882_20260711,252
2134,2.135,20,2134,7,lomps_l5d20_relaxed_10h_from_t1p882_20260711,253
2135,2.136,20,2135,7,lomps_l5d20_relaxed_10h_from_t1p882_20260711,254
2136,2.137,20,2136,7,lomps_l5d20_relaxed_10h_from_t1p882_20260711,255
2137,2.138,20,2137,7,lomps_l5d20_relaxed_10h_from_t1p882_20260711,256
2138,2.139,20,2138,7,lomps_l5d20_relaxed_10h_from_t1p882_20260711,257
2139,2.14,20,2139,7,lomps_l5d20_relaxed_10h_from_t1p882_20260711,258
2140,2.141,20,2140,7,lomps_l5d20_relaxed_10h_from_t1p882_20260711,259
2141,2.142,20,2141,7,lomps_l5d20_relaxed_10h_from_t1p882_20260711,260
2142,2.143,20,2142,7,lomps_l5d20_relaxed_10h_from_t1p882_20260711,261
2143,2.144,20,2143,7,lomps_l5d20_relaxed_10h_from_t1p882_20260711,262
2144,2.145,20,2144,7,lomps_l5d20_relaxed_10h_from_t1p882_20260711,263
2145,2.146,20,2145,7,lomps_l5d20_relaxed_10h_from_t1p882_20260711,264
2146,2.147,20,2146,7,lomps_l5d20_relaxed_10h_from_t1p882_20260711,265
2147,2.148,20,2147,7,lomps_l5d20_relaxed_10h_from_t1p882_20260711,266
2148,2.149,20,2148,7,lomps_l5d20_relaxed_10h_from_t1p882_20260711,267
2149,2.15,20,2149,7,lomps_l5d20_relaxed_10h_from_t1p882_20260711,268
2150,2.151,20,2150,7,lomps_l5d20_relaxed_10h_from_t1p882_20260711,269
2151,2.152,20,2151,7,lomps_l5d20_relaxed_10h_from_t1p882_20260711,270
2152,2.153,20,2152,7,lomps_l5d20_relaxed_10h_from_t1p882_20260711,271
2153,2.154,20,2153,7,lomps_l5d20_relaxed_10h_from_t1p882_20260711,272
2154,2.155,20,2154,7,lomps_l5d20_relaxed_10h_from_t1p882_20260711,273
2155,2.156,20,2155,7,lomps_l5d20_relaxed_10h_from_t1p882_20260711,274
2156,2.157,20,2156,7,lomps_l5d20_relaxed_10h_from_t1p882_20260711,275
2157,2.158,20,2157,7,lomps_l5d20_relaxed_10h_from_t1p882_20260711,276
2158,2.159,20,2158,7,lomps_l5d20_relaxed_10h_from_t1p882_20260711,277
2159,2.16,20,2159,7,lomps_l5d20_relaxed_10h_from_t1p882_20260711,278
2160,2.161,20,2160,7,lomps_l5d20_relaxed_10h_from_t1p882_20260711,279
2161,2.162,20,2161,7,lomps_l5d20_relaxed_10h_from_t1p882_20260711,280
2162,2.163,20,2162,7,lomps_l5d20_relaxed_10h_from_t1p882_20260711,281
2163,2.164,20,2163,7,lomps_l5d20_relaxed_10h_from_t1p882_20260711,282
2164,2.165,20,2164,7,lomps_l5d20_relaxed_10h_from_t1p882_20260711,283
2165,2.166,20,2165,7,lomps_l5d20_relaxed_10h_from_t1p882_20260711,284
2166,2.167,20,2166,7,lomps_l5d20_relaxed_10h_from_t1p882_20260711,285
2167,2.168,20,2167,7,lomps_l5d20_relaxed_10h_from_t1p882_20260711,286
2168,2.169,20,2168,7,lomps_l5d20_relaxed_10h_from_t1p882_20260711,287
2169,2.17,20,2169,7,lomps_l5d20_relaxed_10h_from_t1p882_20260711,288
2170,2.171,20,2170,7,lomps_l5d20_relaxed_10h_from_t1p882_20260711,289
2171,2.172,20,2171,7,lomps_l5d20_relaxed_10h_from_t1p882_20260711,290
2172,2.173,20,2172,7,lomps_l5d20_relaxed_10h_from_t1p882_20260711,291
2173,2.174,20,2173,7,lomps_l5d20_relaxed_10h_from_t1p882_20260711,292
2174,2.175,20,2174,7,lomps_l5d20_relaxed_10h_from_t1p882_20260711,293
2175,2.176,20,2175,7,lomps_l5d20_relaxed_10h_from_t1p882_20260711,294
2176,2.177,20,2176,7,lomps_l5d20_relaxed_10h_from_t1p882_20260711,295
2177,2.178,20,2177,7,lomps_l5d20_relaxed_10h_from_t1p882_20260711,296
2178,2.179,20,2178,7,lomps_l5d20_relaxed_10h_from_t1p882_20260711,297
2179,2.18,20,2179,7,lomps_l5d20_relaxed_10h_from_t1p882_20260711,298
2180,2.181,20,2180,7,lomps_l5d20_relaxed_10h_from_t1p882_20260711,299
2181,2.182,20,2181,7,lomps_l5d20_relaxed_10h_from_t1p882_20260711,300
2182,2.183,20,2182,7,lomps_l5d20_relaxed_10h_from_t1p882_20260711,301
2183,2.184,20,2183,7,lomps_l5d20_relaxed_10h_from_t1p882_20260711,302
2184,2.185,20,2184,7,lomps_l5d20_relaxed_10h_from_t1p882_20260711,303
2185,2.186,20,2185,7,lomps_l5d20_relaxed_10h_from_t1p882_20260711,304
2186,2.187,20,2186,7,lomps_l5d20_relaxed_10h_from_t1p882_20260711,305
2187,2.188,20,2187,7,lomps_l5d20_relaxed_10h_from_t1p882_20260711,306
2188,2.189,20,2188,7,lomps_l5d20_relaxed_10h_from_t1p882_20260711,307
2189,2.19,20,2189,7,lomps_l5d20_relaxed_10h_from_t1p882_20260711,308
2190,2.191,20,2190,7,lomps_l5d20_relaxed_10h_from_t1p882_20260711,309
2191,2.192,20,2191,7,lomps_l5d20_relaxed_10h_from_t1p882_20260711,310
2192,2.193,20,2192,7,lomps_l5d20_relaxed_10h_from_t1p882_20260711,311
2193,2.194,20,2193,7,lomps_l5d20_relaxed_10h_from_t1p882_20260711,312
2194,2.195,20,2194,7,lomps_l5d20_relaxed_10h_from_t1p882_20260711,313
2195,2.196,20,2195,7,lomps_l5d20_relaxed_10h_from_t1p882_20260711,314
2196,2.197,20,2196,7,lomps_l5d20_relaxed_10h_from_t1p882_20260711,315
2197,2.198,20,2197,7,lomps_l5d20_relaxed_10h_from_t1p882_20260711,316
2198,2.199,20,2198,7,lomps_l5d20_relaxed_10h_from_t1p882_20260711,317
2199,2.2,20,2199,7,lomps_l5d20_relaxed_10h_from_t1p882_20260711,318
2200,2.201,20,2200,7,lomps_l5d20_relaxed_10h_from_t1p882_20260711,319
2201,2.202,20,2201,7,lomps_l5d20_relaxed_10h_from_t1p882_20260711,320
2202,2.203,20,2202,7,lomps_l5d20_relaxed_10h_from_t1p882_20260711,321
2203,2.204,20,2203,7,lomps_l5d20_relaxed_10h_from_t1p882_20260711,322
2204,2.205,20,2204,7,lomps_l5d20_relaxed_10h_from_t1p882_20260711,323
2205,2.206,20,2205,7,lomps_l5d20_relaxed_10h_from_t1p882_20260711,324
2206,2.207,20,2206,7,lomps_l5d20_relaxed_10h_from_t1p882_20260711,325
2207,2.208,20,2207,7,lomps_l5d20_relaxed_10h_from_t1p882_20260711,326
2208,2.209,20,2208,7,lomps_l5d20_relaxed_10h_from_t1p882_20260711,327
2209,2.21,20,2209,7,lomps_l5d20_relaxed_10h_from_t1p882_20260711,328
2210,2.211,20,2210,7,lomps_l5d20_relaxed_10h_from_t1p882_20260711,329
2211,2.212,20,2211,7,lomps_l5d20_relaxed_10h_from_t1p882_20260711,330
2212,2.213,20,2212,7,lomps_l5d20_relaxed_10h_from_t1p882_20260711,331
2213,2.214,20,2213,7,lomps_l5d20_relaxed_10h_from_t1p882_20260711,332
2214,2.215,20,2214,7,lomps_l5d20_relaxed_10h_from_t1p882_20260711,333
2215,2.216,20,2215,7,lomps_l5d20_relaxed_10h_from_t1p882_20260711,334
2216,2.217,20,2216,7,lomps_l5d20_relaxed_10h_from_t1p882_20260711,335
2217,2.218,20,2217,7,lomps_l5d20_relaxed_10h_from_t1p882_20260711,336
2218,2.219,20,2218,7,lomps_l5d20_relaxed_10h_from_t1p882_20260711,337
2219,2.22,20,2219,7,lomps_l5d20_relaxed_10h_from_t1p882_20260711,338
2220,2.221,20,2220,7,lomps_l5d20_relaxed_10h_from_t1p882_20260711,339
2221,2.222,20,2221,7,lomps_l5d20_relaxed_10h_from_t1p882_20260711,340
2222,2.223,20,2222,7,lomps_l5d20_relaxed_10h_from_t1p882_20260711,341
2223,2.224,20,2223,7,lomps_l5d20_relaxed_10h_from_t1p882_20260711,342
2224,2.225,20,2224,7,lomps_l5d20_relaxed_10h_from_t1p882_20260711,343
2225,2.226,20,2225,7,lomps_l5d20_relaxed_10h_from_t1p882_20260711,344
2226,2.227,20,2226,7,lomps_l5d20_relaxed_10h_from_t1p882_20260711,345
2227,2.228,20,2227,7,lomps_l5d20_relaxed_10h_from_t1p882_20260711,346
2228,2.229,20,2228,7,lomps_l5d20_relaxed_10h_from_t1p882_20260711,347
2229,2.23,20,2229,7,lomps_l5d20_relaxed_10h_from_t1p882_20260711,348
2230,2.231,20,2230,7,lomps_l5d20_relaxed_10h_from_t1p882_20260711,349
2231,2.232,20,2231,7,lomps_l5d20_relaxed_10h_from_t1p882_20260711,350
2232,2.233,20,2232,7,lomps_l5d20_relaxed_10h_from_t1p882_20260711,351
2233,2.234,20,2233,7,lomps_l5d20_relaxed_10h_from_t1p882_20260711,352
2234,2.235,20,2234,7,lomps_l5d20_relaxed_10h_from_t1p882_20260711,353
2235,2.236,20,2235,7,lomps_l5d20_relaxed_10h_from_t1p882_20260711,354
2236,2.237,20,2236,7,lomps_l5d20_relaxed_10h_from_t1p882_20260711,355
2237,2.238,20,2237,7,lomps_l5d20_relaxed_10h_from_t1p882_20260711,356
2238,2.239,20,2238,7,lomps_l5d20_relaxed_10h_from_t1p882_20260711,357
2239,2.24,20,2239,7,lomps_l5d20_relaxed_10h_from_t1p882_20260711,358
2240,2.241,20,2240,7,lomps_l5d20_relaxed_10h_from_t1p882_20260711,359
2241,2.242,20,2241,7,lomps_l5d20_relaxed_10h_from_t1p882_20260711,360
2242,2.243,20,2242,7,lomps_l5d20_relaxed_10h_from_t1p882_20260711,361
2243,2.244,20,2243,7,lomps_l5d20_relaxed_10h_from_t1p882_20260711,362
2244,2.245,20,2244,7,lomps_l5d20_relaxed_10h_from_t1p882_20260711,363
2245,2.246,20,2245,7,lomps_l5d20_relaxed_10h_from_t1p882_20260711,364
2246,2.247,20,2246,7,lomps_l5d20_relaxed_10h_from_t1p882_20260711,365
2247,2.248,20,2247,7,lomps_l5d20_relaxed_10h_from_t1p882_20260711,366
2248,2.249,20,2248,7,lomps_l5d20_relaxed_10h_from_t1p882_20260711,367
2249,2.25,20,2249,7,lomps_l5d20_relaxed_10h_from_t1p882_20260711,368
2250,2.251,20,2250,7,lomps_l5d20_relaxed_10h_from_t1p882_20260711,369
2251,2.252,20,2251,7,lomps_l5d20_relaxed_10h_from_t1p882_20260711,370
2252,2.253,20,2252,7,lomps_l5d20_relaxed_10h_from_t1p882_20260711,371
2253,2.254,20,2253,7,lomps_l5d20_relaxed_10h_from_t1p882_20260711,372
2254,2.255,20,2254,7,lomps_l5d20_relaxed_10h_from_t1p882_20260711,373
2255,2.256,20,2255,7,lomps_l5d20_relaxed_10h_from_t1p882_20260711,374
2256,2.257,20,2256,7,lomps_l5d20_relaxed_10h_from_t1p882_20260711,375
2257,2.258,20,2257,7,lomps_l5d20_relaxed_10h_from_t1p882_20260711,376
2258,2.259,20,2258,7,lomps_l5d20_relaxed_10h_from_t1p882_20260711,377
2259,2.26,20,2259,7,lomps_l5d20_relaxed_10h_from_t1p882_20260711,378
2260,2.261,20,2260,7,lomps_l5d20_relaxed_10h_from_t1p882_20260711,379
2261,2.262,20,2261,7,lomps_l5d20_relaxed_10h_from_t1p882_20260711,380
2262,2.263,20,2262,7,lomps_l5d20_relaxed_10h_from_t1p882_20260711,381
2263,2.264,20,2263,7,lomps_l5d20_relaxed_10h_from_t1p882_20260711,382
2264,2.265,20,2264,7,lomps_l5d20_relaxed_10h_from_t1p882_20260711,383
2265,2.266,20,2265,7,lomps_l5d20_relaxed_10h_from_t1p882_20260711,384
2266,2.267,20,2266,7,lomps_l5d20_relaxed_10h_from_t1p882_20260711,385
2267,2.268,20,2267,7,lomps_l5d20_relaxed_10h_from_t1p882_20260711,386
2268,2.269,20,2268,7,lomps_l5d20_relaxed_10h_from_t1p882_20260711,387
2269,2.27,20,2269,7,lomps_l5d20_relaxed_10h_from_t1p882_20260711,388
2270,2.271,20,2270,7,lomps_l5d20_relaxed_10h_from_t1p882_20260711,389
2271,2.272,20,2271,7,lomps_l5d20_relaxed_10h_from_t1p882_20260711,390
2272,2.273,20,2272,7,lomps_l5d20_relaxed_10h_from_t1p882_20260711,391
2273,2.274,20,2273,7,lomps_l5d20_relaxed_10h_from_t1p882_20260711,392
2274,2.275,20,2274,7,lomps_l5d20_relaxed_10h_from_t1p882_20260711,393
2275,2.276,20,2275,7,lomps_l5d20_relaxed_10h_from_t1p882_20260711,394
2276,2.277,20,2276,7,lomps_l5d20_relaxed_10h_from_t1p882_20260711,395
2277,2.278,20,2277,7,lomps_l5d20_relaxed_10h_from_t1p882_20260711,396
2278,2.279,20,2278,7,lomps_l5d20_relaxed_10h_from_t1p882_20260711,397
2279,2.28,20,2279,7,lomps_l5d20_relaxed_10h_from_t1p882_20260711,398
2280,2.281,20,2280,7,lomps_l5d20_relaxed_10h_from_t1p882_20260711,399
2281,2.282,20,2281,7,lomps_l5d20_relaxed_10h_from_t1p882_20260711,400
2282,2.283,20,2282,7,lomps_l5d20_relaxed_10h_from_t1p882_20260711,401
2283,2.284,20,2283,7,lomps_l5d20_relaxed_10h_from_t1p882_20260711,402
2284,2.285,20,2284,7,lomps_l5d20_relaxed_10h_from_t1p882_20260711,403
2285,2.286,20,2285,7,lomps_l5d20_relaxed_10h_from_t1p882_20260711,404
2286,2.287,20,2286,7,lomps_l5d20_relaxed_10h_from_t1p882_20260711,405
2287,2.288,20,2287,7,lomps_l5d20_relaxed_10h_from_t1p882_20260711,406
2288,2.289,20,2288,7,lomps_l5d20_relaxed_10h_from_t1p882_20260711,407
2289,2.29,20,2289,7,lomps_l5d20_relaxed_10h_from_t1p882_20260711,408
2290,2.291,20,2290,7,lomps_l5d20_relaxed_10h_from_t1p882_20260711,409
2291,2.292,20,2291,7,lomps_l5d20_relaxed_10h_from_t1p882_20260711,410
2292,2.293,20,2292,7,lomps_l5d20_relaxed_10h_from_t1p882_20260711,411
2293,2.294,20,2293,7,lomps_l5d20_relaxed_10h_from_t1p882_20260711,412
2294,2.295,20,2294,7,lomps_l5d20_relaxed_10h_from_t1p882_20260711,413
2295,2.296,20,2295,7,lomps_l5d20_relaxed_10h_from_t1p882_20260711,414
2296,2.297,20,2296,7,lomps_l5d20_relaxed_10h_from_t1p882_20260711,415
2297,2.298,20,2297,7,lomps_l5d20_relaxed_10h_from_t1p882_20260711,416
2298,2.299,20,2298,7,lomps_l5d20_relaxed_10h_from_t1p882_20260711,417
2299,2.3,20,2299,7,lomps_l5d20_relaxed_10h_from_t1p882_20260711,418
2300,2.301,20,2300,7,lomps_l5d20_relaxed_10h_from_t1p882_20260711,419
2301,2.302,20,2301,7,lomps_l5d20_relaxed_10h_from_t1p882_20260711,420
2302,2.303,20,2302,7,lomps_l5d20_relaxed_10h_from_t1p882_20260711,421
2303,2.304,20,2303,7,lomps_l5d20_relaxed_10h_from_t1p882_20260711,422
2304,2.305,20,2304,7,lomps_l5d20_relaxed_10h_from_t1p882_20260711,423
2305,2.306,20,2305,7,lomps_l5d20_relaxed_10h_from_t1p882_20260711,424
2306,2.307,20,2306,7,lomps_l5d20_relaxed_10h_from_t1p882_20260711,425
2307,2.308,20,2307,7,lomps_l5d20_relaxed_10h_from_t1p882_20260711,426
2308,2.309,20,2308,7,lomps_l5d20_relaxed_10h_from_t1p882_20260711,427
2309,2.31,20,2309,7,lomps_l5d20_relaxed_10h_from_t1p882_20260711,428
2310,2.311,20,2310,7,lomps_l5d20_relaxed_10h_from_t1p882_20260711,429
2311,2.312,20,2311,7,lomps_l5d20_relaxed_10h_from_t1p882_20260711,430
2312,2.313,20,2312,7,lomps_l5d20_relaxed_10h_from_t1p882_20260711,431
2313,2.314,20,2313,7,lomps_l5d20_relaxed_10h_from_t1p882_20260711,432
2314,2.315,20,2314,7,lomps_l5d20_relaxed_10h_from_t1p882_20260711,433
2315,2.316,20,2315,7,lomps_l5d20_relaxed_10h_from_t1p882_20260711,434
2316,2.317,20,2316,7,lomps_l5d20_relaxed_10h_from_t1p882_20260711,435
2317,2.318,20,2317,7,lomps_l5d20_relaxed_10h_from_t1p882_20260711,436
2318,2.319,20,2318,7,lomps_l5d20_relaxed_10h_from_t1p882_20260711,437
2319,2.32,20,2319,7,lomps_l5d20_relaxed_10h_from_t1p882_20260711,438
2320,2.321,20,2320,7,lomps_l5d20_relaxed_10h_from_t1p882_20260711,439
2321,2.322,20,2321,7,lomps_l5d20_relaxed_10h_from_t1p882_20260711,440
2322,2.323,20,2322,7,lomps_l5d20_relaxed_10h_from_t1p882_20260711,441
2323,2.324,20,2323,7,lomps_l5d20_relaxed_10h_from_t1p882_20260711,442
2324,2.325,20,2324,7,lomps_l5d20_relaxed_10h_from_t1p882_20260711,443
2325,2.326,20,2325,7,lomps_l5d20_relaxed_10h_from_t1p882_20260711,444
2326,2.327,20,2326,7,lomps_l5d20_relaxed_10h_from_t1p882_20260711,445
2327,2.328,20,2327,7,lomps_l5d20_relaxed_10h_from_t1p882_20260711,446
2328,2.329,20,2328,7,lomps_l5d20_relaxed_10h_from_t1p882_20260711,447
2329,2.33,20,2329,7,lomps_l5d20_relaxed_10h_from_t1p882_20260711,448
2330,2.331,20,2330,7,lomps_l5d20_relaxed_10h_from_t1p882_20260711,449
2331,2.332,20,2331,7,lomps_l5d20_relaxed_10h_from_t1p882_20260711,450
2332,2.333,20,2332,7,lomps_l5d20_relaxed_10h_from_t1p882_20260711,451
2333,2.334,20,2333,7,lomps_l5d20_relaxed_10h_from_t1p882_20260711,452
2334,2.335,20,2334,7,lomps_l5d20_relaxed_10h_from_t1p882_20260711,453
2335,2.336,20,2335,7,lomps_l5d20_relaxed_10h_from_t1p882_20260711,454
2336,2.337,20,2336,7,lomps_l5d20_relaxed_10h_from_t1p882_20260711,455
2337,2.338,20,2337,7,lomps_l5d20_relaxed_10h_from_t1p882_20260711,456
2338,2.339,20,2338,7,lomps_l5d20_relaxed_10h_from_t1p882_20260711,457
2339,2.34,20,2339,7,lomps_l5d20_relaxed_10h_from_t1p882_20260711,458
2340,2.341,20,2340,7,lomps_l5d20_relaxed_10h_from_t1p882_20260711,459
2341,2.342,20,2341,7,lomps_l5d20_relaxed_10h_from_t1p882_20260711,460
2342,2.343,20,2342,7,lomps_l5d20_relaxed_10h_from_t1p882_20260711,461
2343,2.344,20,2343,7,lomps_l5d20_relaxed_10h_from_t1p882_20260711,462
2344,2.345,20,2344,7,lomps_l5d20_relaxed_10h_from_t1p882_20260711,463
2345,2.346,20,2345,7,lomps_l5d20_relaxed_10h_from_t1p882_20260711,464
2346,2.347,20,2346,7,lomps_l5d20_relaxed_10h_from_t1p882_20260711,465
2347,2.348,20,2347,7,lomps_l5d20_relaxed_10h_from_t1p882_20260711,466
2348,2.349,20,2348,7,lomps_l5d20_relaxed_10h_from_t1p882_20260711,467
2349,2.35,20,2349,7,lomps_l5d20_relaxed_10h_from_t1p882_20260711,468
2350,2.351,20,2350,7,lomps_l5d20_relaxed_10h_from_t1p882_20260711,469
2351,2.352,20,2351,7,lomps_l5d20_relaxed_10h_from_t1p882_20260711,470
2352,2.353,20,2352,7,lomps_l5d20_relaxed_10h_from_t1p882_20260711,471
2353,2.354,20,2353,7,lomps_l5d20_relaxed_10h_from_t1p882_20260711,472
2354,2.355,20,2354,7,lomps_l5d20_relaxed_10h_from_t1p882_20260711,473
2355,2.356,20,2355,7,lomps_l5d20_relaxed_10h_from_t1p882_20260711,474
2356,2.357,20,2356,7,lomps_l5d20_relaxed_10h_from_t1p882_20260711,475
2357,2.358,20,2357,7,lomps_l5d20_relaxed_10h_from_t1p882_20260711,476
2358,2.359,20,2358,7,lomps_l5d20_relaxed_10h_from_t1p882_20260711,477
2359,2.36,20,2359,7,lomps_l5d20_relaxed_10h_from_t1p882_20260711,478
2360,2.361,20,2360,7,lomps_l5d20_relaxed_10h_from_t1p882_20260711,479
2361,2.362,20,2361,7,lomps_l5d20_relaxed_10h_from_t1p882_20260711,480
2362,2.363,20,2362,7,lomps_l5d20_relaxed_10h_from_t1p882_20260711,481
2363,2.364,20,2363,7,lomps_l5d20_relaxed_10h_from_t1p882_20260711,482
2364,2.365,20,2364,7,lomps_l5d20_relaxed_10h_from_t1p882_20260711,483
2365,2.366,20,2365,7,lomps_l5d20_relaxed_10h_from_t1p882_20260711,484
2366,2.367,20,2366,7,lomps_l5d20_relaxed_10h_from_t1p882_20260711,485
2367,2.368,20,2367,7,lomps_l5d20_relaxed_10h_from_t1p882_20260711,486
2368,2.369,20,2368,7,lomps_l5d20_relaxed_10h_from_t1p882_20260711,487
2369,2.37,20,2369,7,lomps_l5d20_relaxed_10h_from_t1p882_20260711,488
2370,2.371,20,2370,7,lomps_l5d20_relaxed_10h_from_t1p882_20260711,489
2371,2.372,20,2371,7,lomps_l5d20_relaxed_10h_from_t1p882_20260711,490
2372,2.373,20,2372,7,lomps_l5d20_relaxed_10h_from_t1p882_20260711,491
2373,2.374,20,2373,7,lomps_l5d20_relaxed_10h_from_t1p882_20260711,492
2374,2.375,20,2374,7,lomps_l5d20_relaxed_10h_from_t1p882_20260711,493
2375,2.376,20,2375,7,lomps_l5d20_relaxed_10h_from_t1p882_20260711,494
2376,2.377,20,2376,7,lomps_l5d20_relaxed_10h_from_t1p882_20260711,495
2377,2.378,20,2377,7,lomps_l5d20_relaxed_10h_from_t1p882_20260711,496
2378,2.379,20,2378,7,lomps_l5d20_relaxed_10h_from_t1p882_20260711,497
2379,2.38,20,2379,7,lomps_l5d20_relaxed_10h_from_t1p882_20260711,498
2380,2.381,20,2380,7,lomps_l5d20_relaxed_10h_from_t1p882_20260711,499
2381,2.382,20,2381,7,lomps_l5d20_relaxed_10h_from_t1p882_20260711,500
2382,2.383,20,2382,7,lomps_l5d20_relaxed_10h_from_t1p882_20260711,501
2383,2.384,20,2383,7,lomps_l5d20_relaxed_10h_from_t1p882_20260711,502
2384,2.385,20,2384,7,lomps_l5d20_relaxed_10h_from_t1p882_20260711,503
2385,2.386,20,2385,7,lomps_l5d20_relaxed_10h_from_t1p882_20260711,504
2386,2.387,20,2386,7,lomps_l5d20_relaxed_10h_from_t1p882_20260711,505
2387,2.388,20,2387,7,lomps_l5d20_relaxed_10h_from_t1p882_20260711,506
2388,2.389,20,2388,7,lomps_l5d20_relaxed_10h_from_t1p882_20260711,507
2389,2.39,20,2389,7,lomps_l5d20_relaxed_10h_from_t1p882_20260711,508
2390,2.391,20,2390,7,lomps_l5d20_relaxed_10h_from_t1p882_20260711,509
2391,2.392,20,2391,7,lomps_l5d20_relaxed_10h_from_t1p882_20260711,510
2392,2.393,20,2392,7,lomps_l5d20_relaxed_10h_from_t1p882_20260711,511
2393,2.394,20,2393,7,lomps_l5d20_relaxed_10h_from_t1p882_20260711,512
2394,2.395,20,2394,7,lomps_l5d20_relaxed_10h_from_t1p882_20260711,513
2395,2.396,20,2395,7,lomps_l5d20_relaxed_10h_from_t1p882_20260711,514
2396,2.397,20,2396,7,lomps_l5d20_relaxed_10h_from_t1p882_20260711,515
2397,2.398,20,2397,7,lomps_l5d20_relaxed_10h_from_t1p882_20260711,516
2398,2.399,20,2398,7,lomps_l5d20_relaxed_10h_from_t1p882_20260711,517
2399,2.4,20,2399,7,lomps_l5d20_relaxed_10h_from_t1p882_20260711,518
2400,2.401,20,2400,7,lomps_l5d20_relaxed_10h_from_t1p882_20260711,519
2401,2.402,20,2401,7,lomps_l5d20_relaxed_10h_from_t1p882_20260711,520
2402,2.403,20,2402,7,lomps_l5d20_relaxed_10h_from_t1p882_20260711,521
2403,2.404,20,2403,7,lomps_l5d20_relaxed_10h_from_t1p882_20260711,522
2404,2.405,20,2404,7,lomps_l5d20_relaxed_10h_from_t1p882_20260711,523
2405,2.406,20,2405,7,lomps_l5d20_relaxed_10h_from_t1p882_20260711,524
2406,2.407,20,2406,7,lomps_l5d20_relaxed_10h_from_t1p882_20260711,525
2407,2.408,20,2407,7,lomps_l5d20_relaxed_10h_from_t1p882_20260711,526
2408,2.409,20,2408,7,lomps_l5d20_relaxed_10h_from_t1p882_20260711,527
2409,2.41,20,2409,7,lomps_l5d20_relaxed_10h_from_t1p882_20260711,528
2410,2.411,20,2410,7,lomps_l5d20_relaxed_10h_from_t1p882_20260711,529
2411,2.412,20,2411,7,lomps_l5d20_relaxed_10h_from_t1p882_20260711,530
2412,2.413,20,2412,7,lomps_l5d20_relaxed_10h_from_t1p882_20260711,531
2413,2.414,20,2413,7,lomps_l5d20_relaxed_10h_from_t1p882_20260711,532
2414,2.415,20,2414,7,lomps_l5d20_relaxed_10h_from_t1p882_20260711,533
2415,2.416,20,2415,7,lomps_l5d20_relaxed_10h_from_t1p882_20260711,534
2416,2.417,20,2416,7,lomps_l5d20_relaxed_10h_from_t1p882_20260711,535
2417,2.418,20,2417,7,lomps_l5d20_relaxed_10h_from_t1p882_20260711,536
2418,2.419,20,2418,7,lomps_l5d20_relaxed_10h_from_t1p882_20260711,537
2419,2.42,20,2419,7,lomps_l5d20_relaxed_10h_from_t1p882_20260711,538
2420,2.421,20,2420,7,lomps_l5d20_relaxed_10h_from_t1p882_20260711,539
2421,2.422,20,2421,7,lomps_l5d20_relaxed_10h_from_t1p882_20260711,540
2422,2.423,20,2422,7,lomps_l5d20_relaxed_10h_from_t1p882_20260711,541
2423,2.424,20,2423,7,lomps_l5d20_relaxed_10h_from_t1p882_20260711,542
2424,2.425,20,2424,7,lomps_l5d20_relaxed_10h_from_t1p882_20260711,543
2425,2.426,20,2425,7,lomps_l5d20_relaxed_10h_from_t1p882_20260711,544
2426,2.427,20,2426,7,lomps_l5d20_relaxed_10h_from_t1p882_20260711,545
2427,2.428,20,2427,7,lomps_l5d20_relaxed_10h_from_t1p882_20260711,546
2428,2.429,20,2428,7,lomps_l5d20_relaxed_10h_from_t1p882_20260711,547
2429,2.43,20,2429,7,lomps_l5d20_relaxed_10h_from_t1p882_20260711,548
2430,2.431,20,2430,7,lomps_l5d20_relaxed_10h_from_t1p882_20260711,549
2431,2.432,20,2431,7,lomps_l5d20_relaxed_10h_from_t1p882_20260711,550
2432,2.433,20,2432,7,lomps_l5d20_relaxed_10h_from_t1p882_20260711,551
2433,2.434,20,2433,7,lomps_l5d20_relaxed_10h_from_t1p882_20260711,552
2434,2.435,20,2434,7,lomps_l5d20_relaxed_10h_from_t1p882_20260711,553
2435,2.436,20,2435,7,lomps_l5d20_relaxed_10h_from_t1p882_20260711,554
2436,2.437,20,2436,7,lomps_l5d20_relaxed_10h_from_t1p882_20260711,555
2437,2.438,20,2437,7,lomps_l5d20_relaxed_10h_from_t1p882_20260711,556
2438,2.439,20,2438,7,lomps_l5d20_relaxed_10h_from_t1p882_20260711,557
2439,2.44,20,2439,7,lomps_l5d20_relaxed_10h_from_t1p882_20260711,558
2440,2.441,20,2440,7,lomps_l5d20_relaxed_10h_from_t1p882_20260711,559
2441,2.442,20,2441,7,lomps_l5d20_relaxed_10h_from_t1p882_20260711,560
2442,2.443,20,2442,7,lomps_l5d20_relaxed_10h_from_t1p882_20260711,561
2443,2.444,20,2443,7,lomps_l5d20_relaxed_10h_from_t1p882_20260711,562
2444,2.445,20,2444,7,lomps_l5d20_relaxed_10h_from_t1p882_20260711,563
2445,2.446,20,2445,7,lomps_l5d20_relaxed_10h_from_t1p882_20260711,564
2446,2.447,20,2446,7,lomps_l5d20_relaxed_10h_from_t1p882_20260711,565
2447,2.448,20,2447,7,lomps_l5d20_relaxed_10h_from_t1p882_20260711,566
2448,2.449,20,2448,7,lomps_l5d20_relaxed_10h_from_t1p882_20260711,567
2449,2.45,20,2449,7,lomps_l5d20_relaxed_10h_from_t1p882_20260711,568
2450,2.451,20,2450,7,lomps_l5d20_relaxed_10h_from_t1p882_20260711,569
2451,2.452,20,2451,7,lomps_l5d20_relaxed_10h_from_t1p882_20260711,570
2452,2.453,20,2452,7,lomps_l5d20_relaxed_10h_from_t1p882_20260711,571
2453,2.454,20,2453,7,lomps_l5d20_relaxed_10h_from_t1p882_20260711,572
2454,2.455,20,2454,7,lomps_l5d20_relaxed_10h_from_t1p882_20260711,573
2455,2.456,20,2455,7,lomps_l5d20_relaxed_10h_from_t1p882_20260711,574
2456,2.457,20,2456,7,lomps_l5d20_relaxed_10h_from_t1p882_20260711,575
2457,2.458,20,2457,7,lomps_l5d20_relaxed_10h_from_t1p882_20260711,576
2458,2.459,20,2458,7,lomps_l5d20_relaxed_10h_from_t1p882_20260711,577
2459,2.46,20,2459,7,lomps_l5d20_relaxed_10h_from_t1p882_20260711,578
2460,2.461,20,2460,7,lomps_l5d20_relaxed_10h_from_t1p882_20260711,579
2461,2.462,20,2461,7,lomps_l5d20_relaxed_10h_from_t1p882_20260711,580
2462,2.463,20,2462,7,lomps_l5d20_relaxed_10h_from_t1p882_20260711,581
2463,2.464,20,2463,7,lomps_l5d20_relaxed_10h_from_t1p882_20260711,582
2464,2.465,20,2464,7,lomps_l5d20_relaxed_10h_from_t1p882_20260711,583
2465,2.466,20,2465,7,lomps_l5d20_relaxed_10h_from_t1p882_20260711,584
2466,2.467,20,2466,7,lomps_l5d20_relaxed_10h_from_t1p882_20260711,585
2467,2.468,20,2467,7,lomps_l5d20_relaxed_10h_from_t1p882_20260711,586
2468,2.469,20,2468,7,lomps_l5d20_relaxed_10h_from_t1p882_20260711,587
2469,2.47,20,2469,7,lomps_l5d20_relaxed_10h_from_t1p882_20260711,588
2470,2.471,20,2470,7,lomps_l5d20_relaxed_10h_from_t1p882_20260711,589
2471,2.472,20,2471,7,lomps_l5d20_relaxed_10h_from_t1p882_20260711,590
2472,2.473,20,2472,7,lomps_l5d20_relaxed_10h_from_t1p882_20260711,591
2473,2.474,20,2473,7,lomps_l5d20_relaxed_10h_from_t1p882_20260711,592
2474,2.475,20,2474,7,lomps_l5d20_relaxed_10h_from_t1p882_20260711,593
2475,2.476,20,2475,7,lomps_l5d20_relaxed_10h_from_t1p882_20260711,594
2476,2.477,20,2476,7,lomps_l5d20_relaxed_10h_from_t1p882_20260711,595
2477,2.478,20,2477,7,lomps_l5d20_relaxed_10h_from_t1p882_20260711,596
2478,2.479,20,2478,7,lomps_l5d20_relaxed_10h_from_t1p882_20260711,597
2479,2.48,20,2479,7,lomps_l5d20_relaxed_10h_from_t1p882_20260711,598
2480,2.481,20,2480,7,lomps_l5d20_relaxed_10h_from_t1p882_20260711,599
2481,2.482,20,2481,7,lomps_l5d20_relaxed_10h_from_t1p882_20260711,600
2482,2.483,20,2482,7,lomps_l5d20_relaxed_10h_from_t1p882_20260711,601
2483,2.484,20,2483,7,lomps_l5d20_relaxed_10h_from_t1p882_20260711,602
2484,2.485,20,2484,7,lomps_l5d20_relaxed_10h_from_t1p882_20260711,603
2485,2.486,20,2485,7,lomps_l5d20_relaxed_10h_from_t1p882_20260711,604
2486,2.487,20,2486,7,lomps_l5d20_relaxed_10h_from_t1p882_20260711,605
2487,2.488,20,2487,7,lomps_l5d20_relaxed_10h_from_t1p882_20260711,606
2488,2.489,20,2488,7,lomps_l5d20_relaxed_10h_from_t1p882_20260711,607
2489,2.49,20,2489,7,lomps_l5d20_relaxed_10h_from_t1p882_20260711,608
2490,2.491,20,2490,7,lomps_l5d20_relaxed_10h_from_t1p882_20260711,609
2491,2.492,20,2491,7,lomps_l5d20_relaxed_10h_from_t1p882_20260711,610
2492,2.493,20,2492,7,lomps_l5d20_relaxed_10h_from_t1p882_20260711,611
2493,2.494,20,2493,7,lomps_l5d20_relaxed_10h_from_t1p882_20260711,612
2494,2.495,20,2494,7,lomps_l5d20_relaxed_10h_from_t1p882_20260711,613
2495,2.496,20,2495,7,lomps_l5d20_relaxed_10h_from_t1p882_20260711,614
2496,2.497,20,2496,7,lomps_l5d20_relaxed_10h_from_t1p882_20260711,615
2497,2.498,20,2497,7,lomps_l5d20_relaxed_10h_from_t1p882_20260711,616
2498,2.499,20,2498,7,lomps_l5d20_relaxed_10h_from_t1p882_20260711,617
2499,2.5,20,2499,7,lomps_l5d20_relaxed_10h_from_t1p882_20260711,618
2500,2.501,20,2500,7,lomps_l5d20_relaxed_10h_from_t1p882_20260711,619
2501,2.502,20,2501,7,lomps_l5d20_relaxed_10h_from_t1p882_20260711,620
2502,2.503,20,2502,7,lomps_l5d20_relaxed_10h_from_t1p882_20260711,621
2503,2.504,20,2503,7,lomps_l5d20_relaxed_10h_from_t1p882_20260711,622
2504,2.505,20,2504,7,lomps_l5d20_relaxed_10h_from_t1p882_20260711,623
2505,2.506,20,2505,7,lomps_l5d20_relaxed_10h_from_t1p882_20260711,624
2506,2.507,20,2506,7,lomps_l5d20_relaxed_10h_from_t1p882_20260711,625
2507,2.508,20,2507,7,lomps_l5d20_relaxed_10h_from_t1p882_20260711,626
2508,2.509,20,2508,7,lomps_l5d20_relaxed_10h_from_t1p882_20260711,627
2509,2.51,20,2509,7,lomps_l5d20_relaxed_10h_from_t1p882_20260711,628
2510,2.511,20,2510,7,lomps_l5d20_relaxed_10h_from_t1p882_20260711,629
2511,2.512,20,2511,7,lomps_l5d20_relaxed_10h_from_t1p882_20260711,630
2512,2.513,20,2512,7,lomps_l5d20_relaxed_10h_from_t1p882_20260711,631
2513,2.514,20,2513,7,lomps_l5d20_relaxed_10h_from_t1p882_20260711,632
2514,2.515,20,2514,7,lomps_l5d20_relaxed_10h_from_t1p882_20260711,633
2515,2.516,20,2515,7,lomps_l5d20_relaxed_10h_from_t1p882_20260711,634
2516,2.517,20,2516,7,lomps_l5d20_relaxed_10h_from_t1p882_20260711,635
2517,2.518,20,2517,8,lomps_l5d20_relaxed_10h_from_t2p517_20260711,1
2518,2.519,20,2518,8,lomps_l5d20_relaxed_10h_from_t2p517_20260711,2
2519,2.52,20,2519,8,lomps_l5d20_relaxed_10h_from_t2p517_20260711,3
2520,2.521,20,2520,8,lomps_l5d20_relaxed_10h_from_t2p517_20260711,4
2521,2.522,20,2521,8,lomps_l5d20_relaxed_10h_from_t2p517_20260711,5
2522,2.523,20,2522,8,lomps_l5d20_relaxed_10h_from_t2p517_20260711,6
2523,2.524,20,2523,8,lomps_l5d20_relaxed_10h_from_t2p517_20260711,7
2524,2.525,20,2524,8,lomps_l5d20_relaxed_10h_from_t2p517_20260711,8
2525,2.526,20,2525,8,lomps_l5d20_relaxed_10h_from_t2p517_20260711,9
2526,2.527,20,2526,8,lomps_l5d20_relaxed_10h_from_t2p517_20260711,10
2527,2.528,20,2527,8,lomps_l5d20_relaxed_10h_from_t2p517_20260711,11
2528,2.529,20,2528,8,lomps_l5d20_relaxed_10h_from_t2p517_20260711,12
2529,2.53,20,2529,8,lomps_l5d20_relaxed_10h_from_t2p517_20260711,13
2530,2.531,20,2530,8,lomps_l5d20_relaxed_10h_from_t2p517_20260711,14
2531,2.532,20,2531,8,lomps_l5d20_relaxed_10h_from_t2p517_20260711,15
2532,2.533,20,2532,8,lomps_l5d20_relaxed_10h_from_t2p517_20260711,16
2533,2.534,20,2533,8,lomps_l5d20_relaxed_10h_from_t2p517_20260711,17
2534,2.535,20,2534,8,lomps_l5d20_relaxed_10h_from_t2p517_20260711,18
2535,2.536,20,2535,8,lomps_l5d20_relaxed_10h_from_t2p517_20260711,19
2536,2.537,20,2536,8,lomps_l5d20_relaxed_10h_from_t2p517_20260711,20
2537,2.538,20,2537,8,lomps_l5d20_relaxed_10h_from_t2p517_20260711,21
2538,2.539,20,2538,8,lomps_l5d20_relaxed_10h_from_t2p517_20260711,22
2539,2.54,20,2539,8,lomps_l5d20_relaxed_10h_from_t2p517_20260711,23
2540,2.541,20,2540,8,lomps_l5d20_relaxed_10h_from_t2p517_20260711,24
2541,2.542,20,2541,8,lomps_l5d20_relaxed_10h_from_t2p517_20260711,25
2542,2.543,20,2542,8,lomps_l5d20_relaxed_10h_from_t2p517_20260711,26
2543,2.544,20,2543,8,lomps_l5d20_relaxed_10h_from_t2p517_20260711,27
2544,2.545,20,2544,8,lomps_l5d20_relaxed_10h_from_t2p517_20260711,28
2545,2.546,20,2545,8,lomps_l5d20_relaxed_10h_from_t2p517_20260711,29
2546,2.547,20,2546,8,lomps_l5d20_relaxed_10h_from_t2p517_20260711,30
2547,2.548,20,2547,8,lomps_l5d20_relaxed_10h_from_t2p517_20260711,31
2548,2.549,20,2548,8,lomps_l5d20_relaxed_10h_from_t2p517_20260711,32
2549,2.55,20,2549,8,lomps_l5d20_relaxed_10h_from_t2p517_20260711,33
2550,2.551,20,2550,8,lomps_l5d20_relaxed_10h_from_t2p517_20260711,34
2551,2.552,20,2551,8,lomps_l5d20_relaxed_10h_from_t2p517_20260711,35
2552,2.553,20,2552,8,lomps_l5d20_relaxed_10h_from_t2p517_20260711,36
2553,2.554,20,2553,8,lomps_l5d20_relaxed_10h_from_t2p517_20260711,37
2554,2.555,20,2554,8,lomps_l5d20_relaxed_10h_from_t2p517_20260711,38
2555,2.556,20,2555,8,lomps_l5d20_relaxed_10h_from_t2p517_20260711,39
2556,2.557,20,2556,8,lomps_l5d20_relaxed_10h_from_t2p517_20260711,40
2557,2.558,20,2557,8,lomps_l5d20_relaxed_10h_from_t2p517_20260711,41
2558,2.559,20,2558,8,lomps_l5d20_relaxed_10h_from_t2p517_20260711,42
2559,2.56,20,2559,8,lomps_l5d20_relaxed_10h_from_t2p517_20260711,43
2560,2.561,20,2560,8,lomps_l5d20_relaxed_10h_from_t2p517_20260711,44
2561,2.562,20,2561,8,lomps_l5d20_relaxed_10h_from_t2p517_20260711,45
2562,2.563,20,2562,8,lomps_l5d20_relaxed_10h_from_t2p517_20260711,46
2563,2.564,20,2563,8,lomps_l5d20_relaxed_10h_from_t2p517_20260711,47
2564,2.565,20,2564,8,lomps_l5d20_relaxed_10h_from_t2p517_20260711,48
2565,2.566,20,2565,8,lomps_l5d20_relaxed_10h_from_t2p517_20260711,49
2566,2.567,20,2566,8,lomps_l5d20_relaxed_10h_from_t2p517_20260711,50
2567,2.568,20,2567,8,lomps_l5d20_relaxed_10h_from_t2p517_20260711,51
2568,2.569,20,2568,8,lomps_l5d20_relaxed_10h_from_t2p517_20260711,52
2569,2.57,20,2569,8,lomps_l5d20_relaxed_10h_from_t2p517_20260711,53
2570,2.571,20,2570,8,lomps_l5d20_relaxed_10h_from_t2p517_20260711,54
2571,2.572,20,2571,8,lomps_l5d20_relaxed_10h_from_t2p517_20260711,55
2572,2.573,20,2572,8,lomps_l5d20_relaxed_10h_from_t2p517_20260711,56
2573,2.574,20,2573,8,lomps_l5d20_relaxed_10h_from_t2p517_20260711,57
2574,2.575,20,2574,8,lomps_l5d20_relaxed_10h_from_t2p517_20260711,58
2575,2.576,20,2575,8,lomps_l5d20_relaxed_10h_from_t2p517_20260711,59
2576,2.577,20,2576,8,lomps_l5d20_relaxed_10h_from_t2p517_20260711,60
2577,2.578,20,2577,8,lomps_l5d20_relaxed_10h_from_t2p517_20260711,61
2578,2.579,20,2578,8,lomps_l5d20_relaxed_10h_from_t2p517_20260711,62
2579,2.58,20,2579,8,lomps_l5d20_relaxed_10h_from_t2p517_20260711,63
2580,2.581,20,2580,8,lomps_l5d20_relaxed_10h_from_t2p517_20260711,64
2581,2.582,20,2581,8,lomps_l5d20_relaxed_10h_from_t2p517_20260711,65
2582,2.583,20,2582,8,lomps_l5d20_relaxed_10h_from_t2p517_20260711,66
2583,2.584,20,2583,8,lomps_l5d20_relaxed_10h_from_t2p517_20260711,67
2584,2.585,20,2584,8,lomps_l5d20_relaxed_10h_from_t2p517_20260711,68
2585,2.586,20,2585,8,lomps_l5d20_relaxed_10h_from_t2p517_20260711,69
2586,2.587,20,2586,8,lomps_l5d20_relaxed_10h_from_t2p517_20260711,70
2587,2.588,20,2587,8,lomps_l5d20_relaxed_10h_from_t2p517_20260711,71
2588,2.589,20,2588,8,lomps_l5d20_relaxed_10h_from_t2p517_20260711,72
2589,2.59,20,2589,8,lomps_l5d20_relaxed_10h_from_t2p517_20260711,73
2590,2.591,20,2590,8,lomps_l5d20_relaxed_10h_from_t2p517_20260711,74
2591,2.592,20,2591,8,lomps_l5d20_relaxed_10h_from_t2p517_20260711,75
2592,2.593,20,2592,8,lomps_l5d20_relaxed_10h_from_t2p517_20260711,76
2593,2.594,20,2593,8,lomps_l5d20_relaxed_10h_from_t2p517_20260711,77
2594,2.595,20,2594,8,lomps_l5d20_relaxed_10h_from_t2p517_20260711,78
2595,2.596,20,2595,8,lomps_l5d20_relaxed_10h_from_t2p517_20260711,79
2596,2.597,20,2596,8,lomps_l5d20_relaxed_10h_from_t2p517_20260711,80
2597,2.598,20,2597,8,lomps_l5d20_relaxed_10h_from_t2p517_20260711,81
2598,2.599,20,2598,8,lomps_l5d20_relaxed_10h_from_t2p517_20260711,82
2599,2.6,20,2599,8,lomps_l5d20_relaxed_10h_from_t2p517_20260711,83
2600,2.601,20,2600,8,lomps_l5d20_relaxed_10h_from_t2p517_20260711,84
2601,2.602,20,2601,8,lomps_l5d20_relaxed_10h_from_t2p517_20260711,85
2602,2.603,20,2602,8,lomps_l5d20_relaxed_10h_from_t2p517_20260711,86
2603,2.604,20,2603,8,lomps_l5d20_relaxed_10h_from_t2p517_20260711,87
2604,2.605,20,2604,8,lomps_l5d20_relaxed_10h_from_t2p517_20260711,88
2605,2.606,20,2605,8,lomps_l5d20_relaxed_10h_from_t2p517_20260711,89
2606,2.607,20,2606,8,lomps_l5d20_relaxed_10h_from_t2p517_20260711,90
2607,2.608,20,2607,8,lomps_l5d20_relaxed_10h_from_t2p517_20260711,91
2608,2.609,20,2608,8,lomps_l5d20_relaxed_10h_from_t2p517_20260711,92
2609,2.61,20,2609,8,lomps_l5d20_relaxed_10h_from_t2p517_20260711,93
2610,2.611,20,2610,8,lomps_l5d20_relaxed_10h_from_t2p517_20260711,94
2611,2.612,20,2611,8,lomps_l5d20_relaxed_10h_from_t2p517_20260711,95
2612,2.613,20,2612,8,lomps_l5d20_relaxed_10h_from_t2p517_20260711,96
2613,2.614,20,2613,8,lomps_l5d20_relaxed_10h_from_t2p517_20260711,97
2614,2.615,20,2614,8,lomps_l5d20_relaxed_10h_from_t2p517_20260711,98
2615,2.616,20,2615,8,lomps_l5d20_relaxed_10h_from_t2p517_20260711,99
2616,2.617,20,2616,8,lomps_l5d20_relaxed_10h_from_t2p517_20260711,100
2617,2.618,20,2617,8,lomps_l5d20_relaxed_10h_from_t2p517_20260711,101
2618,2.619,20,2618,8,lomps_l5d20_relaxed_10h_from_t2p517_20260711,102
2619,2.62,20,2619,8,lomps_l5d20_relaxed_10h_from_t2p517_20260711,103
2620,2.621,20,2620,8,lomps_l5d20_relaxed_10h_from_t2p517_20260711,104
2621,2.622,20,2621,8,lomps_l5d20_relaxed_10h_from_t2p517_20260711,105
2622,2.623,20,2622,8,lomps_l5d20_relaxed_10h_from_t2p517_20260711,106
2623,2.624,20,2623,8,lomps_l5d20_relaxed_10h_from_t2p517_20260711,107
2624,2.625,20,2624,8,lomps_l5d20_relaxed_10h_from_t2p517_20260711,108
2625,2.626,20,2625,8,lomps_l5d20_relaxed_10h_from_t2p517_20260711,109
2626,2.627,20,2626,8,lomps_l5d20_relaxed_10h_from_t2p517_20260711,110
2627,2.628,20,2627,8,lomps_l5d20_relaxed_10h_from_t2p517_20260711,111
2628,2.629,20,2628,8,lomps_l5d20_relaxed_10h_from_t2p517_20260711,112
2629,2.63,20,2629,8,lomps_l5d20_relaxed_10h_from_t2p517_20260711,113
2630,2.631,20,2630,8,lomps_l5d20_relaxed_10h_from_t2p517_20260711,114
2631,2.632,20,2631,8,lomps_l5d20_relaxed_10h_from_t2p517_20260711,115
2632,2.633,20,2632,8,lomps_l5d20_relaxed_10h_from_t2p517_20260711,116
2633,2.634,20,2633,8,lomps_l5d20_relaxed_10h_from_t2p517_20260711,117
2634,2.635,20,2634,8,lomps_l5d20_relaxed_10h_from_t2p517_20260711,118
2635,2.636,20,2635,8,lomps_l5d20_relaxed_10h_from_t2p517_20260711,119
2636,2.637,20,2636,8,lomps_l5d20_relaxed_10h_from_t2p517_20260711,120
2637,2.638,20,2637,8,lomps_l5d20_relaxed_10h_from_t2p517_20260711,121
2638,2.639,20,2638,8,lomps_l5d20_relaxed_10h_from_t2p517_20260711,122
2639,2.64,20,2639,8,lomps_l5d20_relaxed_10h_from_t2p517_20260711,123
2640,2.641,20,2640,8,lomps_l5d20_relaxed_10h_from_t2p517_20260711,124
2641,2.642,20,2641,8,lomps_l5d20_relaxed_10h_from_t2p517_20260711,125
2642,2.643,20,2642,8,lomps_l5d20_relaxed_10h_from_t2p517_20260711,126
2643,2.644,20,2643,8,lomps_l5d20_relaxed_10h_from_t2p517_20260711,127
2644,2.645,20,2644,8,lomps_l5d20_relaxed_10h_from_t2p517_20260711,128
2645,2.646,20,2645,8,lomps_l5d20_relaxed_10h_from_t2p517_20260711,129
2646,2.647,20,2646,8,lomps_l5d20_relaxed_10h_from_t2p517_20260711,130
2647,2.648,20,2647,8,lomps_l5d20_relaxed_10h_from_t2p517_20260711,131
2648,2.649,20,2648,8,lomps_l5d20_relaxed_10h_from_t2p517_20260711,132
2649,2.65,20,2649,8,lomps_l5d20_relaxed_10h_from_t2p517_20260711,133
2650,2.651,20,2650,8,lomps_l5d20_relaxed_10h_from_t2p517_20260711,134
2651,2.652,20,2651,8,lomps_l5d20_relaxed_10h_from_t2p517_20260711,135
2652,2.653,20,2652,8,lomps_l5d20_relaxed_10h_from_t2p517_20260711,136
2653,2.654,20,2653,8,lomps_l5d20_relaxed_10h_from_t2p517_20260711,137
2654,2.655,20,2654,8,lomps_l5d20_relaxed_10h_from_t2p517_20260711,138
2655,2.656,20,2655,8,lomps_l5d20_relaxed_10h_from_t2p517_20260711,139
2656,2.657,20,2656,8,lomps_l5d20_relaxed_10h_from_t2p517_20260711,140
2657,2.658,20,2657,8,lomps_l5d20_relaxed_10h_from_t2p517_20260711,141
2658,2.659,20,2658,8,lomps_l5d20_relaxed_10h_from_t2p517_20260711,142
2659,2.66,20,2659,8,lomps_l5d20_relaxed_10h_from_t2p517_20260711,143
2660,2.661,20,2660,8,lomps_l5d20_relaxed_10h_from_t2p517_20260711,144
2661,2.662,20,2661,8,lomps_l5d20_relaxed_10h_from_t2p517_20260711,145
2662,2.663,20,2662,8,lomps_l5d20_relaxed_10h_from_t2p517_20260711,146
2663,2.664,20,2663,8,lomps_l5d20_relaxed_10h_from_t2p517_20260711,147
2664,2.665,20,2664,8,lomps_l5d20_relaxed_10h_from_t2p517_20260711,148
2665,2.666,20,2665,8,lomps_l5d20_relaxed_10h_from_t2p517_20260711,149
2666,2.667,20,2666,8,lomps_l5d20_relaxed_10h_from_t2p517_20260711,150
2667,2.668,20,2667,8,lomps_l5d20_relaxed_10h_from_t2p517_20260711,151
2668,2.669,20,2668,8,lomps_l5d20_relaxed_10h_from_t2p517_20260711,152
2669,2.67,20,2669,8,lomps_l5d20_relaxed_10h_from_t2p517_20260711,153
2670,2.671,20,2670,8,lomps_l5d20_relaxed_10h_from_t2p517_20260711,154
2671,2.672,20,2671,8,lomps_l5d20_relaxed_10h_from_t2p517_20260711,155
2672,2.673,20,2672,8,lomps_l5d20_relaxed_10h_from_t2p517_20260711,156
2673,2.674,20,2673,8,lomps_l5d20_relaxed_10h_from_t2p517_20260711,157
2674,2.675,20,2674,8,lomps_l5d20_relaxed_10h_from_t2p517_20260711,158
2675,2.676,20,2675,8,lomps_l5d20_relaxed_10h_from_t2p517_20260711,159
2676,2.677,20,2676,8,lomps_l5d20_relaxed_10h_from_t2p517_20260711,160
2677,2.678,20,2677,8,lomps_l5d20_relaxed_10h_from_t2p517_20260711,161
2678,2.679,20,2678,8,lomps_l5d20_relaxed_10h_from_t2p517_20260711,162
2679,2.68,20,2679,8,lomps_l5d20_relaxed_10h_from_t2p517_20260711,163
2680,2.681,20,2680,8,lomps_l5d20_relaxed_10h_from_t2p517_20260711,164
2681,2.682,20,2681,8,lomps_l5d20_relaxed_10h_from_t2p517_20260711,165
2682,2.683,20,2682,8,lomps_l5d20_relaxed_10h_from_t2p517_20260711,166
2683,2.684,20,2683,8,lomps_l5d20_relaxed_10h_from_t2p517_20260711,167
2684,2.685,20,2684,8,lomps_l5d20_relaxed_10h_from_t2p517_20260711,168
2685,2.686,20,2685,8,lomps_l5d20_relaxed_10h_from_t2p517_20260711,169
2686,2.687,20,2686,8,lomps_l5d20_relaxed_10h_from_t2p517_20260711,170
2687,2.688,20,2687,8,lomps_l5d20_relaxed_10h_from_t2p517_20260711,171
2688,2.689,20,2688,8,lomps_l5d20_relaxed_10h_from_t2p517_20260711,172
2689,2.69,20,2689,8,lomps_l5d20_relaxed_10h_from_t2p517_20260711,173
2690,2.691,20,2690,8,lomps_l5d20_relaxed_10h_from_t2p517_20260711,174
2691,2.692,20,2691,8,lomps_l5d20_relaxed_10h_from_t2p517_20260711,175
2692,2.693,20,2692,8,lomps_l5d20_relaxed_10h_from_t2p517_20260711,176
2693,2.694,20,2693,8,lomps_l5d20_relaxed_10h_from_t2p517_20260711,177
2694,2.695,20,2694,8,lomps_l5d20_relaxed_10h_from_t2p517_20260711,178
2695,2.696,20,2695,8,lomps_l5d20_relaxed_10h_from_t2p517_20260711,179
2696,2.697,20,2696,8,lomps_l5d20_relaxed_10h_from_t2p517_20260711,180
2697,2.698,20,2697,8,lomps_l5d20_relaxed_10h_from_t2p517_20260711,181
2698,2.699,20,2698,8,lomps_l5d20_relaxed_10h_from_t2p517_20260711,182
2699,2.7,20,2699,8,lomps_l5d20_relaxed_10h_from_t2p517_20260711,183
2700,2.701,20,2700,8,lomps_l5d20_relaxed_10h_from_t2p517_20260711,184
2701,2.702,20,2701,8,lomps_l5d20_relaxed_10h_from_t2p517_20260711,185
2702,2.703,20,2702,8,lomps_l5d20_relaxed_10h_from_t2p517_20260711,186
2703,2.704,20,2703,8,lomps_l5d20_relaxed_10h_from_t2p517_20260711,187
2704,2.705,20,2704,8,lomps_l5d20_relaxed_10h_from_t2p517_20260711,188
2705,2.706,20,2705,8,lomps_l5d20_relaxed_10h_from_t2p517_20260711,189
2706,2.707,20,2706,8,lomps_l5d20_relaxed_10h_from_t2p517_20260711,190
2707,2.708,20,2707,8,lomps_l5d20_relaxed_10h_from_t2p517_20260711,191
2708,2.709,20,2708,8,lomps_l5d20_relaxed_10h_from_t2p517_20260711,192
2709,2.71,20,2709,8,lomps_l5d20_relaxed_10h_from_t2p517_20260711,193
2710,2.711,20,2710,8,lomps_l5d20_relaxed_10h_from_t2p517_20260711,194
2711,2.712,20,2711,8,lomps_l5d20_relaxed_10h_from_t2p517_20260711,195
2712,2.713,20,2712,8,lomps_l5d20_relaxed_10h_from_t2p517_20260711,196
2713,2.714,20,2713,8,lomps_l5d20_relaxed_10h_from_t2p517_20260711,197
2714,2.715,20,2714,8,lomps_l5d20_relaxed_10h_from_t2p517_20260711,198
2715,2.716,20,2715,8,lomps_l5d20_relaxed_10h_from_t2p517_20260711,199
2716,2.717,20,2716,8,lomps_l5d20_relaxed_10h_from_t2p517_20260711,200
2717,2.718,20,2717,8,lomps_l5d20_relaxed_10h_from_t2p517_20260711,201
2718,2.719,20,2718,8,lomps_l5d20_relaxed_10h_from_t2p517_20260711,202
2719,2.72,20,2719,8,lomps_l5d20_relaxed_10h_from_t2p517_20260711,203
2720,2.721,20,2720,8,lomps_l5d20_relaxed_10h_from_t2p517_20260711,204
2721,2.722,20,2721,8,lomps_l5d20_relaxed_10h_from_t2p517_20260711,205
2722,2.723,20,2722,8,lomps_l5d20_relaxed_10h_from_t2p517_20260711,206
2723,2.724,20,2723,8,lomps_l5d20_relaxed_10h_from_t2p517_20260711,207
2724,2.725,20,2724,8,lomps_l5d20_relaxed_10h_from_t2p517_20260711,208
2725,2.726,20,2725,8,lomps_l5d20_relaxed_10h_from_t2p517_20260711,209
2726,2.727,20,2726,8,lomps_l5d20_relaxed_10h_from_t2p517_20260711,210
2727,2.728,20,2727,8,lomps_l5d20_relaxed_10h_from_t2p517_20260711,211
2728,2.729,20,2728,8,lomps_l5d20_relaxed_10h_from_t2p517_20260711,212
2729,2.73,20,2729,8,lomps_l5d20_relaxed_10h_from_t2p517_20260711,213
2730,2.731,20,2730,8,lomps_l5d20_relaxed_10h_from_t2p517_20260711,214
2731,2.732,20,2731,8,lomps_l5d20_relaxed_10h_from_t2p517_20260711,215
2732,2.733,20,2732,8,lomps_l5d20_relaxed_10h_from_t2p517_20260711,216
2733,2.734,20,2733,8,lomps_l5d20_relaxed_10h_from_t2p517_20260711,217
2734,2.735,20,2734,8,lomps_l5d20_relaxed_10h_from_t2p517_20260711,218
2735,2.736,20,2735,8,lomps_l5d20_relaxed_10h_from_t2p517_20260711,219
2736,2.737,20,2736,8,lomps_l5d20_relaxed_10h_from_t2p517_20260711,220
2737,2.738,20,2737,8,lomps_l5d20_relaxed_10h_from_t2p517_20260711,221
2738,2.739,20,2738,8,lomps_l5d20_relaxed_10h_from_t2p517_20260711,222
2739,2.74,20,2739,8,lomps_l5d20_relaxed_10h_from_t2p517_20260711,223
2740,2.741,20,2740,8,lomps_l5d20_relaxed_10h_from_t2p517_20260711,224
2741,2.742,20,2741,8,lomps_l5d20_relaxed_10h_from_t2p517_20260711,225
2742,2.743,20,2742,8,lomps_l5d20_relaxed_10h_from_t2p517_20260711,226
2743,2.744,20,2743,8,lomps_l5d20_relaxed_10h_from_t2p517_20260711,227
2744,2.745,20,2744,8,lomps_l5d20_relaxed_10h_from_t2p517_20260711,228
2745,2.746,20,2745,8,lomps_l5d20_relaxed_10h_from_t2p517_20260711,229
2746,2.747,20,2746,8,lomps_l5d20_relaxed_10h_from_t2p517_20260711,230
2747,2.748,20,2747,8,lomps_l5d20_relaxed_10h_from_t2p517_20260711,231
2748,2.749,20,2748,8,lomps_l5d20_relaxed_10h_from_t2p517_20260711,232
2749,2.75,20,2749,8,lomps_l5d20_relaxed_10h_from_t2p517_20260711,233
2750,2.751,20,2750,8,lomps_l5d20_relaxed_10h_from_t2p517_20260711,234
2751,2.752,20,2751,8,lomps_l5d20_relaxed_10h_from_t2p517_20260711,235
2752,2.753,20,2752,8,lomps_l5d20_relaxed_10h_from_t2p517_20260711,236
2753,2.754,20,2753,8,lomps_l5d20_relaxed_10h_from_t2p517_20260711,237
2754,2.755,20,2754,8,lomps_l5d20_relaxed_10h_from_t2p517_20260711,238
2755,2.756,20,2755,8,lomps_l5d20_relaxed_10h_from_t2p517_20260711,239
2756,2.757,20,2756,8,lomps_l5d20_relaxed_10h_from_t2p517_20260711,240
2757,2.758,20,2757,8,lomps_l5d20_relaxed_10h_from_t2p517_20260711,241
2758,2.759,20,2758,8,lomps_l5d20_relaxed_10h_from_t2p517_20260711,242
2759,2.76,20,2759,8,lomps_l5d20_relaxed_10h_from_t2p517_20260711,243
2760,2.761,20,2760,8,lomps_l5d20_relaxed_10h_from_t2p517_20260711,244
2761,2.762,20,2761,8,lomps_l5d20_relaxed_10h_from_t2p517_20260711,245
2762,2.763,20,2762,8,lomps_l5d20_relaxed_10h_from_t2p517_20260711,246
2763,2.764,20,2763,8,lomps_l5d20_relaxed_10h_from_t2p517_20260711,247
2764,2.765,20,2764,8,lomps_l5d20_relaxed_10h_from_t2p517_20260711,248
2765,2.766,20,2765,8,lomps_l5d20_relaxed_10h_from_t2p517_20260711,249
2766,2.767,20,2766,8,lomps_l5d20_relaxed_10h_from_t2p517_20260711,250
2767,2.768,20,2767,8,lomps_l5d20_relaxed_10h_from_t2p517_20260711,251
2768,2.769,20,2768,8,lomps_l5d20_relaxed_10h_from_t2p517_20260711,252
2769,2.77,20,2769,8,lomps_l5d20_relaxed_10h_from_t2p517_20260711,253
2770,2.771,20,2770,8,lomps_l5d20_relaxed_10h_from_t2p517_20260711,254
2771,2.772,20,2771,8,lomps_l5d20_relaxed_10h_from_t2p517_20260711,255
2772,2.773,20,2772,8,lomps_l5d20_relaxed_10h_from_t2p517_20260711,256
2773,2.774,20,2773,8,lomps_l5d20_relaxed_10h_from_t2p517_20260711,257
2774,2.775,20,2774,8,lomps_l5d20_relaxed_10h_from_t2p517_20260711,258
2775,2.776,20,2775,8,lomps_l5d20_relaxed_10h_from_t2p517_20260711,259
2776,2.777,20,2776,8,lomps_l5d20_relaxed_10h_from_t2p517_20260711,260
2777,2.778,20,2777,8,lomps_l5d20_relaxed_10h_from_t2p517_20260711,261
2778,2.779,20,2778,8,lomps_l5d20_relaxed_10h_from_t2p517_20260711,262
2779,2.78,20,2779,8,lomps_l5d20_relaxed_10h_from_t2p517_20260711,263
2780,2.781,20,2780,8,lomps_l5d20_relaxed_10h_from_t2p517_20260711,264
2781,2.782,20,2781,8,lomps_l5d20_relaxed_10h_from_t2p517_20260711,265
2782,2.783,20,2782,8,lomps_l5d20_relaxed_10h_from_t2p517_20260711,266
2783,2.784,20,2783,8,lomps_l5d20_relaxed_10h_from_t2p517_20260711,267
2784,2.785,20,2784,8,lomps_l5d20_relaxed_10h_from_t2p517_20260711,268
2785,2.786,20,2785,8,lomps_l5d20_relaxed_10h_from_t2p517_20260711,269
2786,2.787,20,2786,8,lomps_l5d20_relaxed_10h_from_t2p517_20260711,270
2787,2.788,20,2787,8,lomps_l5d20_relaxed_10h_from_t2p517_20260711,271
2788,2.789,20,2788,8,lomps_l5d20_relaxed_10h_from_t2p517_20260711,272
2789,2.79,20,2789,8,lomps_l5d20_relaxed_10h_from_t2p517_20260711,273
2790,2.791,20,2790,8,lomps_l5d20_relaxed_10h_from_t2p517_20260711,274
2791,2.792,20,2791,8,lomps_l5d20_relaxed_10h_from_t2p517_20260711,275
2792,2.793,20,2792,8,lomps_l5d20_relaxed_10h_from_t2p517_20260711,276
2793,2.794,20,2793,8,lomps_l5d20_relaxed_10h_from_t2p517_20260711,277
2794,2.795,20,2794,8,lomps_l5d20_relaxed_10h_from_t2p517_20260711,278
2795,2.796,20,2795,8,lomps_l5d20_relaxed_10h_from_t2p517_20260711,279
2796,2.797,20,2796,8,lomps_l5d20_relaxed_10h_from_t2p517_20260711,280
2797,2.798,20,2797,8,lomps_l5d20_relaxed_10h_from_t2p517_20260711,281
2798,2.799,20,2798,8,lomps_l5d20_relaxed_10h_from_t2p517_20260711,282
2799,2.8,20,2799,8,lomps_l5d20_relaxed_10h_from_t2p517_20260711,283
2800,2.801,20,2800,8,lomps_l5d20_relaxed_10h_from_t2p517_20260711,284
2801,2.802,20,2801,8,lomps_l5d20_relaxed_10h_from_t2p517_20260711,285
2802,2.803,20,2802,8,lomps_l5d20_relaxed_10h_from_t2p517_20260711,286
2803,2.804,20,2803,8,lomps_l5d20_relaxed_10h_from_t2p517_20260711,287
2804,2.805,20,2804,8,lomps_l5d20_relaxed_10h_from_t2p517_20260711,288
2805,2.806,20,2805,8,lomps_l5d20_relaxed_10h_from_t2p517_20260711,289
2806,2.807,20,2806,8,lomps_l5d20_relaxed_10h_from_t2p517_20260711,290
2807,2.808,20,2807,8,lomps_l5d20_relaxed_10h_from_t2p517_20260711,291
2808,2.809,20,2808,8,lomps_l5d20_relaxed_10h_from_t2p517_20260711,292
2809,2.81,20,2809,8,lomps_l5d20_relaxed_10h_from_t2p517_20260711,293
2810,2.811,20,2810,8,lomps_l5d20_relaxed_10h_from_t2p517_20260711,294
2811,2.812,20,2811,8,lomps_l5d20_relaxed_10h_from_t2p517_20260711,295
2812,2.813,20,2812,8,lomps_l5d20_relaxed_10h_from_t2p517_20260711,296
2813,2.814,20,2813,8,lomps_l5d20_relaxed_10h_from_t2p517_20260711,297
2814,2.815,20,2814,8,lomps_l5d20_relaxed_10h_from_t2p517_20260711,298
2815,2.816,20,2815,8,lomps_l5d20_relaxed_10h_from_t2p517_20260711,299
2816,2.817,20,2816,8,lomps_l5d20_relaxed_10h_from_t2p517_20260711,300
2817,2.818,20,2817,8,lomps_l5d20_relaxed_10h_from_t2p517_20260711,301
2818,2.819,20,2818,8,lomps_l5d20_relaxed_10h_from_t2p517_20260711,302
2819,2.82,20,2819,8,lomps_l5d20_relaxed_10h_from_t2p517_20260711,303
2820,2.821,20,2820,8,lomps_l5d20_relaxed_10h_from_t2p517_20260711,304
2821,2.822,20,2821,8,lomps_l5d20_relaxed_10h_from_t2p517_20260711,305
2822,2.823,20,2822,8,lomps_l5d20_relaxed_10h_from_t2p517_20260711,306
2823,2.824,20,2823,8,lomps_l5d20_relaxed_10h_from_t2p517_20260711,307
2824,2.825,20,2824,8,lomps_l5d20_relaxed_10h_from_t2p517_20260711,308
2825,2.826,20,2825,8,lomps_l5d20_relaxed_10h_from_t2p517_20260711,309
2826,2.827,20,2826,8,lomps_l5d20_relaxed_10h_from_t2p517_20260711,310
2827,2.828,20,2827,8,lomps_l5d20_relaxed_10h_from_t2p517_20260711,311
2828,2.829,20,2828,8,lomps_l5d20_relaxed_10h_from_t2p517_20260711,312
2829,2.83,20,2829,8,lomps_l5d20_relaxed_10h_from_t2p517_20260711,313
2830,2.831,20,2830,8,lomps_l5d20_relaxed_10h_from_t2p517_20260711,314
2831,2.832,20,2831,8,lomps_l5d20_relaxed_10h_from_t2p517_20260711,315
2832,2.833,20,2832,8,lomps_l5d20_relaxed_10h_from_t2p517_20260711,316
2833,2.834,20,2833,8,lomps_l5d20_relaxed_10h_from_t2p517_20260711,317
2834,2.835,20,2834,8,lomps_l5d20_relaxed_10h_from_t2p517_20260711,318
2835,2.836,20,2835,8,lomps_l5d20_relaxed_10h_from_t2p517_20260711,319
2836,2.837,20,2836,8,lomps_l5d20_relaxed_10h_from_t2p517_20260711,320
2837,2.838,20,2837,8,lomps_l5d20_relaxed_10h_from_t2p517_20260711,321
2838,2.839,20,2838,8,lomps_l5d20_relaxed_10h_from_t2p517_20260711,322
2839,2.84,20,2839,8,lomps_l5d20_relaxed_10h_from_t2p517_20260711,323
2840,2.841,20,2840,8,lomps_l5d20_relaxed_10h_from_t2p517_20260711,324
2841,2.842,20,2841,8,lomps_l5d20_relaxed_10h_from_t2p517_20260711,325
2842,2.843,20,2842,8,lomps_l5d20_relaxed_10h_from_t2p517_20260711,326
2843,2.844,20,2843,8,lomps_l5d20_relaxed_10h_from_t2p517_20260711,327
2844,2.845,20,2844,8,lomps_l5d20_relaxed_10h_from_t2p517_20260711,328
2845,2.846,20,2845,8,lomps_l5d20_relaxed_10h_from_t2p517_20260711,329
2846,2.847,20,2846,8,lomps_l5d20_relaxed_10h_from_t2p517_20260711,330
2847,2.848,20,2847,8,lomps_l5d20_relaxed_10h_from_t2p517_20260711,331
2848,2.849,20,2848,8,lomps_l5d20_relaxed_10h_from_t2p517_20260711,332
2849,2.85,20,2849,8,lomps_l5d20_relaxed_10h_from_t2p517_20260711,333
2850,2.851,20,2850,8,lomps_l5d20_relaxed_10h_from_t2p517_20260711,334
2851,2.852,20,2851,8,lomps_l5d20_relaxed_10h_from_t2p517_20260711,335
2852,2.853,20,2852,8,lomps_l5d20_relaxed_10h_from_t2p517_20260711,336
2853,2.854,20,2853,8,lomps_l5d20_relaxed_10h_from_t2p517_20260711,337
2854,2.855,20,2854,8,lomps_l5d20_relaxed_10h_from_t2p517_20260711,338
2855,2.856,20,2855,8,lomps_l5d20_relaxed_10h_from_t2p517_20260711,339
2856,2.857,20,2856,8,lomps_l5d20_relaxed_10h_from_t2p517_20260711,340
2857,2.858,20,2857,8,lomps_l5d20_relaxed_10h_from_t2p517_20260711,341
2858,2.859,20,2858,8,lomps_l5d20_relaxed_10h_from_t2p517_20260711,342
2859,2.86,20,2859,8,lomps_l5d20_relaxed_10h_from_t2p517_20260711,343
2860,2.861,20,2860,8,lomps_l5d20_relaxed_10h_from_t2p517_20260711,344
2861,2.862,20,2861,8,lomps_l5d20_relaxed_10h_from_t2p517_20260711,345
2862,2.863,20,2862,8,lomps_l5d20_relaxed_10h_from_t2p517_20260711,346
2863,2.864,20,2863,8,lomps_l5d20_relaxed_10h_from_t2p517_20260711,347
2864,2.865,20,2864,8,lomps_l5d20_relaxed_10h_from_t2p517_20260711,348
2865,2.866,20,2865,8,lomps_l5d20_relaxed_10h_from_t2p517_20260711,349
2866,2.867,20,2866,8,lomps_l5d20_relaxed_10h_from_t2p517_20260711,350
2867,2.868,20,2867,8,lomps_l5d20_relaxed_10h_from_t2p517_20260711,351
2868,2.869,20,2868,8,lomps_l5d20_relaxed_10h_from_t2p517_20260711,352
2869,2.87,20,2869,8,lomps_l5d20_relaxed_10h_from_t2p517_20260711,353
2870,2.871,20,2870,8,lomps_l5d20_relaxed_10h_from_t2p517_20260711,354
2871,2.872,20,2871,8,lomps_l5d20_relaxed_10h_from_t2p517_20260711,355
2872,2.873,20,2872,8,lomps_l5d20_relaxed_10h_from_t2p517_20260711,356
2873,2.874,20,2873,8,lomps_l5d20_relaxed_10h_from_t2p517_20260711,357
2874,2.875,20,2874,8,lomps_l5d20_relaxed_10h_from_t2p517_20260711,358
2875,2.876,20,2875,8,lomps_l5d20_relaxed_10h_from_t2p517_20260711,359
2876,2.877,20,2876,8,lomps_l5d20_relaxed_10h_from_t2p517_20260711,360
2877,2.878,20,2877,8,lomps_l5d20_relaxed_10h_from_t2p517_20260711,361
2878,2.879,20,2878,8,lomps_l5d20_relaxed_10h_from_t2p517_20260711,362
2879,2.88,20,2879,8,lomps_l5d20_relaxed_10h_from_t2p517_20260711,363
2880,2.881,20,2880,8,lomps_l5d20_relaxed_10h_from_t2p517_20260711,364
2881,2.882,20,2881,8,lomps_l5d20_relaxed_10h_from_t2p517_20260711,365
2882,2.883,20,2882,8,lomps_l5d20_relaxed_10h_from_t2p517_20260711,366
2883,2.884,20,2883,8,lomps_l5d20_relaxed_10h_from_t2p517_20260711,367
2884,2.885,20,2884,8,lomps_l5d20_relaxed_10h_from_t2p517_20260711,368
2885,2.886,20,2885,8,lomps_l5d20_relaxed_10h_from_t2p517_20260711,369
2886,2.887,20,2886,8,lomps_l5d20_relaxed_10h_from_t2p517_20260711,370
2887,2.888,20,2887,8,lomps_l5d20_relaxed_10h_from_t2p517_20260711,371
2888,2.889,20,2888,8,lomps_l5d20_relaxed_10h_from_t2p517_20260711,372
2889,2.89,20,2889,8,lomps_l5d20_relaxed_10h_from_t2p517_20260711,373
2890,2.891,20,2890,8,lomps_l5d20_relaxed_10h_from_t2p517_20260711,374
2891,2.892,20,2891,8,lomps_l5d20_relaxed_10h_from_t2p517_20260711,375
2892,2.893,20,2892,8,lomps_l5d20_relaxed_10h_from_t2p517_20260711,376
2893,2.894,20,2893,8,lomps_l5d20_relaxed_10h_from_t2p517_20260711,377
2894,2.895,20,2894,8,lomps_l5d20_relaxed_10h_from_t2p517_20260711,378
2895,2.896,20,2895,8,lomps_l5d20_relaxed_10h_from_t2p517_20260711,379
2896,2.897,20,2896,8,lomps_l5d20_relaxed_10h_from_t2p517_20260711,380
2897,2.898,20,2897,8,lomps_l5d20_relaxed_10h_from_t2p517_20260711,381
2898,2.899,20,2898,8,lomps_l5d20_relaxed_10h_from_t2p517_20260711,382
2899,2.9,20,2899,8,lomps_l5d20_relaxed_10h_from_t2p517_20260711,383
2900,2.901,20,2900,8,lomps_l5d20_relaxed_10h_from_t2p517_20260711,384
2901,2.902,20,2901,8,lomps_l5d20_relaxed_10h_from_t2p517_20260711,385
2902,2.903,20,2902,8,lomps_l5d20_relaxed_10h_from_t2p517_20260711,386
2903,2.904,20,2903,8,lomps_l5d20_relaxed_10h_from_t2p517_20260711,387
2904,2.905,20,2904,8,lomps_l5d20_relaxed_10h_from_t2p517_20260711,388
2905,2.906,20,2905,8,lomps_l5d20_relaxed_10h_from_t2p517_20260711,389
2906,2.907,20,2906,8,lomps_l5d20_relaxed_10h_from_t2p517_20260711,390
2907,2.908,20,2907,8,lomps_l5d20_relaxed_10h_from_t2p517_20260711,391
2908,2.909,20,2908,8,lomps_l5d20_relaxed_10h_from_t2p517_20260711,392
2909,2.91,20,2909,8,lomps_l5d20_relaxed_10h_from_t2p517_20260711,393
2910,2.911,20,2910,8,lomps_l5d20_relaxed_10h_from_t2p517_20260711,394
2911,2.912,20,2911,8,lomps_l5d20_relaxed_10h_from_t2p517_20260711,395
2912,2.913,20,2912,8,lomps_l5d20_relaxed_10h_from_t2p517_20260711,396
2913,2.914,20,2913,8,lomps_l5d20_relaxed_10h_from_t2p517_20260711,397
2914,2.915,20,2914,8,lomps_l5d20_relaxed_10h_from_t2p517_20260711,398
2915,2.916,20,2915,8,lomps_l5d20_relaxed_10h_from_t2p517_20260711,399
2916,2.917,20,2916,8,lomps_l5d20_relaxed_10h_from_t2p517_20260711,400
2917,2.918,20,2917,8,lomps_l5d20_relaxed_10h_from_t2p517_20260711,401
2918,2.919,20,2918,8,lomps_l5d20_relaxed_10h_from_t2p517_20260711,402
2919,2.92,20,2919,8,lomps_l5d20_relaxed_10h_from_t2p517_20260711,403
2920,2.921,20,2920,8,lomps_l5d20_relaxed_10h_from_t2p517_20260711,404
2921,2.922,20,2921,8,lomps_l5d20_relaxed_10h_from_t2p517_20260711,405
2922,2.923,20,2922,8,lomps_l5d20_relaxed_10h_from_t2p517_20260711,406
2923,2.924,20,2923,8,lomps_l5d20_relaxed_10h_from_t2p517_20260711,407
2924,2.925,20,2924,8,lomps_l5d20_relaxed_10h_from_t2p517_20260711,408
2925,2.926,20,2925,8,lomps_l5d20_relaxed_10h_from_t2p517_20260711,409
2926,2.927,20,2926,8,lomps_l5d20_relaxed_10h_from_t2p517_20260711,410
2927,2.928,20,2927,8,lomps_l5d20_relaxed_10h_from_t2p517_20260711,411
2928,2.929,20,2928,8,lomps_l5d20_relaxed_10h_from_t2p517_20260711,412
2929,2.93,20,2929,8,lomps_l5d20_relaxed_10h_from_t2p517_20260711,413
2930,2.931,20,2930,8,lomps_l5d20_relaxed_10h_from_t2p517_20260711,414
2931,2.932,20,2931,8,lomps_l5d20_relaxed_10h_from_t2p517_20260711,415
2932,2.933,20,2932,8,lomps_l5d20_relaxed_10h_from_t2p517_20260711,416
2933,2.934,20,2933,8,lomps_l5d20_relaxed_10h_from_t2p517_20260711,417
2934,2.935,20,2934,8,lomps_l5d20_relaxed_10h_from_t2p517_20260711,418
2935,2.936,20,2935,8,lomps_l5d20_relaxed_10h_from_t2p517_20260711,419
2936,2.937,20,2936,8,lomps_l5d20_relaxed_10h_from_t2p517_20260711,420
2937,2.938,20,2937,8,lomps_l5d20_relaxed_10h_from_t2p517_20260711,421
2938,2.939,20,2938,8,lomps_l5d20_relaxed_10h_from_t2p517_20260711,422
2939,2.94,20,2939,8,lomps_l5d20_relaxed_10h_from_t2p517_20260711,423
2940,2.941,20,2940,8,lomps_l5d20_relaxed_10h_from_t2p517_20260711,424
2941,2.942,20,2941,8,lomps_l5d20_relaxed_10h_from_t2p517_20260711,425
2942,2.943,20,2942,8,lomps_l5d20_relaxed_10h_from_t2p517_20260711,426
2943,2.944,20,2943,8,lomps_l5d20_relaxed_10h_from_t2p517_20260711,427
2944,2.945,20,2944,8,lomps_l5d20_relaxed_10h_from_t2p517_20260711,428
2945,2.946,20,2945,8,lomps_l5d20_relaxed_10h_from_t2p517_20260711,429
2946,2.947,20,2946,8,lomps_l5d20_relaxed_10h_from_t2p517_20260711,430
2947,2.948,20,2947,8,lomps_l5d20_relaxed_10h_from_t2p517_20260711,431
2948,2.949,20,2948,8,lomps_l5d20_relaxed_10h_from_t2p517_20260711,432
2949,2.95,20,2949,8,lomps_l5d20_relaxed_10h_from_t2p517_20260711,433
2950,2.951,20,2950,8,lomps_l5d20_relaxed_10h_from_t2p517_20260711,434
2951,2.952,20,2951,8,lomps_l5d20_relaxed_10h_from_t2p517_20260711,435
2952,2.953,20,2952,8,lomps_l5d20_relaxed_10h_from_t2p517_20260711,436
2953,2.954,20,2953,8,lomps_l5d20_relaxed_10h_from_t2p517_20260711,437
2954,2.955,20,2954,8,lomps_l5d20_relaxed_10h_from_t2p517_20260711,438
2955,2.956,20,2955,8,lomps_l5d20_relaxed_10h_from_t2p517_20260711,439
2956,2.957,20,2956,8,lomps_l5d20_relaxed_10h_from_t2p517_20260711,440
2957,2.958,20,2957,8,lomps_l5d20_relaxed_10h_from_t2p517_20260711,441
2958,2.959,20,2958,8,lomps_l5d20_relaxed_10h_from_t2p517_20260711,442
2959,2.96,20,2959,8,lomps_l5d20_relaxed_10h_from_t2p517_20260711,443
2960,2.961,20,2960,8,lomps_l5d20_relaxed_10h_from_t2p517_20260711,444
2961,2.962,20,2961,8,lomps_l5d20_relaxed_10h_from_t2p517_20260711,445
2962,2.963,20,2962,8,lomps_l5d20_relaxed_10h_from_t2p517_20260711,446
2963,2.964,20,2963,8,lomps_l5d20_relaxed_10h_from_t2p517_20260711,447
2964,2.965,20,2964,8,lomps_l5d20_relaxed_10h_from_t2p517_20260711,448
2965,2.966,20,2965,8,lomps_l5d20_relaxed_10h_from_t2p517_20260711,449
2966,2.967,20,2966,8,lomps_l5d20_relaxed_10h_from_t2p517_20260711,450
2967,2.968,20,2967,8,lomps_l5d20_relaxed_10h_from_t2p517_20260711,451
2968,2.969,20,2968,8,lomps_l5d20_relaxed_10h_from_t2p517_20260711,452
2969,2.97,20,2969,8,lomps_l5d20_relaxed_10h_from_t2p517_20260711,453
2970,2.971,20,2970,8,lomps_l5d20_relaxed_10h_from_t2p517_20260711,454
2971,2.972,20,2971,8,lomps_l5d20_relaxed_10h_from_t2p517_20260711,455
2972,2.973,20,2972,8,lomps_l5d20_relaxed_10h_from_t2p517_20260711,456
2973,2.974,20,2973,8,lomps_l5d20_relaxed_10h_from_t2p517_20260711,457
2974,2.975,20,2974,8,lomps_l5d20_relaxed_10h_from_t2p517_20260711,458
2975,2.976,20,2975,8,lomps_l5d20_relaxed_10h_from_t2p517_20260711,459
2976,2.977,20,2976,8,lomps_l5d20_relaxed_10h_from_t2p517_20260711,460
2977,2.978,20,2977,8,lomps_l5d20_relaxed_10h_from_t2p517_20260711,461
2978,2.979,20,2978,8,lomps_l5d20_relaxed_10h_from_t2p517_20260711,462
2979,2.98,20,2979,8,lomps_l5d20_relaxed_10h_from_t2p517_20260711,463
2980,2.981,20,2980,8,lomps_l5d20_relaxed_10h_from_t2p517_20260711,464
2981,2.982,20,2981,8,lomps_l5d20_relaxed_10h_from_t2p517_20260711,465
2982,2.983,20,2982,8,lomps_l5d20_relaxed_10h_from_t2p517_20260711,466
2983,2.984,20,2983,8,lomps_l5d20_relaxed_10h_from_t2p517_20260711,467
2984,2.985,20,2984,8,lomps_l5d20_relaxed_10h_from_t2p517_20260711,468
2985,2.986,20,2985,8,lomps_l5d20_relaxed_10h_from_t2p517_20260711,469
2986,2.987,20,2986,8,lomps_l5d20_relaxed_10h_from_t2p517_20260711,470
2987,2.988,20,2987,8,lomps_l5d20_relaxed_10h_from_t2p517_20260711,471
2988,2.989,20,2988,8,lomps_l5d20_relaxed_10h_from_t2p517_20260711,472
2989,2.99,20,2989,8,lomps_l5d20_relaxed_10h_from_t2p517_20260711,473
2990,2.991,20,2990,8,lomps_l5d20_relaxed_10h_from_t2p517_20260711,474
2991,2.992,20,2991,8,lomps_l5d20_relaxed_10h_from_t2p517_20260711,475
2992,2.993,20,2992,8,lomps_l5d20_relaxed_10h_from_t2p517_20260711,476
2993,2.994,20,2993,8,lomps_l5d20_relaxed_10h_from_t2p517_20260711,477
2994,2.995,20,2994,8,lomps_l5d20_relaxed_10h_from_t2p517_20260711,478
2995,2.996,20,2995,8,lomps_l5d20_relaxed_10h_from_t2p517_20260711,479
2996,2.997,20,2996,8,lomps_l5d20_relaxed_10h_from_t2p517_20260711,480
2997,2.998,20,2997,8,lomps_l5d20_relaxed_10h_from_t2p517_20260711,481
2998,2.999,20,2998,8,lomps_l5d20_relaxed_10h_from_t2p517_20260711,482
2999,3,20,2999,8,lomps_l5d20_relaxed_10h_from_t2p517_20260711,483
3000,3.001,20,3000,8,lomps_l5d20_relaxed_10h_from_t2p517_20260711,484
3001,3.002,20,3001,8,lomps_l5d20_relaxed_10h_from_t2p517_20260711,485
3002,3.003,20,3002,8,lomps_l5d20_relaxed_10h_from_t2p517_20260711,486
3003,3.004,20,3003,8,lomps_l5d20_relaxed_10h_from_t2p517_20260711,487
3004,3.005,20,3004,8,lomps_l5d20_relaxed_10h_from_t2p517_20260711,488
3005,3.006,20,3005,8,lomps_l5d20_relaxed_10h_from_t2p517_20260711,489
3006,3.007,20,3006,8,lomps_l5d20_relaxed_10h_from_t2p517_20260711,490
3007,3.008,20,3007,8,lomps_l5d20_relaxed_10h_from_t2p517_20260711,491
3008,3.009,20,3008,8,lomps_l5d20_relaxed_10h_from_t2p517_20260711,492
3009,3.01,20,3009,8,lomps_l5d20_relaxed_10h_from_t2p517_20260711,493
3010,3.011,20,3010,8,lomps_l5d20_relaxed_10h_from_t2p517_20260711,494
3011,3.012,20,3011,8,lomps_l5d20_relaxed_10h_from_t2p517_20260711,495
3012,3.013,20,3012,8,lomps_l5d20_relaxed_10h_from_t2p517_20260711,496
3013,3.014,20,3013,8,lomps_l5d20_relaxed_10h_from_t2p517_20260711,497
3014,3.015,20,3014,8,lomps_l5d20_relaxed_10h_from_t2p517_20260711,498
3015,3.016,20,3015,8,lomps_l5d20_relaxed_10h_from_t2p517_20260711,499
3016,3.017,20,3016,8,lomps_l5d20_relaxed_10h_from_t2p517_20260711,500
3017,3.018,20,3017,8,lomps_l5d20_relaxed_10h_from_t2p517_20260711,501
3018,3.019,20,3018,8,lomps_l5d20_relaxed_10h_from_t2p517_20260711,502
3019,3.02,20,3019,8,lomps_l5d20_relaxed_10h_from_t2p517_20260711,503
3020,3.021,20,3020,8,lomps_l5d20_relaxed_10h_from_t2p517_20260711,504
3021,3.022,20,3021,8,lomps_l5d20_relaxed_10h_from_t2p517_20260711,505
3022,3.023,20,3022,8,lomps_l5d20_relaxed_10h_from_t2p517_20260711,506
3023,3.024,20,3023,8,lomps_l5d20_relaxed_10h_from_t2p517_20260711,507
3024,3.025,20,3024,8,lomps_l5d20_relaxed_10h_from_t2p517_20260711,508
3025,3.026,20,3025,8,lomps_l5d20_relaxed_10h_from_t2p517_20260711,509
3026,3.027,20,3026,8,lomps_l5d20_relaxed_10h_from_t2p517_20260711,510
3027,3.028,20,3027,8,lomps_l5d20_relaxed_10h_from_t2p517_20260711,511
3028,3.029,20,3028,8,lomps_l5d20_relaxed_10h_from_t2p517_20260711,512
3029,3.03,20,3029,8,lomps_l5d20_relaxed_10h_from_t2p517_20260711,513
3030,3.031,20,3030,8,lomps_l5d20_relaxed_10h_from_t2p517_20260711,514
3031,3.032,20,3031,8,lomps_l5d20_relaxed_10h_from_t2p517_20260711,515
3032,3.033,20,3032,8,lomps_l5d20_relaxed_10h_from_t2p517_20260711,516
3033,3.034,20,3033,8,lomps_l5d20_relaxed_10h_from_t2p517_20260711,517
3034,3.035,20,3034,8,lomps_l5d20_relaxed_10h_from_t2p517_20260711,518
3035,3.036,20,3035,8,lomps_l5d20_relaxed_10h_from_t2p517_20260711,519
3036,3.037,20,3036,8,lomps_l5d20_relaxed_10h_from_t2p517_20260711,520
3037,3.038,20,3037,8,lomps_l5d20_relaxed_10h_from_t2p517_20260711,521
3038,3.039,20,3038,8,lomps_l5d20_relaxed_10h_from_t2p517_20260711,522
3039,3.04,20,3039,8,lomps_l5d20_relaxed_10h_from_t2p517_20260711,523
3040,3.041,20,3040,8,lomps_l5d20_relaxed_10h_from_t2p517_20260711,524
3041,3.042,20,3041,8,lomps_l5d20_relaxed_10h_from_t2p517_20260711,525
3042,3.043,20,3042,8,lomps_l5d20_relaxed_10h_from_t2p517_20260711,526
3043,3.044,20,3043,8,lomps_l5d20_relaxed_10h_from_t2p517_20260711,527
3044,3.045,20,3044,8,lomps_l5d20_relaxed_10h_from_t2p517_20260711,528
3045,3.046,20,3045,8,lomps_l5d20_relaxed_10h_from_t2p517_20260711,529
3046,3.047,20,3046,8,lomps_l5d20_relaxed_10h_from_t2p517_20260711,530
3047,3.048,20,3047,8,lomps_l5d20_relaxed_10h_from_t2p517_20260711,531
3048,3.049,20,3048,8,lomps_l5d20_relaxed_10h_from_t2p517_20260711,532
3049,3.05,20,3049,8,lomps_l5d20_relaxed_10h_from_t2p517_20260711,533
3050,3.051,20,3050,8,lomps_l5d20_relaxed_10h_from_t2p517_20260711,534
3051,3.052,20,3051,8,lomps_l5d20_relaxed_10h_from_t2p517_20260711,535
3052,3.053,20,3052,8,lomps_l5d20_relaxed_10h_from_t2p517_20260711,536
3053,3.054,20,3053,8,lomps_l5d20_relaxed_10h_from_t2p517_20260711,537
3054,3.055,20,3054,8,lomps_l5d20_relaxed_10h_from_t2p517_20260711,538
3055,3.056,20,3055,8,lomps_l5d20_relaxed_10h_from_t2p517_20260711,539
3056,3.057,20,3056,8,lomps_l5d20_relaxed_10h_from_t2p517_20260711,540
3057,3.058,20,3057,8,lomps_l5d20_relaxed_10h_from_t2p517_20260711,541
3058,3.059,20,3058,8,lomps_l5d20_relaxed_10h_from_t2p517_20260711,542
3059,3.06,20,3059,8,lomps_l5d20_relaxed_10h_from_t2p517_20260711,543
3060,3.061,20,3060,8,lomps_l5d20_relaxed_10h_from_t2p517_20260711,544
3061,3.062,20,3061,8,lomps_l5d20_relaxed_10h_from_t2p517_20260711,545
3062,3.063,20,3062,8,lomps_l5d20_relaxed_10h_from_t2p517_20260711,546
3063,3.064,20,3063,8,lomps_l5d20_relaxed_10h_from_t2p517_20260711,547
3064,3.065,20,3064,8,lomps_l5d20_relaxed_10h_from_t2p517_20260711,548
3065,3.066,20,3065,8,lomps_l5d20_relaxed_10h_from_t2p517_20260711,549
3066,3.067,20,3066,8,lomps_l5d20_relaxed_10h_from_t2p517_20260711,550
3067,3.068,20,3067,8,lomps_l5d20_relaxed_10h_from_t2p517_20260711,551
3068,3.069,20,3068,8,lomps_l5d20_relaxed_10h_from_t2p517_20260711,552
3069,3.07,20,3069,8,lomps_l5d20_relaxed_10h_from_t2p517_20260711,553
3070,3.071,20,3070,8,lomps_l5d20_relaxed_10h_from_t2p517_20260711,554
3071,3.072,20,3071,8,lomps_l5d20_relaxed_10h_from_t2p517_20260711,555
3072,3.073,20,3072,8,lomps_l5d20_relaxed_10h_from_t2p517_20260711,556
3073,3.074,20,3073,8,lomps_l5d20_relaxed_10h_from_t2p517_20260711,557
3074,3.075,20,3074,8,lomps_l5d20_relaxed_10h_from_t2p517_20260711,558
3075,3.076,20,3075,8,lomps_l5d20_relaxed_10h_from_t2p517_20260711,559
3076,3.077,20,3076,8,lomps_l5d20_relaxed_10h_from_t2p517_20260711,560
3077,3.078,20,3077,8,lomps_l5d20_relaxed_10h_from_t2p517_20260711,561
3078,3.079,20,3078,8,lomps_l5d20_relaxed_10h_from_t2p517_20260711,562
3079,3.08,20,3079,8,lomps_l5d20_relaxed_10h_from_t2p517_20260711,563
3080,3.081,20,3080,8,lomps_l5d20_relaxed_10h_from_t2p517_20260711,564
3081,3.082,20,3081,8,lomps_l5d20_relaxed_10h_from_t2p517_20260711,565
3082,3.083,20,3082,8,lomps_l5d20_relaxed_10h_from_t2p517_20260711,566
3083,3.084,20,3083,8,lomps_l5d20_relaxed_10h_from_t2p517_20260711,567
3084,3.085,20,3084,8,lomps_l5d20_relaxed_10h_from_t2p517_20260711,568
3085,3.086,20,3085,8,lomps_l5d20_relaxed_10h_from_t2p517_20260711,569
3086,3.087,20,3086,8,lomps_l5d20_relaxed_10h_from_t2p517_20260711,570
3087,3.088,20,3087,8,lomps_l5d20_relaxed_10h_from_t2p517_20260711,571
3088,3.089,20,3088,8,lomps_l5d20_relaxed_10h_from_t2p517_20260711,572
3089,3.09,20,3089,8,lomps_l5d20_relaxed_10h_from_t2p517_20260711,573
3090,3.091,20,3090,8,lomps_l5d20_relaxed_10h_from_t2p517_20260711,574
3091,3.092,20,3091,8,lomps_l5d20_relaxed_10h_from_t2p517_20260711,575
3092,3.093,20,3092,8,lomps_l5d20_relaxed_10h_from_t2p517_20260711,576
3093,3.094,20,3093,8,lomps_l5d20_relaxed_10h_from_t2p517_20260711,577
3094,3.095,20,3094,8,lomps_l5d20_relaxed_10h_from_t2p517_20260711,578
3095,3.096,20,3095,8,lomps_l5d20_relaxed_10h_from_t2p517_20260711,579
3096,3.097,20,3096,8,lomps_l5d20_relaxed_10h_from_t2p517_20260711,580
3097,3.098,20,3097,8,lomps_l5d20_relaxed_10h_from_t2p517_20260711,581
3098,3.099,20,3098,8,lomps_l5d20_relaxed_10h_from_t2p517_20260711,582
3099,3.1,20,3099,8,lomps_l5d20_relaxed_10h_from_t2p517_20260711,583
3100,3.101,20,3100,8,lomps_l5d20_relaxed_10h_from_t2p517_20260711,584
3101,3.102,20,3101,8,lomps_l5d20_relaxed_10h_from_t2p517_20260711,585
3102,3.103,20,3102,8,lomps_l5d20_relaxed_10h_from_t2p517_20260711,586
3103,3.104,20,3103,8,lomps_l5d20_relaxed_10h_from_t2p517_20260711,587
3104,3.105,20,3104,8,lomps_l5d20_relaxed_10h_from_t2p517_20260711,588
3105,3.106,20,3105,8,lomps_l5d20_relaxed_10h_from_t2p517_20260711,589
3106,3.107,20,3106,8,lomps_l5d20_relaxed_10h_from_t2p517_20260711,590
3107,3.108,20,3107,8,lomps_l5d20_relaxed_10h_from_t2p517_20260711,591
3108,3.109,20,3108,8,lomps_l5d20_relaxed_10h_from_t2p517_20260711,592
3109,3.11,20,3109,8,lomps_l5d20_relaxed_10h_from_t2p517_20260711,593
3110,3.111,20,3110,8,lomps_l5d20_relaxed_10h_from_t2p517_20260711,594
3111,3.112,20,3111,8,lomps_l5d20_relaxed_10h_from_t2p517_20260711,595
3112,3.113,20,3112,8,lomps_l5d20_relaxed_10h_from_t2p517_20260711,596
3113,3.114,20,3113,8,lomps_l5d20_relaxed_10h_from_t2p517_20260711,597
3114,3.115,20,3114,8,lomps_l5d20_relaxed_10h_from_t2p517_20260711,598
3115,3.116,20,3115,8,lomps_l5d20_relaxed_10h_from_t2p517_20260711,599
3116,3.117,20,3116,8,lomps_l5d20_relaxed_10h_from_t2p517_20260711,600
3117,3.118,20,3117,8,lomps_l5d20_relaxed_10h_from_t2p517_20260711,601
3118,3.119,20,3118,8,lomps_l5d20_relaxed_10h_from_t2p517_20260711,602
3119,3.12,20,3119,8,lomps_l5d20_relaxed_10h_from_t2p517_20260711,603
3120,3.121,20,3120,8,lomps_l5d20_relaxed_10h_from_t2p517_20260711,604
3121,3.122,20,3121,8,lomps_l5d20_relaxed_10h_from_t2p517_20260711,605
3122,3.123,20,3122,8,lomps_l5d20_relaxed_10h_from_t2p517_20260711,606
3123,3.124,20,3123,8,lomps_l5d20_relaxed_10h_from_t2p517_20260711,607
3124,3.125,20,3124,8,lomps_l5d20_relaxed_10h_from_t2p517_20260711,608
3125,3.126,20,3125,8,lomps_l5d20_relaxed_10h_from_t2p517_20260711,609
3126,3.127,20,3126,8,lomps_l5d20_relaxed_10h_from_t2p517_20260711,610
3127,3.128,20,3127,8,lomps_l5d20_relaxed_10h_from_t2p517_20260711,611
3128,3.129,20,3128,8,lomps_l5d20_relaxed_10h_from_t2p517_20260711,612
3129,3.13,20,3129,8,lomps_l5d20_relaxed_10h_from_t2p517_20260711,613
3130,3.131,20,3130,8,lomps_l5d20_relaxed_10h_from_t2p517_20260711,614
3131,3.132,20,3131,8,lomps_l5d20_relaxed_10h_from_t2p517_20260711,615
3132,3.133,20,3132,8,lomps_l5d20_relaxed_10h_from_t2p517_20260711,616
3133,3.134,20,3133,8,lomps_l5d20_relaxed_10h_from_t2p517_20260711,617
3134,3.135,20,3134,8,lomps_l5d20_relaxed_10h_from_t2p517_20260711,618
3135,3.136,20,3135,8,lomps_l5d20_relaxed_10h_from_t2p517_20260711,619
3136,3.137,20,3136,8,lomps_l5d20_relaxed_10h_from_t2p517_20260711,620
3137,3.138,20,3137,8,lomps_l5d20_relaxed_10h_from_t2p517_20260711,621
3138,3.139,20,3138,8,lomps_l5d20_relaxed_10h_from_t2p517_20260711,622
3139,3.14,20,3139,8,lomps_l5d20_relaxed_10h_from_t2p517_20260711,623
3140,3.141,20,3140,8,lomps_l5d20_relaxed_10h_from_t2p517_20260711,624
3141,3.142,20,3141,8,lomps_l5d20_relaxed_10h_from_t2p517_20260711,625
3142,3.143,20,3142,8,lomps_l5d20_relaxed_10h_from_t2p517_20260711,626
3143,3.144,20,3143,8,lomps_l5d20_relaxed_10h_from_t2p517_20260711,627
3144,3.145,20,3144,8,lomps_l5d20_relaxed_10h_from_t2p517_20260711,628
3145,3.146,20,3145,8,lomps_l5d20_relaxed_10h_from_t2p517_20260711,629
3146,3.147,20,3146,8,lomps_l5d20_relaxed_10h_from_t2p517_20260711,630
3147,3.148,20,3147,8,lomps_l5d20_relaxed_10h_from_t2p517_20260711,631
3148,3.149,20,3148,8,lomps_l5d20_relaxed_10h_from_t2p517_20260711,632
3149,3.15,20,3149,8,lomps_l5d20_relaxed_10h_from_t2p517_20260711,633
3150,3.151,20,3150,8,lomps_l5d20_relaxed_10h_from_t2p517_20260711,634
3151,3.152,20,3151,8,lomps_l5d20_relaxed_10h_from_t2p517_20260711,635
3152,3.153,20,3152,8,lomps_l5d20_relaxed_10h_from_t2p517_20260711,636
3153,3.154,20,3153,8,lomps_l5d20_relaxed_10h_from_t2p517_20260711,637
3154,3.155,20,3154,8,lomps_l5d20_relaxed_10h_from_t2p517_20260711,638
3155,3.156,20,3155,8,lomps_l5d20_relaxed_10h_from_t2p517_20260711,639
3156,3.157,20,3156,8,lomps_l5d20_relaxed_10h_from_t2p517_20260711,640
3157,3.158,20,3157,8,lomps_l5d20_relaxed_10h_from_t2p517_20260711,641
3158,3.159,20,3158,8,lomps_l5d20_relaxed_10h_from_t2p517_20260711,642
3159,3.16,20,3159,8,lomps_l5d20_relaxed_10h_from_t2p517_20260711,643
3160,3.161,20,3160,8,lomps_l5d20_relaxed_10h_from_t2p517_20260711,644
3161,3.162,20,3161,8,lomps_l5d20_relaxed_10h_from_t2p517_20260711,645
3162,3.163,20,3162,8,lomps_l5d20_relaxed_10h_from_t2p517_20260711,646
3163,3.164,20,3163,8,lomps_l5d20_relaxed_10h_from_t2p517_20260711,647
3164,3.165,20,3164,8,lomps_l5d20_relaxed_10h_from_t2p517_20260711,648
3165,3.166,20,3165,8,lomps_l5d20_relaxed_10h_from_t2p517_20260711,649
3166,3.167,20,3166,8,lomps_l5d20_relaxed_10h_from_t2p517_20260711,650
3167,3.168,20,3167,8,lomps_l5d20_relaxed_10h_from_t2p517_20260711,651
3168,3.169,20,3168,8,lomps_l5d20_relaxed_10h_from_t2p517_20260711,652
3169,3.17,20,3169,8,lomps_l5d20_relaxed_10h_from_t2p517_20260711,653
3170,3.171,20,3170,8,lomps_l5d20_relaxed_10h_from_t2p517_20260711,654
3171,3.172,20,3171,8,lomps_l5d20_relaxed_10h_from_t2p517_20260711,655
3172,3.173,20,3172,8,lomps_l5d20_relaxed_10h_from_t2p517_20260711,656
3173,3.174,20,3173,8,lomps_l5d20_relaxed_10h_from_t2p517_20260711,657
3174,3.175,20,3174,8,lomps_l5d20_relaxed_10h_from_t2p517_20260711,658
3175,3.176,20,3175,8,lomps_l5d20_relaxed_10h_from_t2p517_20260711,659
3176,3.177,20,3176,8,lomps_l5d20_relaxed_10h_from_t2p517_20260711,660
3177,3.178,20,3177,8,lomps_l5d20_relaxed_10h_from_t2p517_20260711,661
3178,3.179,20,3178,8,lomps_l5d20_relaxed_10h_from_t2p517_20260711,662
3179,3.18,20,3179,8,lomps_l5d20_relaxed_10h_from_t2p517_20260711,663
3180,3.181,20,3180,8,lomps_l5d20_relaxed_10h_from_t2p517_20260711,664
3181,3.182,20,3181,8,lomps_l5d20_relaxed_10h_from_t2p517_20260711,665
3182,3.183,20,3182,8,lomps_l5d20_relaxed_10h_from_t2p517_20260711,666
3183,3.184,20,3183,8,lomps_l5d20_relaxed_10h_from_t2p517_20260711,667
3184,3.185,20,3184,8,lomps_l5d20_relaxed_10h_from_t2p517_20260711,668
3185,3.186,20,3185,8,lomps_l5d20_relaxed_10h_from_t2p517_20260711,669
3186,3.187,20,3186,8,lomps_l5d20_relaxed_10h_from_t2p517_20260711,670
3187,3.188,20,3187,8,lomps_l5d20_relaxed_10h_from_t2p517_20260711,671
3188,3.189,20,3188,8,lomps_l5d20_relaxed_10h_from_t2p517_20260711,672
3189,3.19,20,3189,8,lomps_l5d20_relaxed_10h_from_t2p517_20260711,673
3190,3.191,20,3190,8,lomps_l5d20_relaxed_10h_from_t2p517_20260711,674
3191,3.192,20,3191,8,lomps_l5d20_relaxed_10h_from_t2p517_20260711,675
3192,3.193,20,3192,8,lomps_l5d20_relaxed_10h_from_t2p517_20260711,676
3193,3.194,20,3193,8,lomps_l5d20_relaxed_10h_from_t2p517_20260711,677
3194,3.195,20,3194,8,lomps_l5d20_relaxed_10h_from_t2p517_20260711,678
3195,3.196,20,3195,8,lomps_l5d20_relaxed_10h_from_t2p517_20260711,679
3196,3.197,20,3196,8,lomps_l5d20_relaxed_10h_from_t2p517_20260711,680
3197,3.198,20,3197,8,lomps_l5d20_relaxed_10h_from_t2p517_20260711,681
3198,3.199,20,3198,8,lomps_l5d20_relaxed_10h_from_t2p517_20260711,682
3199,3.2,20,3199,8,lomps_l5d20_relaxed_10h_from_t2p517_20260711,683
3200,3.201,20,3200,8,lomps_l5d20_relaxed_10h_from_t2p517_20260711,684
3201,3.202,20,3201,8,lomps_l5d20_relaxed_10h_from_t2p517_20260711,685
3202,3.203,20,3202,8,lomps_l5d20_relaxed_10h_from_t2p517_20260711,686
3203,3.204,20,3203,8,lomps_l5d20_relaxed_10h_from_t2p517_20260711,687
3204,3.205,20,3204,8,lomps_l5d20_relaxed_10h_from_t2p517_20260711,688
3205,3.206,20,3205,8,lomps_l5d20_relaxed_10h_from_t2p517_20260711,689
3206,3.207,20,3206,8,lomps_l5d20_relaxed_10h_from_t2p517_20260711,690
3207,3.208,20,3207,8,lomps_l5d20_relaxed_10h_from_t2p517_20260711,691
3208,3.209,20,3208,8,lomps_l5d20_relaxed_10h_from_t2p517_20260711,692
3209,3.21,20,3209,8,lomps_l5d20_relaxed_10h_from_t2p517_20260711,693
3210,3.211,20,3210,8,lomps_l5d20_relaxed_10h_from_t2p517_20260711,694
3211,3.212,20,3211,8,lomps_l5d20_relaxed_10h_from_t2p517_20260711,695
3212,3.213,20,3212,8,lomps_l5d20_relaxed_10h_from_t2p517_20260711,696
3213,3.214,20,3213,8,lomps_l5d20_relaxed_10h_from_t2p517_20260711,697
3214,3.215,20,3214,8,lomps_l5d20_relaxed_10h_from_t2p517_20260711,698
3215,3.216,20,3215,8,lomps_l5d20_relaxed_10h_from_t2p517_20260711,699
3216,3.217,20,3216,8,lomps_l5d20_relaxed_10h_from_t2p517_20260711,700
3217,3.218,20,3217,8,lomps_l5d20_relaxed_10h_from_t2p517_20260711,701
3218,3.219,20,3218,8,lomps_l5d20_relaxed_10h_from_t2p517_20260711,702
3219,3.22,20,3219,8,lomps_l5d20_relaxed_10h_from_t2p517_20260711,703
3220,3.221,20,3220,8,lomps_l5d20_relaxed_10h_from_t2p517_20260711,704
3221,3.222,20,3221,8,lomps_l5d20_relaxed_10h_from_t2p517_20260711,705
3222,3.223,20,3222,8,lomps_l5d20_relaxed_10h_from_t2p517_20260711,706
3223,3.224,20,3223,8,lomps_l5d20_relaxed_10h_from_t2p517_20260711,707
3224,3.225,20,3224,8,lomps_l5d20_relaxed_10h_from_t2p517_20260711,708
3225,3.226,20,3225,8,lomps_l5d20_relaxed_10h_from_t2p517_20260711,709
3226,3.227,20,3226,8,lomps_l5d20_relaxed_10h_from_t2p517_20260711,710
3227,3.228,20,3227,8,lomps_l5d20_relaxed_10h_from_t2p517_20260711,711
3228,3.229,20,3228,8,lomps_l5d20_relaxed_10h_from_t2p517_20260711,712
3229,3.23,20,3229,8,lomps_l5d20_relaxed_10h_from_t2p517_20260711,713
3230,3.231,20,3230,8,lomps_l5d20_relaxed_10h_from_t2p517_20260711,714
3231,3.232,20,3231,8,lomps_l5d20_relaxed_10h_from_t2p517_20260711,715
3232,3.233,20,3232,8,lomps_l5d20_relaxed_10h_from_t2p517_20260711,716
3233,3.234,20,3233,8,lomps_l5d20_relaxed_10h_from_t2p517_20260711,717
3234,3.235,20,3234,8,lomps_l5d20_relaxed_10h_from_t2p517_20260711,718
3235,3.236,20,3235,8,lomps_l5d20_relaxed_10h_from_t2p517_20260711,719
3236,3.237,20,3236,8,lomps_l5d20_relaxed_10h_from_t2p517_20260711,720
3237,3.238,20,3237,8,lomps_l5d20_relaxed_10h_from_t2p517_20260711,721
3238,3.239,20,3238,8,lomps_l5d20_relaxed_10h_from_t2p517_20260711,722
3239,3.24,20,3239,8,lomps_l5d20_relaxed_10h_from_t2p517_20260711,723
3240,3.241,20,3240,8,lomps_l5d20_relaxed_10h_from_t2p517_20260711,724
3241,3.242,20,3241,8,lomps_l5d20_relaxed_10h_from_t2p517_20260711,725
3242,3.243,20,3242,8,lomps_l5d20_relaxed_10h_from_t2p517_20260711,726
3243,3.244,20,3243,8,lomps_l5d20_relaxed_10h_from_t2p517_20260711,727
3244,3.245,20,3244,8,lomps_l5d20_relaxed_10h_from_t2p517_20260711,728
3245,3.246,20,3245,8,lomps_l5d20_relaxed_10h_from_t2p517_20260711,729
3246,3.247,20,3246,8,lomps_l5d20_relaxed_10h_from_t2p517_20260711,730
3247,3.248,20,3247,8,lomps_l5d20_relaxed_10h_from_t2p517_20260711,731
3248,3.249,20,3248,8,lomps_l5d20_relaxed_10h_from_t2p517_20260711,732
3249,3.25,20,3249,8,lomps_l5d20_relaxed_10h_from_t2p517_20260711,733
3250,3.251,20,3250,8,lomps_l5d20_relaxed_10h_from_t2p517_20260711,734
3251,3.252,20,3251,8,lomps_l5d20_relaxed_10h_from_t2p517_20260711,735
3252,3.253,20,3252,8,lomps_l5d20_relaxed_10h_from_t2p517_20260711,736
3253,3.254,20,3253,8,lomps_l5d20_relaxed_10h_from_t2p517_20260711,737
3254,3.255,20,3254,8,lomps_l5d20_relaxed_10h_from_t2p517_20260711,738
3255,3.256,20,3255,8,lomps_l5d20_relaxed_10h_from_t2p517_20260711,739
3256,3.257,20,3256,8,lomps_l5d20_relaxed_10h_from_t2p517_20260711,740
3257,3.258,20,3257,8,lomps_l5d20_relaxed_10h_from_t2p517_20260711,741
3258,3.259,20,3258,8,lomps_l5d20_relaxed_10h_from_t2p517_20260711,742
3259,3.26,20,3259,8,lomps_l5d20_relaxed_10h_from_t2p517_20260711,743
3260,3.261,20,3260,8,lomps_l5d20_relaxed_10h_from_t2p517_20260711,744
3261,3.262,20,3261,8,lomps_l5d20_relaxed_10h_from_t2p517_20260711,745
3262,3.263,20,3262,8,lomps_l5d20_relaxed_10h_from_t2p517_20260711,746
3263,3.264,20,3263,8,lomps_l5d20_relaxed_10h_from_t2p517_20260711,747
3264,3.265,20,3264,8,lomps_l5d20_relaxed_10h_from_t2p517_20260711,748
3265,3.266,20,3265,8,lomps_l5d20_relaxed_10h_from_t2p517_20260711,749
3266,3.267,20,3266,8,lomps_l5d20_relaxed_10h_from_t2p517_20260711,750
3267,3.268,20,3267,8,lomps_l5d20_relaxed_10h_from_t2p517_20260711,751
3268,3.269,20,3268,8,lomps_l5d20_relaxed_10h_from_t2p517_20260711,752
3269,3.27,20,3269,8,lomps_l5d20_relaxed_10h_from_t2p517_20260711,753
3270,3.271,20,3270,8,lomps_l5d20_relaxed_10h_from_t2p517_20260711,754
3271,3.272,20,3271,8,lomps_l5d20_relaxed_10h_from_t2p517_20260711,755
3272,3.273,20,3272,8,lomps_l5d20_relaxed_10h_from_t2p517_20260711,756
3273,3.274,20,3273,8,lomps_l5d20_relaxed_10h_from_t2p517_20260711,757
3274,3.275,20,3274,8,lomps_l5d20_relaxed_10h_from_t2p517_20260711,758
3275,3.276,20,3275,8,lomps_l5d20_relaxed_10h_from_t2p517_20260711,759
3276,3.277,20,3276,8,lomps_l5d20_relaxed_10h_from_t2p517_20260711,760
3277,3.278,20,3277,8,lomps_l5d20_relaxed_10h_from_t2p517_20260711,761
3278,3.279,20,3278,8,lomps_l5d20_relaxed_10h_from_t2p517_20260711,762
3279,3.28,20,3279,8,lomps_l5d20_relaxed_10h_from_t2p517_20260711,763
3280,3.281,20,3280,8,lomps_l5d20_relaxed_10h_from_t2p517_20260711,764
3281,3.282,20,3281,8,lomps_l5d20_relaxed_10h_from_t2p517_20260711,765
3282,3.283,20,3282,8,lomps_l5d20_relaxed_10h_from_t2p517_20260711,766
3283,3.284,20,3283,8,lomps_l5d20_relaxed_10h_from_t2p517_20260711,767
3284,3.285,20,3284,8,lomps_l5d20_relaxed_10h_from_t2p517_20260711,768
3285,3.286,20,3285,8,lomps_l5d20_relaxed_10h_from_t2p517_20260711,769
3286,3.287,20,3286,8,lomps_l5d20_relaxed_10h_from_t2p517_20260711,770
3287,3.288,20,3287,8,lomps_l5d20_relaxed_10h_from_t2p517_20260711,771
3288,3.289,20,3288,8,lomps_l5d20_relaxed_10h_from_t2p517_20260711,772
3289,3.29,20,3289,8,lomps_l5d20_relaxed_10h_from_t2p517_20260711,773
3290,3.291,20,3290,8,lomps_l5d20_relaxed_10h_from_t2p517_20260711,774
3291,3.292,20,3291,8,lomps_l5d20_relaxed_10h_from_t2p517_20260711,775
3292,3.293,20,3292,8,lomps_l5d20_relaxed_10h_from_t2p517_20260711,776
3293,3.294,20,3293,8,lomps_l5d20_relaxed_10h_from_t2p517_20260711,777
3294,3.295,20,3294,8,lomps_l5d20_relaxed_10h_from_t2p517_20260711,778
3295,3.296,20,3295,8,lomps_l5d20_relaxed_10h_from_t2p517_20260711,779
3296,3.297,20,3296,8,lomps_l5d20_relaxed_10h_from_t2p517_20260711,780
3297,3.298,20,3297,9,lomps_l5d20_relaxed_8h_from_t3p297_20260712,1
3298,3.299,20,3298,9,lomps_l5d20_relaxed_8h_from_t3p297_20260712,2
3299,3.3,20,3299,9,lomps_l5d20_relaxed_8h_from_t3p297_20260712,3
3300,3.301,20,3300,9,lomps_l5d20_relaxed_8h_from_t3p297_20260712,4
3301,3.302,20,3301,9,lomps_l5d20_relaxed_8h_from_t3p297_20260712,5
3302,3.303,20,3302,9,lomps_l5d20_relaxed_8h_from_t3p297_20260712,6
3303,3.304,20,3303,9,lomps_l5d20_relaxed_8h_from_t3p297_20260712,7
3304,3.305,20,3304,9,lomps_l5d20_relaxed_8h_from_t3p297_20260712,8
3305,3.306,20,3305,9,lomps_l5d20_relaxed_8h_from_t3p297_20260712,9
3306,3.307,20,3306,9,lomps_l5d20_relaxed_8h_from_t3p297_20260712,10
3307,3.308,20,3307,9,lomps_l5d20_relaxed_8h_from_t3p297_20260712,11
3308,3.309,20,3308,9,lomps_l5d20_relaxed_8h_from_t3p297_20260712,12
3309,3.31,20,3309,9,lomps_l5d20_relaxed_8h_from_t3p297_20260712,13
3310,3.311,20,3310,9,lomps_l5d20_relaxed_8h_from_t3p297_20260712,14
3311,3.312,20,3311,9,lomps_l5d20_relaxed_8h_from_t3p297_20260712,15
3312,3.313,20,3312,9,lomps_l5d20_relaxed_8h_from_t3p297_20260712,16
3313,3.314,20,3313,9,lomps_l5d20_relaxed_8h_from_t3p297_20260712,17
3314,3.315,20,3314,9,lomps_l5d20_relaxed_8h_from_t3p297_20260712,18
3315,3.316,20,3315,9,lomps_l5d20_relaxed_8h_from_t3p297_20260712,19
3316,3.317,20,3316,9,lomps_l5d20_relaxed_8h_from_t3p297_20260712,20
3317,3.318,20,3317,9,lomps_l5d20_relaxed_8h_from_t3p297_20260712,21
3318,3.319,20,3318,9,lomps_l5d20_relaxed_8h_from_t3p297_20260712,22
3319,3.32,20,3319,9,lomps_l5d20_relaxed_8h_from_t3p297_20260712,23
3320,3.321,20,3320,9,lomps_l5d20_relaxed_8h_from_t3p297_20260712,24
3321,3.322,20,3321,9,lomps_l5d20_relaxed_8h_from_t3p297_20260712,25
3322,3.323,20,3322,9,lomps_l5d20_relaxed_8h_from_t3p297_20260712,26
3323,3.324,20,3323,9,lomps_l5d20_relaxed_8h_from_t3p297_20260712,27
3324,3.325,20,3324,9,lomps_l5d20_relaxed_8h_from_t3p297_20260712,28
3325,3.326,20,3325,9,lomps_l5d20_relaxed_8h_from_t3p297_20260712,29
3326,3.327,20,3326,9,lomps_l5d20_relaxed_8h_from_t3p297_20260712,30
3327,3.328,20,3327,9,lomps_l5d20_relaxed_8h_from_t3p297_20260712,31
3328,3.329,20,3328,9,lomps_l5d20_relaxed_8h_from_t3p297_20260712,32
3329,3.33,20,3329,9,lomps_l5d20_relaxed_8h_from_t3p297_20260712,33
3330,3.331,20,3330,9,lomps_l5d20_relaxed_8h_from_t3p297_20260712,34
3331,3.332,20,3331,9,lomps_l5d20_relaxed_8h_from_t3p297_20260712,35
3332,3.333,20,3332,9,lomps_l5d20_relaxed_8h_from_t3p297_20260712,36
3333,3.334,20,3333,9,lomps_l5d20_relaxed_8h_from_t3p297_20260712,37
3334,3.335,20,3334,9,lomps_l5d20_relaxed_8h_from_t3p297_20260712,38
3335,3.336,20,3335,9,lomps_l5d20_relaxed_8h_from_t3p297_20260712,39
3336,3.337,20,3336,9,lomps_l5d20_relaxed_8h_from_t3p297_20260712,40
3337,3.338,20,3337,9,lomps_l5d20_relaxed_8h_from_t3p297_20260712,41
3338,3.339,20,3338,9,lomps_l5d20_relaxed_8h_from_t3p297_20260712,42
3339,3.34,20,3339,9,lomps_l5d20_relaxed_8h_from_t3p297_20260712,43
3340,3.341,20,3340,9,lomps_l5d20_relaxed_8h_from_t3p297_20260712,44
3341,3.342,20,3341,9,lomps_l5d20_relaxed_8h_from_t3p297_20260712,45
3342,3.343,20,3342,9,lomps_l5d20_relaxed_8h_from_t3p297_20260712,46
3343,3.344,20,3343,9,lomps_l5d20_relaxed_8h_from_t3p297_20260712,47
3344,3.345,20,3344,9,lomps_l5d20_relaxed_8h_from_t3p297_20260712,48
3345,3.346,20,3345,9,lomps_l5d20_relaxed_8h_from_t3p297_20260712,49
3346,3.347,20,3346,9,lomps_l5d20_relaxed_8h_from_t3p297_20260712,50
3347,3.348,20,3347,9,lomps_l5d20_relaxed_8h_from_t3p297_20260712,51
3348,3.349,20,3348,9,lomps_l5d20_relaxed_8h_from_t3p297_20260712,52
3349,3.35,20,3349,9,lomps_l5d20_relaxed_8h_from_t3p297_20260712,53
3350,3.351,20,3350,9,lomps_l5d20_relaxed_8h_from_t3p297_20260712,54
3351,3.352,20,3351,9,lomps_l5d20_relaxed_8h_from_t3p297_20260712,55
3352,3.353,20,3352,9,lomps_l5d20_relaxed_8h_from_t3p297_20260712,56
3353,3.354,20,3353,9,lomps_l5d20_relaxed_8h_from_t3p297_20260712,57
3354,3.355,20,3354,9,lomps_l5d20_relaxed_8h_from_t3p297_20260712,58
3355,3.356,20,3355,9,lomps_l5d20_relaxed_8h_from_t3p297_20260712,59
3356,3.357,20,3356,9,lomps_l5d20_relaxed_8h_from_t3p297_20260712,60
3357,3.358,20,3357,9,lomps_l5d20_relaxed_8h_from_t3p297_20260712,61
3358,3.359,20,3358,9,lomps_l5d20_relaxed_8h_from_t3p297_20260712,62
3359,3.36,20,3359,9,lomps_l5d20_relaxed_8h_from_t3p297_20260712,63
3360,3.361,20,3360,9,lomps_l5d20_relaxed_8h_from_t3p297_20260712,64
3361,3.362,20,3361,9,lomps_l5d20_relaxed_8h_from_t3p297_20260712,65
3362,3.363,20,3362,9,lomps_l5d20_relaxed_8h_from_t3p297_20260712,66
3363,3.364,20,3363,9,lomps_l5d20_relaxed_8h_from_t3p297_20260712,67
3364,3.365,20,3364,9,lomps_l5d20_relaxed_8h_from_t3p297_20260712,68
3365,3.366,20,3365,9,lomps_l5d20_relaxed_8h_from_t3p297_20260712,69
3366,3.367,20,3366,9,lomps_l5d20_relaxed_8h_from_t3p297_20260712,70
3367,3.368,20,3367,9,lomps_l5d20_relaxed_8h_from_t3p297_20260712,71
3368,3.369,20,3368,9,lomps_l5d20_relaxed_8h_from_t3p297_20260712,72
3369,3.37,20,3369,9,lomps_l5d20_relaxed_8h_from_t3p297_20260712,73
3370,3.371,20,3370,9,lomps_l5d20_relaxed_8h_from_t3p297_20260712,74
3371,3.372,20,3371,9,lomps_l5d20_relaxed_8h_from_t3p297_20260712,75
3372,3.373,20,3372,9,lomps_l5d20_relaxed_8h_from_t3p297_20260712,76
3373,3.374,20,3373,9,lomps_l5d20_relaxed_8h_from_t3p297_20260712,77
3374,3.375,20,3374,9,lomps_l5d20_relaxed_8h_from_t3p297_20260712,78
3375,3.376,20,3375,9,lomps_l5d20_relaxed_8h_from_t3p297_20260712,79
3376,3.377,20,3376,9,lomps_l5d20_relaxed_8h_from_t3p297_20260712,80
3377,3.378,20,3377,9,lomps_l5d20_relaxed_8h_from_t3p297_20260712,81
3378,3.379,20,3378,9,lomps_l5d20_relaxed_8h_from_t3p297_20260712,82
3379,3.38,20,3379,9,lomps_l5d20_relaxed_8h_from_t3p297_20260712,83
3380,3.381,20,3380,9,lomps_l5d20_relaxed_8h_from_t3p297_20260712,84
3381,3.382,20,3381,9,lomps_l5d20_relaxed_8h_from_t3p297_20260712,85
3382,3.383,20,3382,9,lomps_l5d20_relaxed_8h_from_t3p297_20260712,86
3383,3.384,20,3383,9,lomps_l5d20_relaxed_8h_from_t3p297_20260712,87
3384,3.385,20,3384,9,lomps_l5d20_relaxed_8h_from_t3p297_20260712,88
3385,3.386,20,3385,9,lomps_l5d20_relaxed_8h_from_t3p297_20260712,89
3386,3.387,20,3386,9,lomps_l5d20_relaxed_8h_from_t3p297_20260712,90
3387,3.388,20,3387,9,lomps_l5d20_relaxed_8h_from_t3p297_20260712,91
3388,3.389,20,3388,9,lomps_l5d20_relaxed_8h_from_t3p297_20260712,92
3389,3.39,20,3389,9,lomps_l5d20_relaxed_8h_from_t3p297_20260712,93
3390,3.391,20,3390,9,lomps_l5d20_relaxed_8h_from_t3p297_20260712,94
3391,3.392,20,3391,9,lomps_l5d20_relaxed_8h_from_t3p297_20260712,95
3392,3.393,20,3392,9,lomps_l5d20_relaxed_8h_from_t3p297_20260712,96
3393,3.394,20,3393,9,lomps_l5d20_relaxed_8h_from_t3p297_20260712,97
3394,3.395,20,3394,9,lomps_l5d20_relaxed_8h_from_t3p297_20260712,98
3395,3.396,20,3395,9,lomps_l5d20_relaxed_8h_from_t3p297_20260712,99
3396,3.397,20,3396,9,lomps_l5d20_relaxed_8h_from_t3p297_20260712,100
3397,3.398,20,3397,9,lomps_l5d20_relaxed_8h_from_t3p297_20260712,101
3398,3.399,20,3398,9,lomps_l5d20_relaxed_8h_from_t3p297_20260712,102
3399,3.4,20,3399,9,lomps_l5d20_relaxed_8h_from_t3p297_20260712,103
3400,3.401,20,3400,9,lomps_l5d20_relaxed_8h_from_t3p297_20260712,104
3401,3.402,20,3401,9,lomps_l5d20_relaxed_8h_from_t3p297_20260712,105
3402,3.403,20,3402,9,lomps_l5d20_relaxed_8h_from_t3p297_20260712,106
3403,3.404,20,3403,9,lomps_l5d20_relaxed_8h_from_t3p297_20260712,107
3404,3.405,20,3404,9,lomps_l5d20_relaxed_8h_from_t3p297_20260712,108
3405,3.406,20,3405,9,lomps_l5d20_relaxed_8h_from_t3p297_20260712,109
3406,3.407,20,3406,9,lomps_l5d20_relaxed_8h_from_t3p297_20260712,110
3407,3.408,20,3407,9,lomps_l5d20_relaxed_8h_from_t3p297_20260712,111
3408,3.409,20,3408,9,lomps_l5d20_relaxed_8h_from_t3p297_20260712,112
3409,3.41,20,3409,9,lomps_l5d20_relaxed_8h_from_t3p297_20260712,113
3410,3.411,20,3410,9,lomps_l5d20_relaxed_8h_from_t3p297_20260712,114
3411,3.412,20,3411,9,lomps_l5d20_relaxed_8h_from_t3p297_20260712,115
3412,3.413,20,3412,9,lomps_l5d20_relaxed_8h_from_t3p297_20260712,116
3413,3.414,20,3413,9,lomps_l5d20_relaxed_8h_from_t3p297_20260712,117
3414,3.415,20,3414,9,lomps_l5d20_relaxed_8h_from_t3p297_20260712,118
3415,3.416,20,3415,9,lomps_l5d20_relaxed_8h_from_t3p297_20260712,119
3416,3.417,20,3416,9,lomps_l5d20_relaxed_8h_from_t3p297_20260712,120
3417,3.418,20,3417,9,lomps_l5d20_relaxed_8h_from_t3p297_20260712,121
3418,3.419,20,3418,9,lomps_l5d20_relaxed_8h_from_t3p297_20260712,122
3419,3.42,20,3419,9,lomps_l5d20_relaxed_8h_from_t3p297_20260712,123
3420,3.421,20,3420,9,lomps_l5d20_relaxed_8h_from_t3p297_20260712,124
3421,3.422,20,3421,9,lomps_l5d20_relaxed_8h_from_t3p297_20260712,125
3422,3.423,20,3422,9,lomps_l5d20_relaxed_8h_from_t3p297_20260712,126
3423,3.424,20,3423,9,lomps_l5d20_relaxed_8h_from_t3p297_20260712,127
3424,3.425,20,3424,9,lomps_l5d20_relaxed_8h_from_t3p297_20260712,128
3425,3.426,20,3425,9,lomps_l5d20_relaxed_8h_from_t3p297_20260712,129
3426,3.427,20,3426,9,lomps_l5d20_relaxed_8h_from_t3p297_20260712,130
3427,3.428,20,3427,9,lomps_l5d20_relaxed_8h_from_t3p297_20260712,131
3428,3.429,20,3428,9,lomps_l5d20_relaxed_8h_from_t3p297_20260712,132
3429,3.43,20,3429,9,lomps_l5d20_relaxed_8h_from_t3p297_20260712,133
3430,3.431,20,3430,9,lomps_l5d20_relaxed_8h_from_t3p297_20260712,134
3431,3.432,20,3431,9,lomps_l5d20_relaxed_8h_from_t3p297_20260712,135
3432,3.433,20,3432,9,lomps_l5d20_relaxed_8h_from_t3p297_20260712,136
3433,3.434,20,3433,9,lomps_l5d20_relaxed_8h_from_t3p297_20260712,137
3434,3.435,20,3434,9,lomps_l5d20_relaxed_8h_from_t3p297_20260712,138
3435,3.436,20,3435,9,lomps_l5d20_relaxed_8h_from_t3p297_20260712,139
3436,3.437,20,3436,9,lomps_l5d20_relaxed_8h_from_t3p297_20260712,140
3437,3.438,20,3437,9,lomps_l5d20_relaxed_8h_from_t3p297_20260712,141
3438,3.439,20,3438,9,lomps_l5d20_relaxed_8h_from_t3p297_20260712,142
3439,3.44,20,3439,9,lomps_l5d20_relaxed_8h_from_t3p297_20260712,143
3440,3.441,20,3440,9,lomps_l5d20_relaxed_8h_from_t3p297_20260712,144
3441,3.442,20,3441,9,lomps_l5d20_relaxed_8h_from_t3p297_20260712,145
3442,3.443,20,3442,9,lomps_l5d20_relaxed_8h_from_t3p297_20260712,146
3443,3.444,20,3443,9,lomps_l5d20_relaxed_8h_from_t3p297_20260712,147
3444,3.445,20,3444,9,lomps_l5d20_relaxed_8h_from_t3p297_20260712,148
3445,3.446,20,3445,9,lomps_l5d20_relaxed_8h_from_t3p297_20260712,149
3446,3.447,20,3446,9,lomps_l5d20_relaxed_8h_from_t3p297_20260712,150
3447,3.448,20,3447,9,lomps_l5d20_relaxed_8h_from_t3p297_20260712,151
3448,3.449,20,3448,9,lomps_l5d20_relaxed_8h_from_t3p297_20260712,152
3449,3.45,20,3449,9,lomps_l5d20_relaxed_8h_from_t3p297_20260712,153
3450,3.451,20,3450,9,lomps_l5d20_relaxed_8h_from_t3p297_20260712,154
3451,3.452,20,3451,9,lomps_l5d20_relaxed_8h_from_t3p297_20260712,155
3452,3.453,20,3452,9,lomps_l5d20_relaxed_8h_from_t3p297_20260712,156
3453,3.454,20,3453,9,lomps_l5d20_relaxed_8h_from_t3p297_20260712,157
3454,3.455,20,3454,9,lomps_l5d20_relaxed_8h_from_t3p297_20260712,158
3455,3.456,20,3455,9,lomps_l5d20_relaxed_8h_from_t3p297_20260712,159
3456,3.457,20,3456,9,lomps_l5d20_relaxed_8h_from_t3p297_20260712,160
3457,3.458,20,3457,9,lomps_l5d20_relaxed_8h_from_t3p297_20260712,161
3458,3.459,20,3458,9,lomps_l5d20_relaxed_8h_from_t3p297_20260712,162
3459,3.46,20,3459,9,lomps_l5d20_relaxed_8h_from_t3p297_20260712,163
3460,3.461,20,3460,9,lomps_l5d20_relaxed_8h_from_t3p297_20260712,164
3461,3.462,20,3461,9,lomps_l5d20_relaxed_8h_from_t3p297_20260712,165
3462,3.463,20,3462,9,lomps_l5d20_relaxed_8h_from_t3p297_20260712,166
3463,3.464,20,3463,9,lomps_l5d20_relaxed_8h_from_t3p297_20260712,167
3464,3.465,20,3464,9,lomps_l5d20_relaxed_8h_from_t3p297_20260712,168
3465,3.466,20,3465,9,lomps_l5d20_relaxed_8h_from_t3p297_20260712,169
3466,3.467,20,3466,9,lomps_l5d20_relaxed_8h_from_t3p297_20260712,170
3467,3.468,20,3467,9,lomps_l5d20_relaxed_8h_from_t3p297_20260712,171
3468,3.469,20,3468,9,lomps_l5d20_relaxed_8h_from_t3p297_20260712,172
3469,3.47,20,3469,9,lomps_l5d20_relaxed_8h_from_t3p297_20260712,173
3470,3.471,20,3470,9,lomps_l5d20_relaxed_8h_from_t3p297_20260712,174
3471,3.472,20,3471,9,lomps_l5d20_relaxed_8h_from_t3p297_20260712,175
3472,3.473,20,3472,9,lomps_l5d20_relaxed_8h_from_t3p297_20260712,176
3473,3.474,20,3473,9,lomps_l5d20_relaxed_8h_from_t3p297_20260712,177
3474,3.475,20,3474,9,lomps_l5d20_relaxed_8h_from_t3p297_20260712,178
3475,3.476,20,3475,9,lomps_l5d20_relaxed_8h_from_t3p297_20260712,179
3476,3.477,20,3476,9,lomps_l5d20_relaxed_8h_from_t3p297_20260712,180
3477,3.478,20,3477,9,lomps_l5d20_relaxed_8h_from_t3p297_20260712,181
3478,3.479,20,3478,9,lomps_l5d20_relaxed_8h_from_t3p297_20260712,182
3479,3.48,20,3479,9,lomps_l5d20_relaxed_8h_from_t3p297_20260712,183
3480,3.481,20,3480,9,lomps_l5d20_relaxed_8h_from_t3p297_20260712,184
3481,3.482,20,3481,9,lomps_l5d20_relaxed_8h_from_t3p297_20260712,185
3482,3.483,20,3482,9,lomps_l5d20_relaxed_8h_from_t3p297_20260712,186
3483,3.484,20,3483,9,lomps_l5d20_relaxed_8h_from_t3p297_20260712,187
3484,3.485,20,3484,9,lomps_l5d20_relaxed_8h_from_t3p297_20260712,188
3485,3.486,20,3485,9,lomps_l5d20_relaxed_8h_from_t3p297_20260712,189
3486,3.487,20,3486,9,lomps_l5d20_relaxed_8h_from_t3p297_20260712,190
3487,3.488,20,3487,9,lomps_l5d20_relaxed_8h_from_t3p297_20260712,191
3488,3.489,20,3488,9,lomps_l5d20_relaxed_8h_from_t3p297_20260712,192
3489,3.49,20,3489,9,lomps_l5d20_relaxed_8h_from_t3p297_20260712,193
3490,3.491,20,3490,9,lomps_l5d20_relaxed_8h_from_t3p297_20260712,194
3491,3.492,20,3491,9,lomps_l5d20_relaxed_8h_from_t3p297_20260712,195
3492,3.493,20,3492,9,lomps_l5d20_relaxed_8h_from_t3p297_20260712,196
3493,3.494,20,3493,9,lomps_l5d20_relaxed_8h_from_t3p297_20260712,197
3494,3.495,20,3494,9,lomps_l5d20_relaxed_8h_from_t3p297_20260712,198
3495,3.496,20,3495,9,lomps_l5d20_relaxed_8h_from_t3p297_20260712,199
3496,3.497,20,3496,9,lomps_l5d20_relaxed_8h_from_t3p297_20260712,200
3497,3.498,20,3497,9,lomps_l5d20_relaxed_8h_from_t3p297_20260712,201
3498,3.499,20,3498,9,lomps_l5d20_relaxed_8h_from_t3p297_20260712,202
3499,3.5,20,3499,9,lomps_l5d20_relaxed_8h_from_t3p297_20260712,203
3500,3.501,20,3500,9,lomps_l5d20_relaxed_8h_from_t3p297_20260712,204
3501,3.502,20,3501,9,lomps_l5d20_relaxed_8h_from_t3p297_20260712,205
3502,3.503,20,3502,9,lomps_l5d20_relaxed_8h_from_t3p297_20260712,206
3503,3.504,20,3503,9,lomps_l5d20_relaxed_8h_from_t3p297_20260712,207
3504,3.505,20,3504,9,lomps_l5d20_relaxed_8h_from_t3p297_20260712,208
3505,3.506,20,3505,9,lomps_l5d20_relaxed_8h_from_t3p297_20260712,209
3506,3.507,20,3506,9,lomps_l5d20_relaxed_8h_from_t3p297_20260712,210
3507,3.508,20,3507,9,lomps_l5d20_relaxed_8h_from_t3p297_20260712,211
3508,3.509,20,3508,9,lomps_l5d20_relaxed_8h_from_t3p297_20260712,212
3509,3.51,20,3509,9,lomps_l5d20_relaxed_8h_from_t3p297_20260712,213
3510,3.511,20,3510,9,lomps_l5d20_relaxed_8h_from_t3p297_20260712,214
3511,3.512,20,3511,9,lomps_l5d20_relaxed_8h_from_t3p297_20260712,215
3512,3.513,20,3512,9,lomps_l5d20_relaxed_8h_from_t3p297_20260712,216
3513,3.514,20,3513,9,lomps_l5d20_relaxed_8h_from_t3p297_20260712,217
3514,3.515,20,3514,9,lomps_l5d20_relaxed_8h_from_t3p297_20260712,218
3515,3.516,20,3515,9,lomps_l5d20_relaxed_8h_from_t3p297_20260712,219
3516,3.517,20,3516,9,lomps_l5d20_relaxed_8h_from_t3p297_20260712,220
3517,3.518,20,3517,9,lomps_l5d20_relaxed_8h_from_t3p297_20260712,221
3518,3.519,20,3518,9,lomps_l5d20_relaxed_8h_from_t3p297_20260712,222
3519,3.52,20,3519,9,lomps_l5d20_relaxed_8h_from_t3p297_20260712,223
3520,3.521,20,3520,9,lomps_l5d20_relaxed_8h_from_t3p297_20260712,224
3521,3.522,20,3521,9,lomps_l5d20_relaxed_8h_from_t3p297_20260712,225
3522,3.523,20,3522,9,lomps_l5d20_relaxed_8h_from_t3p297_20260712,226
3523,3.524,20,3523,9,lomps_l5d20_relaxed_8h_from_t3p297_20260712,227
3524,3.525,20,3524,9,lomps_l5d20_relaxed_8h_from_t3p297_20260712,228
3525,3.526,20,3525,9,lomps_l5d20_relaxed_8h_from_t3p297_20260712,229
3526,3.527,20,3526,9,lomps_l5d20_relaxed_8h_from_t3p297_20260712,230
3527,3.528,20,3527,9,lomps_l5d20_relaxed_8h_from_t3p297_20260712,231
3528,3.529,20,3528,9,lomps_l5d20_relaxed_8h_from_t3p297_20260712,232
3529,3.53,20,3529,9,lomps_l5d20_relaxed_8h_from_t3p297_20260712,233
3530,3.531,20,3530,9,lomps_l5d20_relaxed_8h_from_t3p297_20260712,234
3531,3.532,20,3531,9,lomps_l5d20_relaxed_8h_from_t3p297_20260712,235
3532,3.533,20,3532,9,lomps_l5d20_relaxed_8h_from_t3p297_20260712,236
3533,3.534,20,3533,9,lomps_l5d20_relaxed_8h_from_t3p297_20260712,237
3534,3.535,20,3534,9,lomps_l5d20_relaxed_8h_from_t3p297_20260712,238
3535,3.536,20,3535,9,lomps_l5d20_relaxed_8h_from_t3p297_20260712,239
3536,3.537,20,3536,9,lomps_l5d20_relaxed_8h_from_t3p297_20260712,240
3537,3.538,20,3537,9,lomps_l5d20_relaxed_8h_from_t3p297_20260712,241
3538,3.539,20,3538,9,lomps_l5d20_relaxed_8h_from_t3p297_20260712,242
3539,3.54,20,3539,9,lomps_l5d20_relaxed_8h_from_t3p297_20260712,243
3540,3.541,20,3540,9,lomps_l5d20_relaxed_8h_from_t3p297_20260712,244
3541,3.542,20,3541,9,lomps_l5d20_relaxed_8h_from_t3p297_20260712,245
3542,3.543,20,3542,9,lomps_l5d20_relaxed_8h_from_t3p297_20260712,246
3543,3.544,20,3543,9,lomps_l5d20_relaxed_8h_from_t3p297_20260712,247
3544,3.545,20,3544,9,lomps_l5d20_relaxed_8h_from_t3p297_20260712,248
3545,3.546,20,3545,9,lomps_l5d20_relaxed_8h_from_t3p297_20260712,249
3546,3.547,20,3546,9,lomps_l5d20_relaxed_8h_from_t3p297_20260712,250
3547,3.548,20,3547,9,lomps_l5d20_relaxed_8h_from_t3p297_20260712,251
3548,3.549,20,3548,9,lomps_l5d20_relaxed_8h_from_t3p297_20260712,252
3549,3.55,20,3549,9,lomps_l5d20_relaxed_8h_from_t3p297_20260712,253
3550,3.551,20,3550,9,lomps_l5d20_relaxed_8h_from_t3p297_20260712,254
3551,3.552,20,3551,9,lomps_l5d20_relaxed_8h_from_t3p297_20260712,255
3552,3.553,20,3552,9,lomps_l5d20_relaxed_8h_from_t3p297_20260712,256
3553,3.554,20,3553,9,lomps_l5d20_relaxed_8h_from_t3p297_20260712,257
3554,3.555,20,3554,9,lomps_l5d20_relaxed_8h_from_t3p297_20260712,258
3555,3.556,20,3555,9,lomps_l5d20_relaxed_8h_from_t3p297_20260712,259
3556,3.557,20,3556,9,lomps_l5d20_relaxed_8h_from_t3p297_20260712,260
3557,3.558,20,3557,9,lomps_l5d20_relaxed_8h_from_t3p297_20260712,261
3558,3.559,20,3558,9,lomps_l5d20_relaxed_8h_from_t3p297_20260712,262
3559,3.56,20,3559,9,lomps_l5d20_relaxed_8h_from_t3p297_20260712,263
3560,3.561,20,3560,9,lomps_l5d20_relaxed_8h_from_t3p297_20260712,264
3561,3.562,20,3561,9,lomps_l5d20_relaxed_8h_from_t3p297_20260712,265
3562,3.563,20,3562,9,lomps_l5d20_relaxed_8h_from_t3p297_20260712,266
3563,3.564,20,3563,9,lomps_l5d20_relaxed_8h_from_t3p297_20260712,267
3564,3.565,20,3564,9,lomps_l5d20_relaxed_8h_from_t3p297_20260712,268
3565,3.566,20,3565,9,lomps_l5d20_relaxed_8h_from_t3p297_20260712,269
3566,3.567,20,3566,9,lomps_l5d20_relaxed_8h_from_t3p297_20260712,270
3567,3.568,20,3567,9,lomps_l5d20_relaxed_8h_from_t3p297_20260712,271
3568,3.569,20,3568,9,lomps_l5d20_relaxed_8h_from_t3p297_20260712,272
3569,3.57,20,3569,9,lomps_l5d20_relaxed_8h_from_t3p297_20260712,273
3570,3.571,20,3570,9,lomps_l5d20_relaxed_8h_from_t3p297_20260712,274
3571,3.572,20,3571,9,lomps_l5d20_relaxed_8h_from_t3p297_20260712,275
3572,3.573,20,3572,9,lomps_l5d20_relaxed_8h_from_t3p297_20260712,276
3573,3.574,20,3573,9,lomps_l5d20_relaxed_8h_from_t3p297_20260712,277
3574,3.575,20,3574,9,lomps_l5d20_relaxed_8h_from_t3p297_20260712,278
3575,3.576,20,3575,9,lomps_l5d20_relaxed_8h_from_t3p297_20260712,279
3576,3.577,20,3576,9,lomps_l5d20_relaxed_8h_from_t3p297_20260712,280
3577,3.578,20,3577,9,lomps_l5d20_relaxed_8h_from_t3p297_20260712,281
3578,3.579,20,3578,9,lomps_l5d20_relaxed_8h_from_t3p297_20260712,282
3579,3.58,20,3579,9,lomps_l5d20_relaxed_8h_from_t3p297_20260712,283
3580,3.581,20,3580,9,lomps_l5d20_relaxed_8h_from_t3p297_20260712,284
3581,3.582,20,3581,9,lomps_l5d20_relaxed_8h_from_t3p297_20260712,285
3582,3.583,20,3582,9,lomps_l5d20_relaxed_8h_from_t3p297_20260712,286
3583,3.584,20,3583,9,lomps_l5d20_relaxed_8h_from_t3p297_20260712,287
3584,3.585,20,3584,9,lomps_l5d20_relaxed_8h_from_t3p297_20260712,288
3585,3.586,20,3585,9,lomps_l5d20_relaxed_8h_from_t3p297_20260712,289
3586,3.587,20,3586,9,lomps_l5d20_relaxed_8h_from_t3p297_20260712,290
3587,3.588,20,3587,9,lomps_l5d20_relaxed_8h_from_t3p297_20260712,291
3588,3.589,20,3588,9,lomps_l5d20_relaxed_8h_from_t3p297_20260712,292
3589,3.59,20,3589,9,lomps_l5d20_relaxed_8h_from_t3p297_20260712,293
3590,3.591,20,3590,9,lomps_l5d20_relaxed_8h_from_t3p297_20260712,294
3591,3.592,20,3591,9,lomps_l5d20_relaxed_8h_from_t3p297_20260712,295
3592,3.593,20,3592,9,lomps_l5d20_relaxed_8h_from_t3p297_20260712,296
3593,3.594,20,3593,9,lomps_l5d20_relaxed_8h_from_t3p297_20260712,297
3594,3.595,20,3594,9,lomps_l5d20_relaxed_8h_from_t3p297_20260712,298
3595,3.596,20,3595,9,lomps_l5d20_relaxed_8h_from_t3p297_20260712,299
3596,3.597,20,3596,9,lomps_l5d20_relaxed_8h_from_t3p297_20260712,300
3597,3.598,20,3597,9,lomps_l5d20_relaxed_8h_from_t3p297_20260712,301
3598,3.599,20,3598,9,lomps_l5d20_relaxed_8h_from_t3p297_20260712,302
3599,3.6,20,3599,9,lomps_l5d20_relaxed_8h_from_t3p297_20260712,303
3600,3.601,20,3600,9,lomps_l5d20_relaxed_8h_from_t3p297_20260712,304
3601,3.602,20,3601,9,lomps_l5d20_relaxed_8h_from_t3p297_20260712,305
3602,3.603,20,3602,9,lomps_l5d20_relaxed_8h_from_t3p297_20260712,306
3603,3.604,20,3603,9,lomps_l5d20_relaxed_8h_from_t3p297_20260712,307
3604,3.605,20,3604,9,lomps_l5d20_relaxed_8h_from_t3p297_20260712,308
3605,3.606,20,3605,9,lomps_l5d20_relaxed_8h_from_t3p297_20260712,309
3606,3.607,20,3606,9,lomps_l5d20_relaxed_8h_from_t3p297_20260712,310
3607,3.608,20,3607,9,lomps_l5d20_relaxed_8h_from_t3p297_20260712,311
3608,3.609,20,3608,9,lomps_l5d20_relaxed_8h_from_t3p297_20260712,312
3609,3.61,20,3609,9,lomps_l5d20_relaxed_8h_from_t3p297_20260712,313
3610,3.611,20,3610,9,lomps_l5d20_relaxed_8h_from_t3p297_20260712,314
3611,3.612,20,3611,9,lomps_l5d20_relaxed_8h_from_t3p297_20260712,315
3612,3.613,20,3612,9,lomps_l5d20_relaxed_8h_from_t3p297_20260712,316
3613,3.614,20,3613,9,lomps_l5d20_relaxed_8h_from_t3p297_20260712,317
3614,3.615,20,3614,9,lomps_l5d20_relaxed_8h_from_t3p297_20260712,318
3615,3.616,20,3615,9,lomps_l5d20_relaxed_8h_from_t3p297_20260712,319
3616,3.617,20,3616,9,lomps_l5d20_relaxed_8h_from_t3p297_20260712,320
3617,3.618,20,3617,9,lomps_l5d20_relaxed_8h_from_t3p297_20260712,321
3618,3.619,20,3618,9,lomps_l5d20_relaxed_8h_from_t3p297_20260712,322
3619,3.62,20,3619,9,lomps_l5d20_relaxed_8h_from_t3p297_20260712,323
3620,3.621,20,3620,9,lomps_l5d20_relaxed_8h_from_t3p297_20260712,324
3621,3.622,20,3621,9,lomps_l5d20_relaxed_8h_from_t3p297_20260712,325
3622,3.623,20,3622,9,lomps_l5d20_relaxed_8h_from_t3p297_20260712,326
3623,3.624,20,3623,9,lomps_l5d20_relaxed_8h_from_t3p297_20260712,327
3624,3.625,20,3624,9,lomps_l5d20_relaxed_8h_from_t3p297_20260712,328
3625,3.626,20,3625,9,lomps_l5d20_relaxed_8h_from_t3p297_20260712,329
3626,3.627,20,3626,9,lomps_l5d20_relaxed_8h_from_t3p297_20260712,330
3627,3.628,20,3627,9,lomps_l5d20_relaxed_8h_from_t3p297_20260712,331
3628,3.629,20,3628,9,lomps_l5d20_relaxed_8h_from_t3p297_20260712,332
3629,3.63,20,3629,9,lomps_l5d20_relaxed_8h_from_t3p297_20260712,333
3630,3.631,20,3630,9,lomps_l5d20_relaxed_8h_from_t3p297_20260712,334
3631,3.632,20,3631,9,lomps_l5d20_relaxed_8h_from_t3p297_20260712,335
3632,3.633,20,3632,9,lomps_l5d20_relaxed_8h_from_t3p297_20260712,336
3633,3.634,20,3633,9,lomps_l5d20_relaxed_8h_from_t3p297_20260712,337
3634,3.635,20,3634,9,lomps_l5d20_relaxed_8h_from_t3p297_20260712,338
3635,3.636,20,3635,9,lomps_l5d20_relaxed_8h_from_t3p297_20260712,339
3636,3.637,20,3636,9,lomps_l5d20_relaxed_8h_from_t3p297_20260712,340
3637,3.638,20,3637,9,lomps_l5d20_relaxed_8h_from_t3p297_20260712,341
3638,3.639,20,3638,9,lomps_l5d20_relaxed_8h_from_t3p297_20260712,342
3639,3.64,20,3639,9,lomps_l5d20_relaxed_8h_from_t3p297_20260712,343
3640,3.641,20,3640,9,lomps_l5d20_relaxed_8h_from_t3p297_20260712,344
3641,3.642,20,3641,9,lomps_l5d20_relaxed_8h_from_t3p297_20260712,345
3642,3.643,20,3642,9,lomps_l5d20_relaxed_8h_from_t3p297_20260712,346
3643,3.644,20,3643,9,lomps_l5d20_relaxed_8h_from_t3p297_20260712,347
3644,3.645,20,3644,9,lomps_l5d20_relaxed_8h_from_t3p297_20260712,348
3645,3.646,20,3645,9,lomps_l5d20_relaxed_8h_from_t3p297_20260712,349
3646,3.647,20,3646,9,lomps_l5d20_relaxed_8h_from_t3p297_20260712,350
3647,3.648,20,3647,9,lomps_l5d20_relaxed_8h_from_t3p297_20260712,351
3648,3.649,20,3648,9,lomps_l5d20_relaxed_8h_from_t3p297_20260712,352
3649,3.65,20,3649,9,lomps_l5d20_relaxed_8h_from_t3p297_20260712,353
3650,3.651,20,3650,9,lomps_l5d20_relaxed_8h_from_t3p297_20260712,354
3651,3.652,20,3651,9,lomps_l5d20_relaxed_8h_from_t3p297_20260712,355
3652,3.653,20,3652,9,lomps_l5d20_relaxed_8h_from_t3p297_20260712,356
3653,3.654,20,3653,9,lomps_l5d20_relaxed_8h_from_t3p297_20260712,357
3654,3.655,20,3654,9,lomps_l5d20_relaxed_8h_from_t3p297_20260712,358
3655,3.656,20,3655,9,lomps_l5d20_relaxed_8h_from_t3p297_20260712,359
3656,3.657,20,3656,9,lomps_l5d20_relaxed_8h_from_t3p297_20260712,360
3657,3.658,20,3657,9,lomps_l5d20_relaxed_8h_from_t3p297_20260712,361
3658,3.659,20,3658,9,lomps_l5d20_relaxed_8h_from_t3p297_20260712,362
3659,3.66,20,3659,9,lomps_l5d20_relaxed_8h_from_t3p297_20260712,363
3660,3.661,20,3660,9,lomps_l5d20_relaxed_8h_from_t3p297_20260712,364
3661,3.662,20,3661,9,lomps_l5d20_relaxed_8h_from_t3p297_20260712,365
3662,3.663,20,3662,9,lomps_l5d20_relaxed_8h_from_t3p297_20260712,366
3663,3.664,20,3663,9,lomps_l5d20_relaxed_8h_from_t3p297_20260712,367
3664,3.665,20,3664,9,lomps_l5d20_relaxed_8h_from_t3p297_20260712,368
3665,3.666,20,3665,9,lomps_l5d20_relaxed_8h_from_t3p297_20260712,369
3666,3.667,20,3666,9,lomps_l5d20_relaxed_8h_from_t3p297_20260712,370
3667,3.668,20,3667,9,lomps_l5d20_relaxed_8h_from_t3p297_20260712,371
3668,3.669,20,3668,9,lomps_l5d20_relaxed_8h_from_t3p297_20260712,372
3669,3.67,20,3669,9,lomps_l5d20_relaxed_8h_from_t3p297_20260712,373
3670,3.671,20,3670,9,lomps_l5d20_relaxed_8h_from_t3p297_20260712,374
3671,3.672,20,3671,9,lomps_l5d20_relaxed_8h_from_t3p297_20260712,375
3672,3.673,20,3672,9,lomps_l5d20_relaxed_8h_from_t3p297_20260712,376
3673,3.674,20,3673,9,lomps_l5d20_relaxed_8h_from_t3p297_20260712,377
3674,3.675,20,3674,9,lomps_l5d20_relaxed_8h_from_t3p297_20260712,378
3675,3.676,20,3675,9,lomps_l5d20_relaxed_8h_from_t3p297_20260712,379
3676,3.677,20,3676,9,lomps_l5d20_relaxed_8h_from_t3p297_20260712,380
3677,3.678,20,3677,9,lomps_l5d20_relaxed_8h_from_t3p297_20260712,381
3678,3.679,20,3678,9,lomps_l5d20_relaxed_8h_from_t3p297_20260712,382
3679,3.68,20,3679,9,lomps_l5d20_relaxed_8h_from_t3p297_20260712,383
3680,3.681,20,3680,9,lomps_l5d20_relaxed_8h_from_t3p297_20260712,384
3681,3.682,20,3681,9,lomps_l5d20_relaxed_8h_from_t3p297_20260712,385
3682,3.683,20,3682,9,lomps_l5d20_relaxed_8h_from_t3p297_20260712,386
3683,3.684,20,3683,9,lomps_l5d20_relaxed_8h_from_t3p297_20260712,387
3684,3.685,20,3684,9,lomps_l5d20_relaxed_8h_from_t3p297_20260712,388
3685,3.686,20,3685,9,lomps_l5d20_relaxed_8h_from_t3p297_20260712,389
3686,3.687,20,3686,9,lomps_l5d20_relaxed_8h_from_t3p297_20260712,390
3687,3.688,20,3687,9,lomps_l5d20_relaxed_8h_from_t3p297_20260712,391
3688,3.689,20,3688,9,lomps_l5d20_relaxed_8h_from_t3p297_20260712,392
3689,3.69,20,3689,9,lomps_l5d20_relaxed_8h_from_t3p297_20260712,393
3690,3.691,20,3690,9,lomps_l5d20_relaxed_8h_from_t3p297_20260712,394
3691,3.692,20,3691,9,lomps_l5d20_relaxed_8h_from_t3p297_20260712,395
3692,3.693,20,3692,9,lomps_l5d20_relaxed_8h_from_t3p297_20260712,396
3693,3.694,20,3693,9,lomps_l5d20_relaxed_8h_from_t3p297_20260712,397
3694,3.695,20,3694,9,lomps_l5d20_relaxed_8h_from_t3p297_20260712,398
3695,3.696,20,3695,9,lomps_l5d20_relaxed_8h_from_t3p297_20260712,399
3696,3.697,20,3696,9,lomps_l5d20_relaxed_8h_from_t3p297_20260712,400
3697,3.698,20,3697,9,lomps_l5d20_relaxed_8h_from_t3p297_20260712,401
3698,3.699,20,3698,9,lomps_l5d20_relaxed_8h_from_t3p297_20260712,402
3699,3.7,20,3699,9,lomps_l5d20_relaxed_8h_from_t3p297_20260712,403
3700,3.701,20,3700,9,lomps_l5d20_relaxed_8h_from_t3p297_20260712,404
3701,3.702,20,3701,9,lomps_l5d20_relaxed_8h_from_t3p297_20260712,405
3702,3.703,20,3702,9,lomps_l5d20_relaxed_8h_from_t3p297_20260712,406
3703,3.704,20,3703,9,lomps_l5d20_relaxed_8h_from_t3p297_20260712,407
3704,3.705,20,3704,9,lomps_l5d20_relaxed_8h_from_t3p297_20260712,408
3705,3.706,20,3705,9,lomps_l5d20_relaxed_8h_from_t3p297_20260712,409
3706,3.707,20,3706,9,lomps_l5d20_relaxed_8h_from_t3p297_20260712,410
3707,3.708,20,3707,9,lomps_l5d20_relaxed_8h_from_t3p297_20260712,411
3708,3.709,20,3708,9,lomps_l5d20_relaxed_8h_from_t3p297_20260712,412
3709,3.71,20,3709,9,lomps_l5d20_relaxed_8h_from_t3p297_20260712,413
3710,3.711,20,3710,9,lomps_l5d20_relaxed_8h_from_t3p297_20260712,414
3711,3.712,20,3711,9,lomps_l5d20_relaxed_8h_from_t3p297_20260712,415
3712,3.713,20,3712,9,lomps_l5d20_relaxed_8h_from_t3p297_20260712,416
3713,3.714,20,3713,9,lomps_l5d20_relaxed_8h_from_t3p297_20260712,417
3714,3.715,20,3714,9,lomps_l5d20_relaxed_8h_from_t3p297_20260712,418
3715,3.716,20,3715,9,lomps_l5d20_relaxed_8h_from_t3p297_20260712,419
3716,3.717,20,3716,9,lomps_l5d20_relaxed_8h_from_t3p297_20260712,420
3717,3.718,20,3717,9,lomps_l5d20_relaxed_8h_from_t3p297_20260712,421
3718,3.719,20,3718,9,lomps_l5d20_relaxed_8h_from_t3p297_20260712,422
3719,3.72,20,3719,9,lomps_l5d20_relaxed_8h_from_t3p297_20260712,423
3720,3.721,20,3720,9,lomps_l5d20_relaxed_8h_from_t3p297_20260712,424
3721,3.722,20,3721,9,lomps_l5d20_relaxed_8h_from_t3p297_20260712,425
3722,3.723,20,3722,9,lomps_l5d20_relaxed_8h_from_t3p297_20260712,426
3723,3.724,20,3723,9,lomps_l5d20_relaxed_8h_from_t3p297_20260712,427
3724,3.725,20,3724,9,lomps_l5d20_relaxed_8h_from_t3p297_20260712,428
3725,3.726,20,3725,9,lomps_l5d20_relaxed_8h_from_t3p297_20260712,429
3726,3.727,20,3726,9,lomps_l5d20_relaxed_8h_from_t3p297_20260712,430
3727,3.728,20,3727,9,lomps_l5d20_relaxed_8h_from_t3p297_20260712,431
3728,3.729,20,3728,9,lomps_l5d20_relaxed_8h_from_t3p297_20260712,432
3729,3.73,20,3729,9,lomps_l5d20_relaxed_8h_from_t3p297_20260712,433
3730,3.731,20,3730,9,lomps_l5d20_relaxed_8h_from_t3p297_20260712,434
3731,3.732,20,3731,9,lomps_l5d20_relaxed_8h_from_t3p297_20260712,435
3732,3.733,20,3732,9,lomps_l5d20_relaxed_8h_from_t3p297_20260712,436
3733,3.734,20,3733,9,lomps_l5d20_relaxed_8h_from_t3p297_20260712,437
3734,3.735,20,3734,9,lomps_l5d20_relaxed_8h_from_t3p297_20260712,438
3735,3.736,20,3735,9,lomps_l5d20_relaxed_8h_from_t3p297_20260712,439
3736,3.737,20,3736,9,lomps_l5d20_relaxed_8h_from_t3p297_20260712,440
3737,3.738,20,3737,9,lomps_l5d20_relaxed_8h_from_t3p297_20260712,441
3738,3.739,20,3738,9,lomps_l5d20_relaxed_8h_from_t3p297_20260712,442
3739,3.74,20,3739,9,lomps_l5d20_relaxed_8h_from_t3p297_20260712,443
3740,3.741,20,3740,9,lomps_l5d20_relaxed_8h_from_t3p297_20260712,444
3741,3.742,20,3741,9,lomps_l5d20_relaxed_8h_from_t3p297_20260712,445
3742,3.743,20,3742,9,lomps_l5d20_relaxed_8h_from_t3p297_20260712,446
3743,3.744,20,3743,9,lomps_l5d20_relaxed_8h_from_t3p297_20260712,447
3744,3.745,20,3744,9,lomps_l5d20_relaxed_8h_from_t3p297_20260712,448
3745,3.746,20,3745,9,lomps_l5d20_relaxed_8h_from_t3p297_20260712,449
3746,3.747,20,3746,9,lomps_l5d20_relaxed_8h_from_t3p297_20260712,450
3747,3.748,20,3747,9,lomps_l5d20_relaxed_8h_from_t3p297_20260712,451
3748,3.749,20,3748,9,lomps_l5d20_relaxed_8h_from_t3p297_20260712,452
3749,3.75,20,3749,9,lomps_l5d20_relaxed_8h_from_t3p297_20260712,453
3750,3.751,20,3750,9,lomps_l5d20_relaxed_8h_from_t3p297_20260712,454
3751,3.752,20,3751,9,lomps_l5d20_relaxed_8h_from_t3p297_20260712,455
3752,3.753,20,3752,9,lomps_l5d20_relaxed_8h_from_t3p297_20260712,456
3753,3.754,20,3753,9,lomps_l5d20_relaxed_8h_from_t3p297_20260712,457
3754,3.755,20,3754,9,lomps_l5d20_relaxed_8h_from_t3p297_20260712,458
3755,3.756,20,3755,9,lomps_l5d20_relaxed_8h_from_t3p297_20260712,459
3756,3.757,20,3756,9,lomps_l5d20_relaxed_8h_from_t3p297_20260712,460
3757,3.758,20,3757,9,lomps_l5d20_relaxed_8h_from_t3p297_20260712,461
3758,3.759,20,3758,9,lomps_l5d20_relaxed_8h_from_t3p297_20260712,462
3759,3.76,20,3759,9,lomps_l5d20_relaxed_8h_from_t3p297_20260712,463
3760,3.761,20,3760,9,lomps_l5d20_relaxed_8h_from_t3p297_20260712,464
3761,3.762,20,3761,9,lomps_l5d20_relaxed_8h_from_t3p297_20260712,465
3762,3.763,20,3762,9,lomps_l5d20_relaxed_8h_from_t3p297_20260712,466
3763,3.764,20,3763,9,lomps_l5d20_relaxed_8h_from_t3p297_20260712,467
3764,3.765,20,3764,9,lomps_l5d20_relaxed_8h_from_t3p297_20260712,468
3765,3.766,20,3765,9,lomps_l5d20_relaxed_8h_from_t3p297_20260712,469
3766,3.767,20,3766,9,lomps_l5d20_relaxed_8h_from_t3p297_20260712,470
3767,3.768,20,3767,9,lomps_l5d20_relaxed_8h_from_t3p297_20260712,471
3768,3.769,20,3768,9,lomps_l5d20_relaxed_8h_from_t3p297_20260712,472
3769,3.77,20,3769,9,lomps_l5d20_relaxed_8h_from_t3p297_20260712,473
3770,3.771,20,3770,9,lomps_l5d20_relaxed_8h_from_t3p297_20260712,474
3771,3.772,20,3771,9,lomps_l5d20_relaxed_8h_from_t3p297_20260712,475
3772,3.773,20,3772,9,lomps_l5d20_relaxed_8h_from_t3p297_20260712,476
3773,3.774,20,3773,9,lomps_l5d20_relaxed_8h_from_t3p297_20260712,477
3774,3.775,20,3774,9,lomps_l5d20_relaxed_8h_from_t3p297_20260712,478
3775,3.776,20,3775,9,lomps_l5d20_relaxed_8h_from_t3p297_20260712,479
3776,3.777,20,3776,9,lomps_l5d20_relaxed_8h_from_t3p297_20260712,480
3777,3.778,20,3777,9,lomps_l5d20_relaxed_8h_from_t3p297_20260712,481
3778,3.779,20,3778,9,lomps_l5d20_relaxed_8h_from_t3p297_20260712,482
3779,3.78,20,3779,9,lomps_l5d20_relaxed_8h_from_t3p297_20260712,483
3780,3.781,20,3780,9,lomps_l5d20_relaxed_8h_from_t3p297_20260712,484
3781,3.782,20,3781,9,lomps_l5d20_relaxed_8h_from_t3p297_20260712,485
3782,3.783,20,3782,9,lomps_l5d20_relaxed_8h_from_t3p297_20260712,486
3783,3.784,20,3783,9,lomps_l5d20_relaxed_8h_from_t3p297_20260712,487
3784,3.785,20,3784,9,lomps_l5d20_relaxed_8h_from_t3p297_20260712,488
3785,3.786,20,3785,9,lomps_l5d20_relaxed_8h_from_t3p297_20260712,489
3786,3.787,20,3786,9,lomps_l5d20_relaxed_8h_from_t3p297_20260712,490
3787,3.788,20,3787,9,lomps_l5d20_relaxed_8h_from_t3p297_20260712,491
3788,3.789,20,3788,9,lomps_l5d20_relaxed_8h_from_t3p297_20260712,492
3789,3.79,20,3789,9,lomps_l5d20_relaxed_8h_from_t3p297_20260712,493
3790,3.791,20,3790,9,lomps_l5d20_relaxed_8h_from_t3p297_20260712,494
3791,3.792,20,3791,9,lomps_l5d20_relaxed_8h_from_t3p297_20260712,495
3792,3.793,20,3792,9,lomps_l5d20_relaxed_8h_from_t3p297_20260712,496
3793,3.794,20,3793,9,lomps_l5d20_relaxed_8h_from_t3p297_20260712,497
3794,3.795,20,3794,9,lomps_l5d20_relaxed_8h_from_t3p297_20260712,498
3795,3.796,20,3795,9,lomps_l5d20_relaxed_8h_from_t3p297_20260712,499
3796,3.797,20,3796,9,lomps_l5d20_relaxed_8h_from_t3p297_20260712,500
3797,3.798,20,3797,9,lomps_l5d20_relaxed_8h_from_t3p297_20260712,501
3798,3.799,20,3798,9,lomps_l5d20_relaxed_8h_from_t3p297_20260712,502
3799,3.8,20,3799,10,lomps_l5d20_relaxed_12h_from_t3p799_20260712,1
3800,3.801,20,3800,10,lomps_l5d20_relaxed_12h_from_t3p799_20260712,2
3801,3.802,20,3801,10,lomps_l5d20_relaxed_12h_from_t3p799_20260712,3
3802,3.803,20,3802,10,lomps_l5d20_relaxed_12h_from_t3p799_20260712,4
3803,3.804,20,3803,10,lomps_l5d20_relaxed_12h_from_t3p799_20260712,5
3804,3.805,20,3804,10,lomps_l5d20_relaxed_12h_from_t3p799_20260712,6
3805,3.806,20,3805,10,lomps_l5d20_relaxed_12h_from_t3p799_20260712,7
3806,3.807,20,3806,10,lomps_l5d20_relaxed_12h_from_t3p799_20260712,8
3807,3.808,20,3807,10,lomps_l5d20_relaxed_12h_from_t3p799_20260712,9
3808,3.809,20,3808,10,lomps_l5d20_relaxed_12h_from_t3p799_20260712,10
3809,3.81,20,3809,10,lomps_l5d20_relaxed_12h_from_t3p799_20260712,11
3810,3.811,20,3810,10,lomps_l5d20_relaxed_12h_from_t3p799_20260712,12
3811,3.812,20,3811,10,lomps_l5d20_relaxed_12h_from_t3p799_20260712,13
3812,3.813,20,3812,10,lomps_l5d20_relaxed_12h_from_t3p799_20260712,14
3813,3.814,20,3813,10,lomps_l5d20_relaxed_12h_from_t3p799_20260712,15
3814,3.815,20,3814,10,lomps_l5d20_relaxed_12h_from_t3p799_20260712,16
3815,3.816,20,3815,10,lomps_l5d20_relaxed_12h_from_t3p799_20260712,17
3816,3.817,20,3816,10,lomps_l5d20_relaxed_12h_from_t3p799_20260712,18
3817,3.818,20,3817,10,lomps_l5d20_relaxed_12h_from_t3p799_20260712,19
3818,3.819,20,3818,10,lomps_l5d20_relaxed_12h_from_t3p799_20260712,20
3819,3.82,20,3819,10,lomps_l5d20_relaxed_12h_from_t3p799_20260712,21
3820,3.821,20,3820,10,lomps_l5d20_relaxed_12h_from_t3p799_20260712,22
3821,3.822,20,3821,10,lomps_l5d20_relaxed_12h_from_t3p799_20260712,23
3822,3.823,20,3822,10,lomps_l5d20_relaxed_12h_from_t3p799_20260712,24
3823,3.824,20,3823,10,lomps_l5d20_relaxed_12h_from_t3p799_20260712,25
3824,3.825,20,3824,10,lomps_l5d20_relaxed_12h_from_t3p799_20260712,26
3825,3.826,20,3825,10,lomps_l5d20_relaxed_12h_from_t3p799_20260712,27
3826,3.827,20,3826,10,lomps_l5d20_relaxed_12h_from_t3p799_20260712,28
3827,3.828,20,3827,10,lomps_l5d20_relaxed_12h_from_t3p799_20260712,29
3828,3.829,20,3828,10,lomps_l5d20_relaxed_12h_from_t3p799_20260712,30
3829,3.83,20,3829,10,lomps_l5d20_relaxed_12h_from_t3p799_20260712,31
3830,3.831,20,3830,10,lomps_l5d20_relaxed_12h_from_t3p799_20260712,32
3831,3.832,20,3831,10,lomps_l5d20_relaxed_12h_from_t3p799_20260712,33
3832,3.833,20,3832,10,lomps_l5d20_relaxed_12h_from_t3p799_20260712,34
3833,3.834,20,3833,10,lomps_l5d20_relaxed_12h_from_t3p799_20260712,35
3834,3.835,20,3834,10,lomps_l5d20_relaxed_12h_from_t3p799_20260712,36
3835,3.836,20,3835,10,lomps_l5d20_relaxed_12h_from_t3p799_20260712,37
3836,3.837,20,3836,10,lomps_l5d20_relaxed_12h_from_t3p799_20260712,38
3837,3.838,20,3837,10,lomps_l5d20_relaxed_12h_from_t3p799_20260712,39
3838,3.839,20,3838,10,lomps_l5d20_relaxed_12h_from_t3p799_20260712,40
3839,3.84,20,3839,10,lomps_l5d20_relaxed_12h_from_t3p799_20260712,41
3840,3.841,20,3840,10,lomps_l5d20_relaxed_12h_from_t3p799_20260712,42
3841,3.842,20,3841,10,lomps_l5d20_relaxed_12h_from_t3p799_20260712,43
3842,3.843,20,3842,10,lomps_l5d20_relaxed_12h_from_t3p799_20260712,44
3843,3.844,20,3843,10,lomps_l5d20_relaxed_12h_from_t3p799_20260712,45
3844,3.845,20,3844,10,lomps_l5d20_relaxed_12h_from_t3p799_20260712,46
3845,3.846,20,3845,10,lomps_l5d20_relaxed_12h_from_t3p799_20260712,47
3846,3.847,20,3846,10,lomps_l5d20_relaxed_12h_from_t3p799_20260712,48
3847,3.848,20,3847,10,lomps_l5d20_relaxed_12h_from_t3p799_20260712,49
3848,3.849,20,3848,10,lomps_l5d20_relaxed_12h_from_t3p799_20260712,50
3849,3.85,20,3849,10,lomps_l5d20_relaxed_12h_from_t3p799_20260712,51
3850,3.851,20,3850,10,lomps_l5d20_relaxed_12h_from_t3p799_20260712,52
3851,3.852,20,3851,10,lomps_l5d20_relaxed_12h_from_t3p799_20260712,53
3852,3.853,20,3852,10,lomps_l5d20_relaxed_12h_from_t3p799_20260712,54
3853,3.854,20,3853,10,lomps_l5d20_relaxed_12h_from_t3p799_20260712,55
3854,3.855,20,3854,10,lomps_l5d20_relaxed_12h_from_t3p799_20260712,56
3855,3.856,20,3855,10,lomps_l5d20_relaxed_12h_from_t3p799_20260712,57
3856,3.857,20,3856,10,lomps_l5d20_relaxed_12h_from_t3p799_20260712,58
3857,3.858,20,3857,10,lomps_l5d20_relaxed_12h_from_t3p799_20260712,59
3858,3.859,20,3858,10,lomps_l5d20_relaxed_12h_from_t3p799_20260712,60
3859,3.86,20,3859,10,lomps_l5d20_relaxed_12h_from_t3p799_20260712,61
3860,3.861,20,3860,10,lomps_l5d20_relaxed_12h_from_t3p799_20260712,62
3861,3.862,20,3861,10,lomps_l5d20_relaxed_12h_from_t3p799_20260712,63
3862,3.863,20,3862,10,lomps_l5d20_relaxed_12h_from_t3p799_20260712,64
3863,3.864,20,3863,10,lomps_l5d20_relaxed_12h_from_t3p799_20260712,65
3864,3.865,20,3864,10,lomps_l5d20_relaxed_12h_from_t3p799_20260712,66
3865,3.866,20,3865,10,lomps_l5d20_relaxed_12h_from_t3p799_20260712,67
3866,3.867,20,3866,10,lomps_l5d20_relaxed_12h_from_t3p799_20260712,68
3867,3.868,20,3867,10,lomps_l5d20_relaxed_12h_from_t3p799_20260712,69
3868,3.869,20,3868,10,lomps_l5d20_relaxed_12h_from_t3p799_20260712,70
3869,3.87,20,3869,10,lomps_l5d20_relaxed_12h_from_t3p799_20260712,71
3870,3.871,20,3870,10,lomps_l5d20_relaxed_12h_from_t3p799_20260712,72
3871,3.872,20,3871,10,lomps_l5d20_relaxed_12h_from_t3p799_20260712,73
3872,3.873,20,3872,10,lomps_l5d20_relaxed_12h_from_t3p799_20260712,74
3873,3.874,20,3873,10,lomps_l5d20_relaxed_12h_from_t3p799_20260712,75
3874,3.875,20,3874,10,lomps_l5d20_relaxed_12h_from_t3p799_20260712,76
3875,3.876,20,3875,10,lomps_l5d20_relaxed_12h_from_t3p799_20260712,77
3876,3.877,20,3876,10,lomps_l5d20_relaxed_12h_from_t3p799_20260712,78
3877,3.878,20,3877,10,lomps_l5d20_relaxed_12h_from_t3p799_20260712,79
3878,3.879,20,3878,10,lomps_l5d20_relaxed_12h_from_t3p799_20260712,80
3879,3.88,20,3879,10,lomps_l5d20_relaxed_12h_from_t3p799_20260712,81
3880,3.881,20,3880,10,lomps_l5d20_relaxed_12h_from_t3p799_20260712,82
3881,3.882,20,3881,10,lomps_l5d20_relaxed_12h_from_t3p799_20260712,83
3882,3.883,20,3882,10,lomps_l5d20_relaxed_12h_from_t3p799_20260712,84
3883,3.884,20,3883,10,lomps_l5d20_relaxed_12h_from_t3p799_20260712,85
3884,3.885,20,3884,10,lomps_l5d20_relaxed_12h_from_t3p799_20260712,86
3885,3.886,20,3885,10,lomps_l5d20_relaxed_12h_from_t3p799_20260712,87
3886,3.887,20,3886,10,lomps_l5d20_relaxed_12h_from_t3p799_20260712,88
3887,3.888,20,3887,10,lomps_l5d20_relaxed_12h_from_t3p799_20260712,89
3888,3.889,20,3888,10,lomps_l5d20_relaxed_12h_from_t3p799_20260712,90
3889,3.89,20,3889,10,lomps_l5d20_relaxed_12h_from_t3p799_20260712,91
3890,3.891,20,3890,10,lomps_l5d20_relaxed_12h_from_t3p799_20260712,92
3891,3.892,20,3891,10,lomps_l5d20_relaxed_12h_from_t3p799_20260712,93
3892,3.893,20,3892,10,lomps_l5d20_relaxed_12h_from_t3p799_20260712,94
3893,3.894,20,3893,10,lomps_l5d20_relaxed_12h_from_t3p799_20260712,95
3894,3.895,20,3894,10,lomps_l5d20_relaxed_12h_from_t3p799_20260712,96
3895,3.896,20,3895,10,lomps_l5d20_relaxed_12h_from_t3p799_20260712,97
3896,3.897,20,3896,10,lomps_l5d20_relaxed_12h_from_t3p799_20260712,98
3897,3.898,20,3897,10,lomps_l5d20_relaxed_12h_from_t3p799_20260712,99
3898,3.899,20,3898,10,lomps_l5d20_relaxed_12h_from_t3p799_20260712,100
3899,3.9,20,3899,10,lomps_l5d20_relaxed_12h_from_t3p799_20260712,101
3900,3.901,20,3900,10,lomps_l5d20_relaxed_12h_from_t3p799_20260712,102
3901,3.902,20,3901,10,lomps_l5d20_relaxed_12h_from_t3p799_20260712,103
3902,3.903,20,3902,10,lomps_l5d20_relaxed_12h_from_t3p799_20260712,104
3903,3.904,20,3903,10,lomps_l5d20_relaxed_12h_from_t3p799_20260712,105
3904,3.905,20,3904,10,lomps_l5d20_relaxed_12h_from_t3p799_20260712,106
3905,3.906,20,3905,10,lomps_l5d20_relaxed_12h_from_t3p799_20260712,107
3906,3.907,20,3906,10,lomps_l5d20_relaxed_12h_from_t3p799_20260712,108
3907,3.908,20,3907,10,lomps_l5d20_relaxed_12h_from_t3p799_20260712,109
3908,3.909,20,3908,10,lomps_l5d20_relaxed_12h_from_t3p799_20260712,110
3909,3.91,20,3909,10,lomps_l5d20_relaxed_12h_from_t3p799_20260712,111
3910,3.911,20,3910,10,lomps_l5d20_relaxed_12h_from_t3p799_20260712,112
3911,3.912,20,3911,10,lomps_l5d20_relaxed_12h_from_t3p799_20260712,113
3912,3.913,20,3912,10,lomps_l5d20_relaxed_12h_from_t3p799_20260712,114
3913,3.914,20,3913,10,lomps_l5d20_relaxed_12h_from_t3p799_20260712,115
3914,3.915,20,3914,10,lomps_l5d20_relaxed_12h_from_t3p799_20260712,116
3915,3.916,20,3915,10,lomps_l5d20_relaxed_12h_from_t3p799_20260712,117
3916,3.917,20,3916,10,lomps_l5d20_relaxed_12h_from_t3p799_20260712,118
3917,3.918,20,3917,10,lomps_l5d20_relaxed_12h_from_t3p799_20260712,119
3918,3.919,20,3918,10,lomps_l5d20_relaxed_12h_from_t3p799_20260712,120
3919,3.92,20,3919,10,lomps_l5d20_relaxed_12h_from_t3p799_20260712,121
3920,3.921,20,3920,10,lomps_l5d20_relaxed_12h_from_t3p799_20260712,122
3921,3.922,20,3921,10,lomps_l5d20_relaxed_12h_from_t3p799_20260712,123
3922,3.923,20,3922,10,lomps_l5d20_relaxed_12h_from_t3p799_20260712,124
3923,3.924,20,3923,10,lomps_l5d20_relaxed_12h_from_t3p799_20260712,125
3924,3.925,20,3924,10,lomps_l5d20_relaxed_12h_from_t3p799_20260712,126
3925,3.926,20,3925,10,lomps_l5d20_relaxed_12h_from_t3p799_20260712,127
3926,3.927,20,3926,10,lomps_l5d20_relaxed_12h_from_t3p799_20260712,128
3927,3.928,20,3927,10,lomps_l5d20_relaxed_12h_from_t3p799_20260712,129
3928,3.929,20,3928,10,lomps_l5d20_relaxed_12h_from_t3p799_20260712,130
3929,3.93,20,3929,10,lomps_l5d20_relaxed_12h_from_t3p799_20260712,131
3930,3.931,20,3930,10,lomps_l5d20_relaxed_12h_from_t3p799_20260712,132
3931,3.932,20,3931,10,lomps_l5d20_relaxed_12h_from_t3p799_20260712,133
3932,3.933,20,3932,10,lomps_l5d20_relaxed_12h_from_t3p799_20260712,134
3933,3.934,20,3933,10,lomps_l5d20_relaxed_12h_from_t3p799_20260712,135
3934,3.935,20,3934,10,lomps_l5d20_relaxed_12h_from_t3p799_20260712,136
3935,3.936,20,3935,10,lomps_l5d20_relaxed_12h_from_t3p799_20260712,137
3936,3.937,20,3936,10,lomps_l5d20_relaxed_12h_from_t3p799_20260712,138
3937,3.938,20,3937,10,lomps_l5d20_relaxed_12h_from_t3p799_20260712,139
3938,3.939,20,3938,10,lomps_l5d20_relaxed_12h_from_t3p799_20260712,140
3939,3.94,20,3939,10,lomps_l5d20_relaxed_12h_from_t3p799_20260712,141
3940,3.941,20,3940,10,lomps_l5d20_relaxed_12h_from_t3p799_20260712,142
3941,3.942,20,3941,10,lomps_l5d20_relaxed_12h_from_t3p799_20260712,143
3942,3.943,20,3942,10,lomps_l5d20_relaxed_12h_from_t3p799_20260712,144
3943,3.944,20,3943,10,lomps_l5d20_relaxed_12h_from_t3p799_20260712,145
3944,3.945,20,3944,10,lomps_l5d20_relaxed_12h_from_t3p799_20260712,146
3945,3.946,20,3945,10,lomps_l5d20_relaxed_12h_from_t3p799_20260712,147
3946,3.947,20,3946,10,lomps_l5d20_relaxed_12h_from_t3p799_20260712,148
3947,3.948,20,3947,10,lomps_l5d20_relaxed_12h_from_t3p799_20260712,149
3948,3.949,20,3948,10,lomps_l5d20_relaxed_12h_from_t3p799_20260712,150
3949,3.95,20,3949,10,lomps_l5d20_relaxed_12h_from_t3p799_20260712,151
3950,3.951,20,3950,10,lomps_l5d20_relaxed_12h_from_t3p799_20260712,152
3951,3.952,20,3951,10,lomps_l5d20_relaxed_12h_from_t3p799_20260712,153
3952,3.953,20,3952,10,lomps_l5d20_relaxed_12h_from_t3p799_20260712,154
3953,3.954,20,3953,10,lomps_l5d20_relaxed_12h_from_t3p799_20260712,155
3954,3.955,20,3954,10,lomps_l5d20_relaxed_12h_from_t3p799_20260712,156
3955,3.956,20,3955,10,lomps_l5d20_relaxed_12h_from_t3p799_20260712,157
3956,3.957,20,3956,10,lomps_l5d20_relaxed_12h_from_t3p799_20260712,158
3957,3.958,20,3957,10,lomps_l5d20_relaxed_12h_from_t3p799_20260712,159
3958,3.959,20,3958,10,lomps_l5d20_relaxed_12h_from_t3p799_20260712,160
3959,3.96,20,3959,10,lomps_l5d20_relaxed_12h_from_t3p799_20260712,161
3960,3.961,20,3960,10,lomps_l5d20_relaxed_12h_from_t3p799_20260712,162
3961,3.962,20,3961,10,lomps_l5d20_relaxed_12h_from_t3p799_20260712,163
3962,3.963,20,3962,10,lomps_l5d20_relaxed_12h_from_t3p799_20260712,164
3963,3.964,20,3963,10,lomps_l5d20_relaxed_12h_from_t3p799_20260712,165
3964,3.965,20,3964,10,lomps_l5d20_relaxed_12h_from_t3p799_20260712,166
3965,3.966,20,3965,10,lomps_l5d20_relaxed_12h_from_t3p799_20260712,167
3966,3.967,20,3966,10,lomps_l5d20_relaxed_12h_from_t3p799_20260712,168
3967,3.968,20,3967,10,lomps_l5d20_relaxed_12h_from_t3p799_20260712,169
3968,3.969,20,3968,10,lomps_l5d20_relaxed_12h_from_t3p799_20260712,170
3969,3.97,20,3969,10,lomps_l5d20_relaxed_12h_from_t3p799_20260712,171
3970,3.971,20,3970,10,lomps_l5d20_relaxed_12h_from_t3p799_20260712,172
3971,3.972,20,3971,10,lomps_l5d20_relaxed_12h_from_t3p799_20260712,173
3972,3.973,20,3972,10,lomps_l5d20_relaxed_12h_from_t3p799_20260712,174
3973,3.974,20,3973,10,lomps_l5d20_relaxed_12h_from_t3p799_20260712,175
3974,3.975,20,3974,10,lomps_l5d20_relaxed_12h_from_t3p799_20260712,176
3975,3.976,20,3975,10,lomps_l5d20_relaxed_12h_from_t3p799_20260712,177
3976,3.977,20,3976,10,lomps_l5d20_relaxed_12h_from_t3p799_20260712,178
3977,3.978,20,3977,10,lomps_l5d20_relaxed_12h_from_t3p799_20260712,179
3978,3.979,20,3978,10,lomps_l5d20_relaxed_12h_from_t3p799_20260712,180
3979,3.98,20,3979,10,lomps_l5d20_relaxed_12h_from_t3p799_20260712,181
3980,3.981,20,3980,10,lomps_l5d20_relaxed_12h_from_t3p799_20260712,182
3981,3.982,20,3981,10,lomps_l5d20_relaxed_12h_from_t3p799_20260712,183
3982,3.983,20,3982,10,lomps_l5d20_relaxed_12h_from_t3p799_20260712,184
3983,3.984,20,3983,10,lomps_l5d20_relaxed_12h_from_t3p799_20260712,185
3984,3.985,20,3984,10,lomps_l5d20_relaxed_12h_from_t3p799_20260712,186
3985,3.986,20,3985,10,lomps_l5d20_relaxed_12h_from_t3p799_20260712,187
3986,3.987,20,3986,10,lomps_l5d20_relaxed_12h_from_t3p799_20260712,188
3987,3.988,20,3987,10,lomps_l5d20_relaxed_12h_from_t3p799_20260712,189
3988,3.989,20,3988,10,lomps_l5d20_relaxed_12h_from_t3p799_20260712,190
3989,3.99,20,3989,10,lomps_l5d20_relaxed_12h_from_t3p799_20260712,191
3990,3.991,20,3990,10,lomps_l5d20_relaxed_12h_from_t3p799_20260712,192
3991,3.992,20,3991,10,lomps_l5d20_relaxed_12h_from_t3p799_20260712,193
3992,3.993,20,3992,10,lomps_l5d20_relaxed_12h_from_t3p799_20260712,194
3993,3.994,20,3993,10,lomps_l5d20_relaxed_12h_from_t3p799_20260712,195
3994,3.995,20,3994,10,lomps_l5d20_relaxed_12h_from_t3p799_20260712,196
3995,3.996,20,3995,10,lomps_l5d20_relaxed_12h_from_t3p799_20260712,197
3996,3.997,20,3996,10,lomps_l5d20_relaxed_12h_from_t3p799_20260712,198
3997,3.998,20,3997,10,lomps_l5d20_relaxed_12h_from_t3p799_20260712,199
3998,3.999,20,3998,10,lomps_l5d20_relaxed_12h_from_t3p799_20260712,200
3999,4,20,3999,10,lomps_l5d20_relaxed_12h_from_t3p799_20260712,201
4000,4.001,20,4000,10,lomps_l5d20_relaxed_12h_from_t3p799_20260712,202
4001,4.002,20,4001,10,lomps_l5d20_relaxed_12h_from_t3p799_20260712,203
4002,4.003,20,4002,10,lomps_l5d20_relaxed_12h_from_t3p799_20260712,204
4003,4.004,20,4003,10,lomps_l5d20_relaxed_12h_from_t3p799_20260712,205
4004,4.005,20,4004,10,lomps_l5d20_relaxed_12h_from_t3p799_20260712,206
4005,4.006,20,4005,10,lomps_l5d20_relaxed_12h_from_t3p799_20260712,207
4006,4.007,20,4006,10,lomps_l5d20_relaxed_12h_from_t3p799_20260712,208
4007,4.008,20,4007,10,lomps_l5d20_relaxed_12h_from_t3p799_20260712,209
4008,4.009,20,4008,10,lomps_l5d20_relaxed_12h_from_t3p799_20260712,210
4009,4.01,20,4009,10,lomps_l5d20_relaxed_12h_from_t3p799_20260712,211
4010,4.011,20,4010,10,lomps_l5d20_relaxed_12h_from_t3p799_20260712,212
4011,4.012,20,4011,10,lomps_l5d20_relaxed_12h_from_t3p799_20260712,213
4012,4.013,20,4012,10,lomps_l5d20_relaxed_12h_from_t3p799_20260712,214
4013,4.014,20,4013,10,lomps_l5d20_relaxed_12h_from_t3p799_20260712,215
4014,4.015,20,4014,10,lomps_l5d20_relaxed_12h_from_t3p799_20260712,216
4015,4.016,20,4015,10,lomps_l5d20_relaxed_12h_from_t3p799_20260712,217
4016,4.017,20,4016,10,lomps_l5d20_relaxed_12h_from_t3p799_20260712,218
4017,4.018,20,4017,10,lomps_l5d20_relaxed_12h_from_t3p799_20260712,219
4018,4.019,20,4018,10,lomps_l5d20_relaxed_12h_from_t3p799_20260712,220
4019,4.02,20,4019,10,lomps_l5d20_relaxed_12h_from_t3p799_20260712,221
4020,4.021,20,4020,10,lomps_l5d20_relaxed_12h_from_t3p799_20260712,222
4021,4.022,20,4021,10,lomps_l5d20_relaxed_12h_from_t3p799_20260712,223
4022,4.023,20,4022,10,lomps_l5d20_relaxed_12h_from_t3p799_20260712,224
4023,4.024,20,4023,10,lomps_l5d20_relaxed_12h_from_t3p799_20260712,225
4024,4.025,20,4024,10,lomps_l5d20_relaxed_12h_from_t3p799_20260712,226
4025,4.026,20,4025,10,lomps_l5d20_relaxed_12h_from_t3p799_20260712,227
4026,4.027,20,4026,10,lomps_l5d20_relaxed_12h_from_t3p799_20260712,228
4027,4.028,20,4027,10,lomps_l5d20_relaxed_12h_from_t3p799_20260712,229
4028,4.029,20,4028,10,lomps_l5d20_relaxed_12h_from_t3p799_20260712,230
4029,4.03,20,4029,10,lomps_l5d20_relaxed_12h_from_t3p799_20260712,231
4030,4.031,20,4030,10,lomps_l5d20_relaxed_12h_from_t3p799_20260712,232
4031,4.032,20,4031,10,lomps_l5d20_relaxed_12h_from_t3p799_20260712,233
4032,4.033,20,4032,10,lomps_l5d20_relaxed_12h_from_t3p799_20260712,234
4033,4.034,20,4033,10,lomps_l5d20_relaxed_12h_from_t3p799_20260712,235
4034,4.035,20,4034,10,lomps_l5d20_relaxed_12h_from_t3p799_20260712,236
4035,4.036,20,4035,10,lomps_l5d20_relaxed_12h_from_t3p799_20260712,237
4036,4.037,20,4036,10,lomps_l5d20_relaxed_12h_from_t3p799_20260712,238
4037,4.038,20,4037,10,lomps_l5d20_relaxed_12h_from_t3p799_20260712,239
4038,4.039,20,4038,10,lomps_l5d20_relaxed_12h_from_t3p799_20260712,240
4039,4.04,20,4039,10,lomps_l5d20_relaxed_12h_from_t3p799_20260712,241
4040,4.041,20,4040,10,lomps_l5d20_relaxed_12h_from_t3p799_20260712,242
4041,4.042,20,4041,10,lomps_l5d20_relaxed_12h_from_t3p799_20260712,243
4042,4.043,20,4042,10,lomps_l5d20_relaxed_12h_from_t3p799_20260712,244
4043,4.044,20,4043,10,lomps_l5d20_relaxed_12h_from_t3p799_20260712,245
4044,4.045,20,4044,10,lomps_l5d20_relaxed_12h_from_t3p799_20260712,246
4045,4.046,20,4045,10,lomps_l5d20_relaxed_12h_from_t3p799_20260712,247
4046,4.047,20,4046,10,lomps_l5d20_relaxed_12h_from_t3p799_20260712,248
4047,4.048,20,4047,10,lomps_l5d20_relaxed_12h_from_t3p799_20260712,249
4048,4.049,20,4048,10,lomps_l5d20_relaxed_12h_from_t3p799_20260712,250
4049,4.05,20,4049,10,lomps_l5d20_relaxed_12h_from_t3p799_20260712,251
4050,4.051,20,4050,10,lomps_l5d20_relaxed_12h_from_t3p799_20260712,252
4051,4.052,20,4051,10,lomps_l5d20_relaxed_12h_from_t3p799_20260712,253
4052,4.053,20,4052,10,lomps_l5d20_relaxed_12h_from_t3p799_20260712,254
4053,4.054,20,4053,10,lomps_l5d20_relaxed_12h_from_t3p799_20260712,255
4054,4.055,20,4054,10,lomps_l5d20_relaxed_12h_from_t3p799_20260712,256
4055,4.056,20,4055,10,lomps_l5d20_relaxed_12h_from_t3p799_20260712,257
4056,4.057,20,4056,10,lomps_l5d20_relaxed_12h_from_t3p799_20260712,258
4057,4.058,20,4057,10,lomps_l5d20_relaxed_12h_from_t3p799_20260712,259
4058,4.059,20,4058,10,lomps_l5d20_relaxed_12h_from_t3p799_20260712,260
4059,4.06,20,4059,10,lomps_l5d20_relaxed_12h_from_t3p799_20260712,261
4060,4.061,20,4060,10,lomps_l5d20_relaxed_12h_from_t3p799_20260712,262
4061,4.062,20,4061,10,lomps_l5d20_relaxed_12h_from_t3p799_20260712,263
4062,4.063,20,4062,10,lomps_l5d20_relaxed_12h_from_t3p799_20260712,264
4063,4.064,20,4063,10,lomps_l5d20_relaxed_12h_from_t3p799_20260712,265
4064,4.065,20,4064,10,lomps_l5d20_relaxed_12h_from_t3p799_20260712,266
4065,4.066,20,4065,10,lomps_l5d20_relaxed_12h_from_t3p799_20260712,267
4066,4.067,20,4066,10,lomps_l5d20_relaxed_12h_from_t3p799_20260712,268
4067,4.068,20,4067,10,lomps_l5d20_relaxed_12h_from_t3p799_20260712,269
4068,4.069,20,4068,10,lomps_l5d20_relaxed_12h_from_t3p799_20260712,270
4069,4.07,20,4069,10,lomps_l5d20_relaxed_12h_from_t3p799_20260712,271
4070,4.071,20,4070,10,lomps_l5d20_relaxed_12h_from_t3p799_20260712,272
4071,4.072,20,4071,10,lomps_l5d20_relaxed_12h_from_t3p799_20260712,273
4072,4.073,20,4072,10,lomps_l5d20_relaxed_12h_from_t3p799_20260712,274
4073,4.074,20,4073,10,lomps_l5d20_relaxed_12h_from_t3p799_20260712,275
4074,4.075,20,4074,10,lomps_l5d20_relaxed_12h_from_t3p799_20260712,276
4075,4.076,20,4075,10,lomps_l5d20_relaxed_12h_from_t3p799_20260712,277
4076,4.077,20,4076,10,lomps_l5d20_relaxed_12h_from_t3p799_20260712,278
4077,4.078,20,4077,10,lomps_l5d20_relaxed_12h_from_t3p799_20260712,279
4078,4.079,20,4078,10,lomps_l5d20_relaxed_12h_from_t3p799_20260712,280
4079,4.08,20,4079,10,lomps_l5d20_relaxed_12h_from_t3p799_20260712,281
4080,4.081,20,4080,10,lomps_l5d20_relaxed_12h_from_t3p799_20260712,282
4081,4.082,20,4081,10,lomps_l5d20_relaxed_12h_from_t3p799_20260712,283
4082,4.083,20,4082,10,lomps_l5d20_relaxed_12h_from_t3p799_20260712,284
4083,4.084,20,4083,10,lomps_l5d20_relaxed_12h_from_t3p799_20260712,285
4084,4.085,20,4084,10,lomps_l5d20_relaxed_12h_from_t3p799_20260712,286
4085,4.086,20,4085,10,lomps_l5d20_relaxed_12h_from_t3p799_20260712,287
4086,4.087,20,4086,10,lomps_l5d20_relaxed_12h_from_t3p799_20260712,288
4087,4.088,20,4087,10,lomps_l5d20_relaxed_12h_from_t3p799_20260712,289
4088,4.089,20,4088,10,lomps_l5d20_relaxed_12h_from_t3p799_20260712,290
4089,4.09,20,4089,10,lomps_l5d20_relaxed_12h_from_t3p799_20260712,291
4090,4.091,20,4090,10,lomps_l5d20_relaxed_12h_from_t3p799_20260712,292
4091,4.092,20,4091,10,lomps_l5d20_relaxed_12h_from_t3p799_20260712,293
4092,4.093,20,4092,10,lomps_l5d20_relaxed_12h_from_t3p799_20260712,294
4093,4.094,20,4093,10,lomps_l5d20_relaxed_12h_from_t3p799_20260712,295
4094,4.095,20,4094,10,lomps_l5d20_relaxed_12h_from_t3p799_20260712,296
4095,4.096,20,4095,10,lomps_l5d20_relaxed_12h_from_t3p799_20260712,297
4096,4.097,20,4096,10,lomps_l5d20_relaxed_12h_from_t3p799_20260712,298
4097,4.098,20,4097,10,lomps_l5d20_relaxed_12h_from_t3p799_20260712,299
4098,4.099,20,4098,10,lomps_l5d20_relaxed_12h_from_t3p799_20260712,300
4099,4.1,20,4099,10,lomps_l5d20_relaxed_12h_from_t3p799_20260712,301
4100,4.101,20,4100,10,lomps_l5d20_relaxed_12h_from_t3p799_20260712,302
4101,4.102,20,4101,10,lomps_l5d20_relaxed_12h_from_t3p799_20260712,303
4102,4.103,20,4102,10,lomps_l5d20_relaxed_12h_from_t3p799_20260712,304
4103,4.104,20,4103,10,lomps_l5d20_relaxed_12h_from_t3p799_20260712,305
4104,4.105,20,4104,10,lomps_l5d20_relaxed_12h_from_t3p799_20260712,306
4105,4.106,20,4105,10,lomps_l5d20_relaxed_12h_from_t3p799_20260712,307
4106,4.107,20,4106,10,lomps_l5d20_relaxed_12h_from_t3p799_20260712,308
4107,4.108,20,4107,10,lomps_l5d20_relaxed_12h_from_t3p799_20260712,309
4108,4.109,20,4108,10,lomps_l5d20_relaxed_12h_from_t3p799_20260712,310
4109,4.11,20,4109,10,lomps_l5d20_relaxed_12h_from_t3p799_20260712,311
4110,4.111,20,4110,10,lomps_l5d20_relaxed_12h_from_t3p799_20260712,312
4111,4.112,20,4111,10,lomps_l5d20_relaxed_12h_from_t3p799_20260712,313
4112,4.113,20,4112,10,lomps_l5d20_relaxed_12h_from_t3p799_20260712,314
4113,4.114,20,4113,10,lomps_l5d20_relaxed_12h_from_t3p799_20260712,315
4114,4.115,20,4114,10,lomps_l5d20_relaxed_12h_from_t3p799_20260712,316
4115,4.116,20,4115,10,lomps_l5d20_relaxed_12h_from_t3p799_20260712,317
4116,4.117,20,4116,10,lomps_l5d20_relaxed_12h_from_t3p799_20260712,318
4117,4.118,20,4117,10,lomps_l5d20_relaxed_12h_from_t3p799_20260712,319
4118,4.119,20,4118,10,lomps_l5d20_relaxed_12h_from_t3p799_20260712,320
4119,4.12,20,4119,10,lomps_l5d20_relaxed_12h_from_t3p799_20260712,321
4120,4.121,20,4120,10,lomps_l5d20_relaxed_12h_from_t3p799_20260712,322
4121,4.122,20,4121,10,lomps_l5d20_relaxed_12h_from_t3p799_20260712,323
4122,4.123,20,4122,10,lomps_l5d20_relaxed_12h_from_t3p799_20260712,324
4123,4.124,20,4123,10,lomps_l5d20_relaxed_12h_from_t3p799_20260712,325
4124,4.125,20,4124,10,lomps_l5d20_relaxed_12h_from_t3p799_20260712,326
4125,4.126,20,4125,10,lomps_l5d20_relaxed_12h_from_t3p799_20260712,327
4126,4.127,20,4126,10,lomps_l5d20_relaxed_12h_from_t3p799_20260712,328
4127,4.128,20,4127,10,lomps_l5d20_relaxed_12h_from_t3p799_20260712,329
4128,4.129,20,4128,10,lomps_l5d20_relaxed_12h_from_t3p799_20260712,330
4129,4.13,20,4129,10,lomps_l5d20_relaxed_12h_from_t3p799_20260712,331
4130,4.131,20,4130,10,lomps_l5d20_relaxed_12h_from_t3p799_20260712,332
4131,4.132,20,4131,10,lomps_l5d20_relaxed_12h_from_t3p799_20260712,333
4132,4.133,20,4132,10,lomps_l5d20_relaxed_12h_from_t3p799_20260712,334
4133,4.134,20,4133,10,lomps_l5d20_relaxed_12h_from_t3p799_20260712,335
4134,4.135,20,4134,10,lomps_l5d20_relaxed_12h_from_t3p799_20260712,336
4135,4.136,20,4135,10,lomps_l5d20_relaxed_12h_from_t3p799_20260712,337
4136,4.137,20,4136,10,lomps_l5d20_relaxed_12h_from_t3p799_20260712,338
4137,4.138,20,4137,10,lomps_l5d20_relaxed_12h_from_t3p799_20260712,339
4138,4.139,20,4138,10,lomps_l5d20_relaxed_12h_from_t3p799_20260712,340
4139,4.14,20,4139,10,lomps_l5d20_relaxed_12h_from_t3p799_20260712,341
4140,4.141,20,4140,10,lomps_l5d20_relaxed_12h_from_t3p799_20260712,342
4141,4.142,20,4141,10,lomps_l5d20_relaxed_12h_from_t3p799_20260712,343
4142,4.143,20,4142,10,lomps_l5d20_relaxed_12h_from_t3p799_20260712,344
4143,4.144,20,4143,10,lomps_l5d20_relaxed_12h_from_t3p799_20260712,345
4144,4.145,20,4144,10,lomps_l5d20_relaxed_12h_from_t3p799_20260712,346
4145,4.146,20,4145,10,lomps_l5d20_relaxed_12h_from_t3p799_20260712,347
4146,4.147,20,4146,10,lomps_l5d20_relaxed_12h_from_t3p799_20260712,348
4147,4.148,20,4147,10,lomps_l5d20_relaxed_12h_from_t3p799_20260712,349
4148,4.149,20,4148,10,lomps_l5d20_relaxed_12h_from_t3p799_20260712,350
4149,4.15,20,4149,10,lomps_l5d20_relaxed_12h_from_t3p799_20260712,351
4150,4.151,20,4150,10,lomps_l5d20_relaxed_12h_from_t3p799_20260712,352
4151,4.152,20,4151,10,lomps_l5d20_relaxed_12h_from_t3p799_20260712,353
4152,4.153,20,4152,10,lomps_l5d20_relaxed_12h_from_t3p799_20260712,354
4153,4.154,20,4153,10,lomps_l5d20_relaxed_12h_from_t3p799_20260712,355
4154,4.155,20,4154,10,lomps_l5d20_relaxed_12h_from_t3p799_20260712,356
4155,4.156,20,4155,10,lomps_l5d20_relaxed_12h_from_t3p799_20260712,357
4156,4.157,20,4156,10,lomps_l5d20_relaxed_12h_from_t3p799_20260712,358
4157,4.158,20,4157,10,lomps_l5d20_relaxed_12h_from_t3p799_20260712,359
4158,4.159,20,4158,10,lomps_l5d20_relaxed_12h_from_t3p799_20260712,360
4159,4.16,20,4159,10,lomps_l5d20_relaxed_12h_from_t3p799_20260712,361
4160,4.161,20,4160,10,lomps_l5d20_relaxed_12h_from_t3p799_20260712,362
4161,4.162,20,4161,10,lomps_l5d20_relaxed_12h_from_t3p799_20260712,363
4162,4.163,20,4162,10,lomps_l5d20_relaxed_12h_from_t3p799_20260712,364
4163,4.164,20,4163,10,lomps_l5d20_relaxed_12h_from_t3p799_20260712,365
4164,4.165,20,4164,10,lomps_l5d20_relaxed_12h_from_t3p799_20260712,366
4165,4.166,20,4165,10,lomps_l5d20_relaxed_12h_from_t3p799_20260712,367
4166,4.167,20,4166,10,lomps_l5d20_relaxed_12h_from_t3p799_20260712,368
4167,4.168,20,4167,10,lomps_l5d20_relaxed_12h_from_t3p799_20260712,369
4168,4.169,20,4168,10,lomps_l5d20_relaxed_12h_from_t3p799_20260712,370
4169,4.17,20,4169,10,lomps_l5d20_relaxed_12h_from_t3p799_20260712,371
4170,4.171,20,4170,10,lomps_l5d20_relaxed_12h_from_t3p799_20260712,372
4171,4.172,20,4171,10,lomps_l5d20_relaxed_12h_from_t3p799_20260712,373
4172,4.173,20,4172,10,lomps_l5d20_relaxed_12h_from_t3p799_20260712,374
4173,4.174,20,4173,10,lomps_l5d20_relaxed_12h_from_t3p799_20260712,375
4174,4.175,20,4174,10,lomps_l5d20_relaxed_12h_from_t3p799_20260712,376
4175,4.176,20,4175,10,lomps_l5d20_relaxed_12h_from_t3p799_20260712,377
4176,4.177,20,4176,10,lomps_l5d20_relaxed_12h_from_t3p799_20260712,378
4177,4.178,20,4177,10,lomps_l5d20_relaxed_12h_from_t3p799_20260712,379
4178,4.179,20,4178,10,lomps_l5d20_relaxed_12h_from_t3p799_20260712,380
4179,4.18,20,4179,10,lomps_l5d20_relaxed_12h_from_t3p799_20260712,381
4180,4.181,20,4180,10,lomps_l5d20_relaxed_12h_from_t3p799_20260712,382
4181,4.182,20,4181,10,lomps_l5d20_relaxed_12h_from_t3p799_20260712,383
4182,4.183,20,4182,10,lomps_l5d20_relaxed_12h_from_t3p799_20260712,384
4183,4.184,20,4183,10,lomps_l5d20_relaxed_12h_from_t3p799_20260712,385
4184,4.185,20,4184,10,lomps_l5d20_relaxed_12h_from_t3p799_20260712,386
4185,4.186,20,4185,10,lomps_l5d20_relaxed_12h_from_t3p799_20260712,387
4186,4.187,20,4186,10,lomps_l5d20_relaxed_12h_from_t3p799_20260712,388
4187,4.188,20,4187,10,lomps_l5d20_relaxed_12h_from_t3p799_20260712,389
4188,4.189,20,4188,10,lomps_l5d20_relaxed_12h_from_t3p799_20260712,390
4189,4.19,20,4189,10,lomps_l5d20_relaxed_12h_from_t3p799_20260712,391
4190,4.191,20,4190,10,lomps_l5d20_relaxed_12h_from_t3p799_20260712,392
4191,4.192,20,4191,10,lomps_l5d20_relaxed_12h_from_t3p799_20260712,393
4192,4.193,20,4192,10,lomps_l5d20_relaxed_12h_from_t3p799_20260712,394
4193,4.194,20,4193,10,lomps_l5d20_relaxed_12h_from_t3p799_20260712,395
4194,4.195,20,4194,10,lomps_l5d20_relaxed_12h_from_t3p799_20260712,396
4195,4.196,20,4195,10,lomps_l5d20_relaxed_12h_from_t3p799_20260712,397
4196,4.197,20,4196,10,lomps_l5d20_relaxed_12h_from_t3p799_20260712,398
4197,4.198,20,4197,10,lomps_l5d20_relaxed_12h_from_t3p799_20260712,399
4198,4.199,20,4198,10,lomps_l5d20_relaxed_12h_from_t3p799_20260712,400
4199,4.2,20,4199,10,lomps_l5d20_relaxed_12h_from_t3p799_20260712,401
4200,4.201,20,4200,10,lomps_l5d20_relaxed_12h_from_t3p799_20260712,402
4201,4.202,20,4201,10,lomps_l5d20_relaxed_12h_from_t3p799_20260712,403
4202,4.203,20,4202,10,lomps_l5d20_relaxed_12h_from_t3p799_20260712,404
4203,4.204,20,4203,10,lomps_l5d20_relaxed_12h_from_t3p799_20260712,405
4204,4.205,20,4204,10,lomps_l5d20_relaxed_12h_from_t3p799_20260712,406
4205,4.206,20,4205,10,lomps_l5d20_relaxed_12h_from_t3p799_20260712,407
4206,4.207,20,4206,10,lomps_l5d20_relaxed_12h_from_t3p799_20260712,408
4207,4.208,20,4207,10,lomps_l5d20_relaxed_12h_from_t3p799_20260712,409
4208,4.209,20,4208,10,lomps_l5d20_relaxed_12h_from_t3p799_20260712,410
4209,4.21,20,4209,10,lomps_l5d20_relaxed_12h_from_t3p799_20260712,411
4210,4.211,20,4210,10,lomps_l5d20_relaxed_12h_from_t3p799_20260712,412
4211,4.212,20,4211,10,lomps_l5d20_relaxed_12h_from_t3p799_20260712,413
4212,4.213,20,4212,10,lomps_l5d20_relaxed_12h_from_t3p799_20260712,414
4213,4.214,20,4213,10,lomps_l5d20_relaxed_12h_from_t3p799_20260712,415
4214,4.215,20,4214,10,lomps_l5d20_relaxed_12h_from_t3p799_20260712,416
4215,4.216,20,4215,10,lomps_l5d20_relaxed_12h_from_t3p799_20260712,417
4216,4.217,20,4216,10,lomps_l5d20_relaxed_12h_from_t3p799_20260712,418
4217,4.218,20,4217,10,lomps_l5d20_relaxed_12h_from_t3p799_20260712,419
4218,4.219,20,4218,10,lomps_l5d20_relaxed_12h_from_t3p799_20260712,420
4219,4.22,20,4219,10,lomps_l5d20_relaxed_12h_from_t3p799_20260712,421
4220,4.221,20,4220,10,lomps_l5d20_relaxed_12h_from_t3p799_20260712,422
4221,4.222,20,4221,10,lomps_l5d20_relaxed_12h_from_t3p799_20260712,423
4222,4.223,20,4222,10,lomps_l5d20_relaxed_12h_from_t3p799_20260712,424
4223,4.224,20,4223,10,lomps_l5d20_relaxed_12h_from_t3p799_20260712,425
4224,4.225,20,4224,10,lomps_l5d20_relaxed_12h_from_t3p799_20260712,426
4225,4.226,20,4225,10,lomps_l5d20_relaxed_12h_from_t3p799_20260712,427
4226,4.227,20,4226,10,lomps_l5d20_relaxed_12h_from_t3p799_20260712,428
4227,4.228,20,4227,10,lomps_l5d20_relaxed_12h_from_t3p799_20260712,429
4228,4.229,20,4228,10,lomps_l5d20_relaxed_12h_from_t3p799_20260712,430
4229,4.23,20,4229,10,lomps_l5d20_relaxed_12h_from_t3p799_20260712,431
4230,4.231,20,4230,10,lomps_l5d20_relaxed_12h_from_t3p799_20260712,432
4231,4.232,20,4231,10,lomps_l5d20_relaxed_12h_from_t3p799_20260712,433
4232,4.233,20,4232,10,lomps_l5d20_relaxed_12h_from_t3p799_20260712,434
4233,4.234,20,4233,10,lomps_l5d20_relaxed_12h_from_t3p799_20260712,435
4234,4.235,20,4234,10,lomps_l5d20_relaxed_12h_from_t3p799_20260712,436
4235,4.236,20,4235,10,lomps_l5d20_relaxed_12h_from_t3p799_20260712,437
4236,4.237,20,4236,10,lomps_l5d20_relaxed_12h_from_t3p799_20260712,438
4237,4.238,20,4237,10,lomps_l5d20_relaxed_12h_from_t3p799_20260712,439
4238,4.239,20,4238,10,lomps_l5d20_relaxed_12h_from_t3p799_20260712,440
4239,4.24,20,4239,10,lomps_l5d20_relaxed_12h_from_t3p799_20260712,441
4240,4.241,20,4240,10,lomps_l5d20_relaxed_12h_from_t3p799_20260712,442
4241,4.242,20,4241,10,lomps_l5d20_relaxed_12h_from_t3p799_20260712,443
4242,4.243,20,4242,10,lomps_l5d20_relaxed_12h_from_t3p799_20260712,444
4243,4.244,20,4243,10,lomps_l5d20_relaxed_12h_from_t3p799_20260712,445
4244,4.245,20,4244,10,lomps_l5d20_relaxed_12h_from_t3p799_20260712,446
4245,4.246,20,4245,10,lomps_l5d20_relaxed_12h_from_t3p799_20260712,447
4246,4.247,20,4246,10,lomps_l5d20_relaxed_12h_from_t3p799_20260712,448
4247,4.248,20,4247,10,lomps_l5d20_relaxed_12h_from_t3p799_20260712,449
4248,4.249,20,4248,10,lomps_l5d20_relaxed_12h_from_t3p799_20260712,450
4249,4.25,20,4249,10,lomps_l5d20_relaxed_12h_from_t3p799_20260712,451
4250,4.251,20,4250,10,lomps_l5d20_relaxed_12h_from_t3p799_20260712,452
4251,4.252,20,4251,10,lomps_l5d20_relaxed_12h_from_t3p799_20260712,453
4252,4.253,20,4252,10,lomps_l5d20_relaxed_12h_from_t3p799_20260712,454
4253,4.254,20,4253,10,lomps_l5d20_relaxed_12h_from_t3p799_20260712,455
4254,4.255,20,4254,10,lomps_l5d20_relaxed_12h_from_t3p799_20260712,456
4255,4.256,20,4255,10,lomps_l5d20_relaxed_12h_from_t3p799_20260712,457
4256,4.257,20,4256,10,lomps_l5d20_relaxed_12h_from_t3p799_20260712,458
4257,4.258,20,4257,10,lomps_l5d20_relaxed_12h_from_t3p799_20260712,459
4258,4.259,20,4258,10,lomps_l5d20_relaxed_12h_from_t3p799_20260712,460
4259,4.26,20,4259,10,lomps_l5d20_relaxed_12h_from_t3p799_20260712,461
4260,4.261,20,4260,10,lomps_l5d20_relaxed_12h_from_t3p799_20260712,462
4261,4.262,20,4261,10,lomps_l5d20_relaxed_12h_from_t3p799_20260712,463
4262,4.263,20,4262,10,lomps_l5d20_relaxed_12h_from_t3p799_20260712,464
4263,4.264,20,4263,10,lomps_l5d20_relaxed_12h_from_t3p799_20260712,465
4264,4.265,20,4264,10,lomps_l5d20_relaxed_12h_from_t3p799_20260712,466
4265,4.266,20,4265,10,lomps_l5d20_relaxed_12h_from_t3p799_20260712,467
4266,4.267,20,4266,10,lomps_l5d20_relaxed_12h_from_t3p799_20260712,468
4267,4.268,20,4267,10,lomps_l5d20_relaxed_12h_from_t3p799_20260712,469
4268,4.269,20,4268,10,lomps_l5d20_relaxed_12h_from_t3p799_20260712,470
4269,4.27,20,4269,10,lomps_l5d20_relaxed_12h_from_t3p799_20260712,471
4270,4.271,20,4270,10,lomps_l5d20_relaxed_12h_from_t3p799_20260712,472
4271,4.272,20,4271,10,lomps_l5d20_relaxed_12h_from_t3p799_20260712,473
4272,4.273,20,4272,10,lomps_l5d20_relaxed_12h_from_t3p799_20260712,474
4273,4.274,20,4273,10,lomps_l5d20_relaxed_12h_from_t3p799_20260712,475
4274,4.275,20,4274,10,lomps_l5d20_relaxed_12h_from_t3p799_20260712,476
4275,4.276,20,4275,10,lomps_l5d20_relaxed_12h_from_t3p799_20260712,477
4276,4.277,20,4276,10,lomps_l5d20_relaxed_12h_from_t3p799_20260712,478
4277,4.278,20,4277,10,lomps_l5d20_relaxed_12h_from_t3p799_20260712,479
4278,4.279,20,4278,10,lomps_l5d20_relaxed_12h_from_t3p799_20260712,480
4279,4.28,20,4279,10,lomps_l5d20_relaxed_12h_from_t3p799_20260712,481
4280,4.281,20,4280,10,lomps_l5d20_relaxed_12h_from_t3p799_20260712,482
4281,4.282,20,4281,10,lomps_l5d20_relaxed_12h_from_t3p799_20260712,483
4282,4.283,20,4282,10,lomps_l5d20_relaxed_12h_from_t3p799_20260712,484
4283,4.284,20,4283,10,lomps_l5d20_relaxed_12h_from_t3p799_20260712,485
4284,4.285,20,4284,10,lomps_l5d20_relaxed_12h_from_t3p799_20260712,486
4285,4.286,20,4285,10,lomps_l5d20_relaxed_12h_from_t3p799_20260712,487
4286,4.287,20,4286,10,lomps_l5d20_relaxed_12h_from_t3p799_20260712,488
4287,4.288,20,4287,10,lomps_l5d20_relaxed_12h_from_t3p799_20260712,489
4288,4.289,20,4288,10,lomps_l5d20_relaxed_12h_from_t3p799_20260712,490
4289,4.29,20,4289,10,lomps_l5d20_relaxed_12h_from_t3p799_20260712,491
4290,4.291,20,4290,10,lomps_l5d20_relaxed_12h_from_t3p799_20260712,492
4291,4.292,20,4291,10,lomps_l5d20_relaxed_12h_from_t3p799_20260712,493
4292,4.293,20,4292,10,lomps_l5d20_relaxed_12h_from_t3p799_20260712,494
4293,4.294,20,4293,10,lomps_l5d20_relaxed_12h_from_t3p799_20260712,495
4294,4.295,20,4294,10,lomps_l5d20_relaxed_12h_from_t3p799_20260712,496
4295,4.296,20,4295,10,lomps_l5d20_relaxed_12h_from_t3p799_20260712,497
4296,4.297,20,4296,10,lomps_l5d20_relaxed_12h_from_t3p799_20260712,498
4297,4.298,20,4297,10,lomps_l5d20_relaxed_12h_from_t3p799_20260712,499
4298,4.299,20,4298,10,lomps_l5d20_relaxed_12h_from_t3p799_20260712,500
4299,4.3,20,4299,10,lomps_l5d20_relaxed_12h_from_t3p799_20260712,501
4300,4.301,20,4300,10,lomps_l5d20_relaxed_12h_from_t3p799_20260712,502
4301,4.302,20,4301,10,lomps_l5d20_relaxed_12h_from_t3p799_20260712,503
4302,4.303,20,4302,10,lomps_l5d20_relaxed_12h_from_t3p799_20260712,504
4303,4.304,20,4303,10,lomps_l5d20_relaxed_12h_from_t3p799_20260712,505
4304,4.305,20,4304,10,lomps_l5d20_relaxed_12h_from_t3p799_20260712,506
4305,4.306,20,4305,10,lomps_l5d20_relaxed_12h_from_t3p799_20260712,507
4306,4.307,20,4306,10,lomps_l5d20_relaxed_12h_from_t3p799_20260712,508
4307,4.308,20,4307,10,lomps_l5d20_relaxed_12h_from_t3p799_20260712,509
4308,4.309,20,4308,10,lomps_l5d20_relaxed_12h_from_t3p799_20260712,510
4309,4.31,20,4309,10,lomps_l5d20_relaxed_12h_from_t3p799_20260712,511
4310,4.311,20,4310,10,lomps_l5d20_relaxed_12h_from_t3p799_20260712,512
4311,4.312,20,4311,10,lomps_l5d20_relaxed_12h_from_t3p799_20260712,513
4312,4.313,20,4312,10,lomps_l5d20_relaxed_12h_from_t3p799_20260712,514
4313,4.314,20,4313,10,lomps_l5d20_relaxed_12h_from_t3p799_20260712,515
4314,4.315,20,4314,10,lomps_l5d20_relaxed_12h_from_t3p799_20260712,516
4315,4.316,20,4315,10,lomps_l5d20_relaxed_12h_from_t3p799_20260712,517
4316,4.317,20,4316,10,lomps_l5d20_relaxed_12h_from_t3p799_20260712,518
4317,4.318,20,4317,10,lomps_l5d20_relaxed_12h_from_t3p799_20260712,519
4318,4.319,20,4318,10,lomps_l5d20_relaxed_12h_from_t3p799_20260712,520
4319,4.32,20,4319,10,lomps_l5d20_relaxed_12h_from_t3p799_20260712,521
4320,4.321,20,4320,10,lomps_l5d20_relaxed_12h_from_t3p799_20260712,522
4321,4.322,20,4321,10,lomps_l5d20_relaxed_12h_from_t3p799_20260712,523
4322,4.323,20,4322,10,lomps_l5d20_relaxed_12h_from_t3p799_20260712,524
4323,4.324,20,4323,10,lomps_l5d20_relaxed_12h_from_t3p799_20260712,525
4324,4.325,20,4324,10,lomps_l5d20_relaxed_12h_from_t3p799_20260712,526
4325,4.326,20,4325,10,lomps_l5d20_relaxed_12h_from_t3p799_20260712,527
4326,4.327,20,4326,10,lomps_l5d20_relaxed_12h_from_t3p799_20260712,528
4327,4.328,20,4327,10,lomps_l5d20_relaxed_12h_from_t3p799_20260712,529
4328,4.329,20,4328,10,lomps_l5d20_relaxed_12h_from_t3p799_20260712,530
4329,4.33,20,4329,10,lomps_l5d20_relaxed_12h_from_t3p799_20260712,531
4330,4.331,20,4330,10,lomps_l5d20_relaxed_12h_from_t3p799_20260712,532
4331,4.332,20,4331,10,lomps_l5d20_relaxed_12h_from_t3p799_20260712,533
4332,4.333,20,4332,10,lomps_l5d20_relaxed_12h_from_t3p799_20260712,534
4333,4.334,20,4333,10,lomps_l5d20_relaxed_12h_from_t3p799_20260712,535
4334,4.335,20,4334,10,lomps_l5d20_relaxed_12h_from_t3p799_20260712,536
4335,4.336,20,4335,10,lomps_l5d20_relaxed_12h_from_t3p799_20260712,537
4336,4.337,20,4336,10,lomps_l5d20_relaxed_12h_from_t3p799_20260712,538
4337,4.338,20,4337,10,lomps_l5d20_relaxed_12h_from_t3p799_20260712,539
4338,4.339,20,4338,10,lomps_l5d20_relaxed_12h_from_t3p799_20260712,540
4339,4.34,20,4339,10,lomps_l5d20_relaxed_12h_from_t3p799_20260712,541
4340,4.341,20,4340,10,lomps_l5d20_relaxed_12h_from_t3p799_20260712,542
4341,4.342,20,4341,10,lomps_l5d20_relaxed_12h_from_t3p799_20260712,543
4342,4.343,20,4342,10,lomps_l5d20_relaxed_12h_from_t3p799_20260712,544
4343,4.344,20,4343,10,lomps_l5d20_relaxed_12h_from_t3p799_20260712,545
4344,4.345,20,4344,10,lomps_l5d20_relaxed_12h_from_t3p799_20260712,546
4345,4.346,20,4345,10,lomps_l5d20_relaxed_12h_from_t3p799_20260712,547
4346,4.347,20,4346,10,lomps_l5d20_relaxed_12h_from_t3p799_20260712,548
4347,4.348,20,4347,10,lomps_l5d20_relaxed_12h_from_t3p799_20260712,549
4348,4.349,20,4348,10,lomps_l5d20_relaxed_12h_from_t3p799_20260712,550
4349,4.35,20,4349,10,lomps_l5d20_relaxed_12h_from_t3p799_20260712,551
4350,4.351,20,4350,10,lomps_l5d20_relaxed_12h_from_t3p799_20260712,552
4351,4.352,20,4351,10,lomps_l5d20_relaxed_12h_from_t3p799_20260712,553
4352,4.353,20,4352,10,lomps_l5d20_relaxed_12h_from_t3p799_20260712,554
4353,4.354,20,4353,10,lomps_l5d20_relaxed_12h_from_t3p799_20260712,555
4354,4.355,20,4354,10,lomps_l5d20_relaxed_12h_from_t3p799_20260712,556
4355,4.356,20,4355,10,lomps_l5d20_relaxed_12h_from_t3p799_20260712,557
4356,4.357,20,4356,10,lomps_l5d20_relaxed_12h_from_t3p799_20260712,558
4357,4.358,20,4357,10,lomps_l5d20_relaxed_12h_from_t3p799_20260712,559
4358,4.359,20,4358,10,lomps_l5d20_relaxed_12h_from_t3p799_20260712,560
4359,4.36,20,4359,10,lomps_l5d20_relaxed_12h_from_t3p799_20260712,561
4360,4.361,20,4360,10,lomps_l5d20_relaxed_12h_from_t3p799_20260712,562
4361,4.362,20,4361,10,lomps_l5d20_relaxed_12h_from_t3p799_20260712,563
4362,4.363,20,4362,10,lomps_l5d20_relaxed_12h_from_t3p799_20260712,564
4363,4.364,20,4363,10,lomps_l5d20_relaxed_12h_from_t3p799_20260712,565
4364,4.365,20,4364,10,lomps_l5d20_relaxed_12h_from_t3p799_20260712,566
4365,4.366,20,4365,10,lomps_l5d20_relaxed_12h_from_t3p799_20260712,567
4366,4.367,20,4366,10,lomps_l5d20_relaxed_12h_from_t3p799_20260712,568
4367,4.368,20,4367,10,lomps_l5d20_relaxed_12h_from_t3p799_20260712,569
4368,4.369,20,4368,10,lomps_l5d20_relaxed_12h_from_t3p799_20260712,570
4369,4.37,20,4369,10,lomps_l5d20_relaxed_12h_from_t3p799_20260712,571
4370,4.371,20,4370,10,lomps_l5d20_relaxed_12h_from_t3p799_20260712,572
4371,4.372,20,4371,10,lomps_l5d20_relaxed_12h_from_t3p799_20260712,573
4372,4.373,20,4372,10,lomps_l5d20_relaxed_12h_from_t3p799_20260712,574
4373,4.374,20,4373,10,lomps_l5d20_relaxed_12h_from_t3p799_20260712,575
4374,4.375,20,4374,10,lomps_l5d20_relaxed_12h_from_t3p799_20260712,576
4375,4.376,20,4375,10,lomps_l5d20_relaxed_12h_from_t3p799_20260712,577
4376,4.377,20,4376,10,lomps_l5d20_relaxed_12h_from_t3p799_20260712,578
4377,4.378,20,4377,10,lomps_l5d20_relaxed_12h_from_t3p799_20260712,579
4378,4.379,20,4378,10,lomps_l5d20_relaxed_12h_from_t3p799_20260712,580
4379,4.38,20,4379,10,lomps_l5d20_relaxed_12h_from_t3p799_20260712,581
4380,4.381,20,4380,10,lomps_l5d20_relaxed_12h_from_t3p799_20260712,582
4381,4.382,20,4381,10,lomps_l5d20_relaxed_12h_from_t3p799_20260712,583
4382,4.383,20,4382,10,lomps_l5d20_relaxed_12h_from_t3p799_20260712,584
4383,4.384,20,4383,10,lomps_l5d20_relaxed_12h_from_t3p799_20260712,585
4384,4.385,20,4384,10,lomps_l5d20_relaxed_12h_from_t3p799_20260712,586
4385,4.386,20,4385,10,lomps_l5d20_relaxed_12h_from_t3p799_20260712,587
4386,4.387,20,4386,10,lomps_l5d20_relaxed_12h_from_t3p799_20260712,588
4387,4.388,20,4387,10,lomps_l5d20_relaxed_12h_from_t3p799_20260712,589
4388,4.389,20,4388,10,lomps_l5d20_relaxed_12h_from_t3p799_20260712,590
4389,4.39,20,4389,10,lomps_l5d20_relaxed_12h_from_t3p799_20260712,591
4390,4.391,20,4390,10,lomps_l5d20_relaxed_12h_from_t3p799_20260712,592
4391,4.392,20,4391,10,lomps_l5d20_relaxed_12h_from_t3p799_20260712,593
4392,4.393,20,4392,10,lomps_l5d20_relaxed_12h_from_t3p799_20260712,594
4393,4.394,20,4393,10,lomps_l5d20_relaxed_12h_from_t3p799_20260712,595
4394,4.395,20,4394,10,lomps_l5d20_relaxed_12h_from_t3p799_20260712,596
4395,4.396,20,4395,10,lomps_l5d20_relaxed_12h_from_t3p799_20260712,597
4396,4.397,20,4396,10,lomps_l5d20_relaxed_12h_from_t3p799_20260712,598
4397,4.398,20,4397,10,lomps_l5d20_relaxed_12h_from_t3p799_20260712,599
4398,4.399,20,4398,10,lomps_l5d20_relaxed_12h_from_t3p799_20260712,600
4399,4.4,20,4399,10,lomps_l5d20_relaxed_12h_from_t3p799_20260712,601
4400,4.401,20,4400,10,lomps_l5d20_relaxed_12h_from_t3p799_20260712,602
4401,4.402,20,4401,10,lomps_l5d20_relaxed_12h_from_t3p799_20260712,603
4402,4.403,20,4402,10,lomps_l5d20_relaxed_12h_from_t3p799_20260712,604
4403,4.404,20,4403,10,lomps_l5d20_relaxed_12h_from_t3p799_20260712,605
4404,4.405,20,4404,10,lomps_l5d20_relaxed_12h_from_t3p799_20260712,606
4405,4.406,20,4405,10,lomps_l5d20_relaxed_12h_from_t3p799_20260712,607
4406,4.407,20,4406,10,lomps_l5d20_relaxed_12h_from_t3p799_20260712,608
4407,4.408,20,4407,10,lomps_l5d20_relaxed_12h_from_t3p799_20260712,609
4408,4.409,20,4408,10,lomps_l5d20_relaxed_12h_from_t3p799_20260712,610
4409,4.41,20,4409,10,lomps_l5d20_relaxed_12h_from_t3p799_20260712,611
4410,4.411,20,4410,10,lomps_l5d20_relaxed_12h_from_t3p799_20260712,612
4411,4.412,20,4411,10,lomps_l5d20_relaxed_12h_from_t3p799_20260712,613
4412,4.413,20,4412,10,lomps_l5d20_relaxed_12h_from_t3p799_20260712,614
4413,4.414,20,4413,10,lomps_l5d20_relaxed_12h_from_t3p799_20260712,615
4414,4.415,20,4414,10,lomps_l5d20_relaxed_12h_from_t3p799_20260712,616
4415,4.416,20,4415,10,lomps_l5d20_relaxed_12h_from_t3p799_20260712,617
4416,4.417,20,4416,10,lomps_l5d20_relaxed_12h_from_t3p799_20260712,618
4417,4.418,20,4417,10,lomps_l5d20_relaxed_12h_from_t3p799_20260712,619
4418,4.419,20,4418,10,lomps_l5d20_relaxed_12h_from_t3p799_20260712,620
4419,4.42,20,4419,10,lomps_l5d20_relaxed_12h_from_t3p799_20260712,621
4420,4.421,20,4420,10,lomps_l5d20_relaxed_12h_from_t3p799_20260712,622
4421,4.422,20,4421,10,lomps_l5d20_relaxed_12h_from_t3p799_20260712,623
4422,4.423,20,4422,10,lomps_l5d20_relaxed_12h_from_t3p799_20260712,624
4423,4.424,20,4423,10,lomps_l5d20_relaxed_12h_from_t3p799_20260712,625
4424,4.425,20,4424,10,lomps_l5d20_relaxed_12h_from_t3p799_20260712,626
4425,4.426,20,4425,10,lomps_l5d20_relaxed_12h_from_t3p799_20260712,627
4426,4.427,20,4426,10,lomps_l5d20_relaxed_12h_from_t3p799_20260712,628
4427,4.428,20,4427,10,lomps_l5d20_relaxed_12h_from_t3p799_20260712,629
4428,4.429,20,4428,10,lomps_l5d20_relaxed_12h_from_t3p799_20260712,630
4429,4.43,20,4429,10,lomps_l5d20_relaxed_12h_from_t3p799_20260712,631
4430,4.431,20,4430,10,lomps_l5d20_relaxed_12h_from_t3p799_20260712,632
4431,4.432,20,4431,10,lomps_l5d20_relaxed_12h_from_t3p799_20260712,633
4432,4.433,20,4432,10,lomps_l5d20_relaxed_12h_from_t3p799_20260712,634
4433,4.434,20,4433,10,lomps_l5d20_relaxed_12h_from_t3p799_20260712,635
4434,4.435,20,4434,10,lomps_l5d20_relaxed_12h_from_t3p799_20260712,636
4435,4.436,20,4435,10,lomps_l5d20_relaxed_12h_from_t3p799_20260712,637
4436,4.437,20,4436,10,lomps_l5d20_relaxed_12h_from_t3p799_20260712,638
4437,4.438,20,4437,10,lomps_l5d20_relaxed_12h_from_t3p799_20260712,639
4438,4.439,20,4438,10,lomps_l5d20_relaxed_12h_from_t3p799_20260712,640
4439,4.44,20,4439,10,lomps_l5d20_relaxed_12h_from_t3p799_20260712,641
4440,4.441,20,4440,10,lomps_l5d20_relaxed_12h_from_t3p799_20260712,642
4441,4.442,20,4441,10,lomps_l5d20_relaxed_12h_from_t3p799_20260712,643
4442,4.443,20,4442,10,lomps_l5d20_relaxed_12h_from_t3p799_20260712,644
4443,4.444,20,4443,10,lomps_l5d20_relaxed_12h_from_t3p799_20260712,645
4444,4.445,20,4444,10,lomps_l5d20_relaxed_12h_from_t3p799_20260712,646
4445,4.446,20,4445,10,lomps_l5d20_relaxed_12h_from_t3p799_20260712,647
4446,4.447,20,4446,10,lomps_l5d20_relaxed_12h_from_t3p799_20260712,648
4447,4.448,20,4447,10,lomps_l5d20_relaxed_12h_from_t3p799_20260712,649
4448,4.449,20,4448,10,lomps_l5d20_relaxed_12h_from_t3p799_20260712,650
4449,4.45,20,4449,10,lomps_l5d20_relaxed_12h_from_t3p799_20260712,651
4450,4.451,20,4450,10,lomps_l5d20_relaxed_12h_from_t3p799_20260712,652
4451,4.452,20,4451,10,lomps_l5d20_relaxed_12h_from_t3p799_20260712,653
4452,4.453,20,4452,10,lomps_l5d20_relaxed_12h_from_t3p799_20260712,654
4453,4.454,20,4453,10,lomps_l5d20_relaxed_12h_from_t3p799_20260712,655
4454,4.455,20,4454,10,lomps_l5d20_relaxed_12h_from_t3p799_20260712,656
4455,4.456,20,4455,10,lomps_l5d20_relaxed_12h_from_t3p799_20260712,657
4456,4.457,20,4456,10,lomps_l5d20_relaxed_12h_from_t3p799_20260712,658
4457,4.458,20,4457,10,lomps_l5d20_relaxed_12h_from_t3p799_20260712,659
4458,4.459,20,4458,10,lomps_l5d20_relaxed_12h_from_t3p799_20260712,660
4459,4.46,20,4459,10,lomps_l5d20_relaxed_12h_from_t3p799_20260712,661
4460,4.461,20,4460,10,lomps_l5d20_relaxed_12h_from_t3p799_20260712,662
4461,4.462,20,4461,10,lomps_l5d20_relaxed_12h_from_t3p799_20260712,663
4462,4.463,20,4462,10,lomps_l5d20_relaxed_12h_from_t3p799_20260712,664
4463,4.464,20,4463,10,lomps_l5d20_relaxed_12h_from_t3p799_20260712,665
4464,4.465,20,4464,10,lomps_l5d20_relaxed_12h_from_t3p799_20260712,666
4465,4.466,20,4465,10,lomps_l5d20_relaxed_12h_from_t3p799_20260712,667
4466,4.467,20,4466,10,lomps_l5d20_relaxed_12h_from_t3p799_20260712,668
4467,4.468,20,4467,10,lomps_l5d20_relaxed_12h_from_t3p799_20260712,669
4468,4.469,20,4468,10,lomps_l5d20_relaxed_12h_from_t3p799_20260712,670
4469,4.47,20,4469,10,lomps_l5d20_relaxed_12h_from_t3p799_20260712,671
4470,4.471,20,4470,10,lomps_l5d20_relaxed_12h_from_t3p799_20260712,672
4471,4.472,20,4471,10,lomps_l5d20_relaxed_12h_from_t3p799_20260712,673
4472,4.473,20,4472,10,lomps_l5d20_relaxed_12h_from_t3p799_20260712,674
4473,4.474,20,4473,10,lomps_l5d20_relaxed_12h_from_t3p799_20260712,675
4474,4.475,20,4474,10,lomps_l5d20_relaxed_12h_from_t3p799_20260712,676
4475,4.476,20,4475,10,lomps_l5d20_relaxed_12h_from_t3p799_20260712,677
4476,4.477,20,4476,10,lomps_l5d20_relaxed_12h_from_t3p799_20260712,678
4477,4.478,20,4477,10,lomps_l5d20_relaxed_12h_from_t3p799_20260712,679
4478,4.479,20,4478,10,lomps_l5d20_relaxed_12h_from_t3p799_20260712,680
4479,4.48,20,4479,10,lomps_l5d20_relaxed_12h_from_t3p799_20260712,681
4480,4.481,20,4480,10,lomps_l5d20_relaxed_12h_from_t3p799_20260712,682
4481,4.482,21,0,11,lomps_l5d21_from_t4p482_20260713,0
4482,4.483,21,1,11,lomps_l5d21_from_t4p482_20260713,1
4483,4.484,21,2,11,lomps_l5d21_from_t4p482_20260713,2
4484,4.485,21,3,11,lomps_l5d21_from_t4p482_20260713,3
4485,4.486,21,4,11,lomps_l5d21_from_t4p482_20260713,4
4486,4.487,21,5,11,lomps_l5d21_from_t4p482_20260713,5
4487,4.488,21,6,11,lomps_l5d21_from_t4p482_20260713,6
4488,4.489,21,7,11,lomps_l5d21_from_t4p482_20260713,7
4489,4.49,21,8,11,lomps_l5d21_from_t4p482_20260713,8
4490,4.491,21,9,11,lomps_l5d21_from_t4p482_20260713,9
4491,4.492,21,10,11,lomps_l5d21_from_t4p482_20260713,10
4492,4.493,21,11,11,lomps_l5d21_from_t4p482_20260713,11
4493,4.494,21,12,11,lomps_l5d21_from_t4p482_20260713,12
4494,4.495,21,13,11,lomps_l5d21_from_t4p482_20260713,13
4495,4.496,21,14,11,lomps_l5d21_from_t4p482_20260713,14
4496,4.497,21,15,11,lomps_l5d21_from_t4p482_20260713,15
4497,4.498,21,16,11,lomps_l5d21_from_t4p482_20260713,16
4498,4.499,21,17,11,lomps_l5d21_from_t4p482_20260713,17
4499,4.5,21,18,11,lomps_l5d21_from_t4p482_20260713,18
4500,4.501,21,19,11,lomps_l5d21_from_t4p482_20260713,19
4501,4.502,21,20,11,lomps_l5d21_from_t4p482_20260713,20
4502,4.503,21,21,11,lomps_l5d21_from_t4p482_20260713,21
4503,4.504,21,22,11,lomps_l5d21_from_t4p482_20260713,22
4504,4.505,21,23,11,lomps_l5d21_from_t4p482_20260713,23
4505,4.506,21,24,11,lomps_l5d21_from_t4p482_20260713,24
4506,4.507,21,25,11,lomps_l5d21_from_t4p482_20260713,25
4507,4.508,21,26,11,lomps_l5d21_from_t4p482_20260713,26
4508,4.509,21,27,11,lomps_l5d21_from_t4p482_20260713,27
4509,4.51,21,28,11,lomps_l5d21_from_t4p482_20260713,28
4510,4.511,21,29,11,lomps_l5d21_from_t4p482_20260713,29
4511,4.512,21,30,11,lomps_l5d21_from_t4p482_20260713,30
4512,4.513,21,31,11,lomps_l5d21_from_t4p482_20260713,31
4513,4.514,21,32,11,lomps_l5d21_from_t4p482_20260713,32
4514,4.515,21,33,11,lomps_l5d21_from_t4p482_20260713,33
4515,4.516,21,34,11,lomps_l5d21_from_t4p482_20260713,34
4516,4.517,21,35,11,lomps_l5d21_from_t4p482_20260713,35
4517,4.518,21,36,11,lomps_l5d21_from_t4p482_20260713,36
4518,4.519,21,37,11,lomps_l5d21_from_t4p482_20260713,37
4519,4.52,21,38,11,lomps_l5d21_from_t4p482_20260713,38
4520,4.521,21,39,11,lomps_l5d21_from_t4p482_20260713,39
4521,4.522,21,40,11,lomps_l5d21_from_t4p482_20260713,40
4522,4.523,21,41,11,lomps_l5d21_from_t4p482_20260713,41
4523,4.524,21,42,11,lomps_l5d21_from_t4p482_20260713,42
4524,4.525,21,43,11,lomps_l5d21_from_t4p482_20260713,43
4525,4.526,21,44,11,lomps_l5d21_from_t4p482_20260713,44
4526,4.527,21,45,11,lomps_l5d21_from_t4p482_20260713,45
4527,4.528,21,46,11,lomps_l5d21_from_t4p482_20260713,46
4528,4.529,21,47,11,lomps_l5d21_from_t4p482_20260713,47
4529,4.53,21,48,11,lomps_l5d21_from_t4p482_20260713,48
4530,4.531,21,49,11,lomps_l5d21_from_t4p482_20260713,49
4531,4.532,21,50,11,lomps_l5d21_from_t4p482_20260713,50
4532,4.533,21,51,11,lomps_l5d21_from_t4p482_20260713,51
4533,4.534,21,52,11,lomps_l5d21_from_t4p482_20260713,52
4534,4.535,21,53,11,lomps_l5d21_from_t4p482_20260713,53
4535,4.536,21,54,11,lomps_l5d21_from_t4p482_20260713,54
4536,4.537,21,55,11,lomps_l5d21_from_t4p482_20260713,55
4537,4.538,21,56,11,lomps_l5d21_from_t4p482_20260713,56
4538,4.539,21,57,11,lomps_l5d21_from_t4p482_20260713,57
4539,4.54,21,58,11,lomps_l5d21_from_t4p482_20260713,58
4540,4.541,21,59,11,lomps_l5d21_from_t4p482_20260713,59
4541,4.542,21,60,11,lomps_l5d21_from_t4p482_20260713,60
4542,4.543,21,61,11,lomps_l5d21_from_t4p482_20260713,61
4543,4.544,21,62,11,lomps_l5d21_from_t4p482_20260713,62
4544,4.545,21,63,11,lomps_l5d21_from_t4p482_20260713,63
4545,4.546,21,64,11,lomps_l5d21_from_t4p482_20260713,64
4546,4.547,21,65,11,lomps_l5d21_from_t4p482_20260713,65
4547,4.548,21,66,11,lomps_l5d21_from_t4p482_20260713,66
4548,4.549,21,67,11,lomps_l5d21_from_t4p482_20260713,67
4549,4.55,21,68,11,lomps_l5d21_from_t4p482_20260713,68
4550,4.551,21,69,11,lomps_l5d21_from_t4p482_20260713,69
4551,4.552,21,70,11,lomps_l5d21_from_t4p482_20260713,70
4552,4.553,21,71,11,lomps_l5d21_from_t4p482_20260713,71
4553,4.554,21,72,11,lomps_l5d21_from_t4p482_20260713,72
4554,4.555,21,73,11,lomps_l5d21_from_t4p482_20260713,73
4555,4.556,21,74,11,lomps_l5d21_from_t4p482_20260713,74
4556,4.557,21,75,11,lomps_l5d21_from_t4p482_20260713,75
4557,4.558,21,76,11,lomps_l5d21_from_t4p482_20260713,76
4558,4.559,21,77,11,lomps_l5d21_from_t4p482_20260713,77
4559,4.56,21,78,11,lomps_l5d21_from_t4p482_20260713,78
4560,4.561,21,79,11,lomps_l5d21_from_t4p482_20260713,79
4561,4.562,21,80,11,lomps_l5d21_from_t4p482_20260713,80
4562,4.563,21,81,11,lomps_l5d21_from_t4p482_20260713,81
4563,4.564,21,82,11,lomps_l5d21_from_t4p482_20260713,82
4564,4.565,21,83,11,lomps_l5d21_from_t4p482_20260713,83
4565,4.566,21,84,11,lomps_l5d21_from_t4p482_20260713,84
4566,4.567,21,85,11,lomps_l5d21_from_t4p482_20260713,85
4567,4.568,21,86,11,lomps_l5d21_from_t4p482_20260713,86
4568,4.569,21,87,11,lomps_l5d21_from_t4p482_20260713,87
4569,4.57,21,88,11,lomps_l5d21_from_t4p482_20260713,88
4570,4.571,21,89,11,lomps_l5d21_from_t4p482_20260713,89
4571,4.572,21,90,11,lomps_l5d21_from_t4p482_20260713,90
4572,4.573,21,91,11,lomps_l5d21_from_t4p482_20260713,91
4573,4.574,21,92,11,lomps_l5d21_from_t4p482_20260713,92
4574,4.575,21,93,11,lomps_l5d21_from_t4p482_20260713,93
4575,4.576,21,94,11,lomps_l5d21_from_t4p482_20260713,94
4576,4.577,21,95,11,lomps_l5d21_from_t4p482_20260713,95
4577,4.578,21,96,11,lomps_l5d21_from_t4p482_20260713,96
4578,4.579,21,97,11,lomps_l5d21_from_t4p482_20260713,97
4579,4.58,21,98,11,lomps_l5d21_from_t4p482_20260713,98
4580,4.581,21,99,11,lomps_l5d21_from_t4p482_20260713,99
4581,4.582,21,100,11,lomps_l5d21_from_t4p482_20260713,100
4582,4.583,21,101,11,lomps_l5d21_from_t4p482_20260713,101
4583,4.584,21,102,11,lomps_l5d21_from_t4p482_20260713,102
4584,4.585,21,103,11,lomps_l5d21_from_t4p482_20260713,103
4585,4.586,21,104,11,lomps_l5d21_from_t4p482_20260713,104
4586,4.587,21,105,11,lomps_l5d21_from_t4p482_20260713,105
4587,4.588,21,106,11,lomps_l5d21_from_t4p482_20260713,106
4588,4.589,21,107,11,lomps_l5d21_from_t4p482_20260713,107
4589,4.59,21,108,11,lomps_l5d21_from_t4p482_20260713,108
4590,4.591,21,109,11,lomps_l5d21_from_t4p482_20260713,109
4591,4.592,21,110,11,lomps_l5d21_from_t4p482_20260713,110
4592,4.593,21,111,11,lomps_l5d21_from_t4p482_20260713,111
4593,4.594,21,112,11,lomps_l5d21_from_t4p482_20260713,112
4594,4.595,21,113,11,lomps_l5d21_from_t4p482_20260713,113
4595,4.596,21,114,11,lomps_l5d21_from_t4p482_20260713,114
4596,4.597,21,115,11,lomps_l5d21_from_t4p482_20260713,115
4597,4.598,21,116,11,lomps_l5d21_from_t4p482_20260713,116
4598,4.599,21,117,11,lomps_l5d21_from_t4p482_20260713,117
4599,4.6,21,118,11,lomps_l5d21_from_t4p482_20260713,118
4600,4.601,21,119,11,lomps_l5d21_from_t4p482_20260713,119
4601,4.602,21,120,11,lomps_l5d21_from_t4p482_20260713,120
4602,4.603,21,121,11,lomps_l5d21_from_t4p482_20260713,121
4603,4.604,21,122,11,lomps_l5d21_from_t4p482_20260713,122
4604,4.605,21,123,11,lomps_l5d21_from_t4p482_20260713,123
4605,4.606,21,124,11,lomps_l5d21_from_t4p482_20260713,124
4606,4.607,21,125,11,lomps_l5d21_from_t4p482_20260713,125
4607,4.608,21,126,11,lomps_l5d21_from_t4p482_20260713,126
4608,4.609,21,127,11,lomps_l5d21_from_t4p482_20260713,127
4609,4.61,21,128,11,lomps_l5d21_from_t4p482_20260713,128
4610,4.611,21,129,11,lomps_l5d21_from_t4p482_20260713,129
4611,4.612,21,130,11,lomps_l5d21_from_t4p482_20260713,130
4612,4.613,21,131,11,lomps_l5d21_from_t4p482_20260713,131
4613,4.614,21,132,11,lomps_l5d21_from_t4p482_20260713,132
4614,4.615,21,133,11,lomps_l5d21_from_t4p482_20260713,133
4615,4.616,21,134,11,lomps_l5d21_from_t4p482_20260713,134
4616,4.617,21,135,11,lomps_l5d21_from_t4p482_20260713,135
4617,4.618,21,136,11,lomps_l5d21_from_t4p482_20260713,136
4618,4.619,21,137,11,lomps_l5d21_from_t4p482_20260713,137
4619,4.62,21,138,11,lomps_l5d21_from_t4p482_20260713,138
4620,4.621,21,139,11,lomps_l5d21_from_t4p482_20260713,139
4621,4.622,21,140,11,lomps_l5d21_from_t4p482_20260713,140
4622,4.623,21,141,11,lomps_l5d21_from_t4p482_20260713,141
4623,4.624,21,142,11,lomps_l5d21_from_t4p482_20260713,142
4624,4.625,21,143,11,lomps_l5d21_from_t4p482_20260713,143
4625,4.626,21,144,11,lomps_l5d21_from_t4p482_20260713,144
4626,4.627,21,145,11,lomps_l5d21_from_t4p482_20260713,145
4627,4.628,21,146,11,lomps_l5d21_from_t4p482_20260713,146
4628,4.629,21,147,11,lomps_l5d21_from_t4p482_20260713,147
4629,4.63,21,148,11,lomps_l5d21_from_t4p482_20260713,148
4630,4.631,21,149,11,lomps_l5d21_from_t4p482_20260713,149
4631,4.632,21,150,11,lomps_l5d21_from_t4p482_20260713,150
4632,4.633,21,151,11,lomps_l5d21_from_t4p482_20260713,151
4633,4.634,21,152,11,lomps_l5d21_from_t4p482_20260713,152
4634,4.635,21,153,11,lomps_l5d21_from_t4p482_20260713,153
4635,4.636,21,154,11,lomps_l5d21_from_t4p482_20260713,154
4636,4.637,21,155,11,lomps_l5d21_from_t4p482_20260713,155
4637,4.638,21,156,11,lomps_l5d21_from_t4p482_20260713,156
4638,4.639,21,157,11,lomps_l5d21_from_t4p482_20260713,157
4639,4.64,21,158,11,lomps_l5d21_from_t4p482_20260713,158
4640,4.641,21,159,11,lomps_l5d21_from_t4p482_20260713,159
4641,4.642,21,160,11,lomps_l5d21_from_t4p482_20260713,160
4642,4.643,21,161,11,lomps_l5d21_from_t4p482_20260713,161
4643,4.644,21,162,11,lomps_l5d21_from_t4p482_20260713,162
4644,4.645,21,163,11,lomps_l5d21_from_t4p482_20260713,163
4645,4.646,21,164,11,lomps_l5d21_from_t4p482_20260713,164
4646,4.647,21,165,11,lomps_l5d21_from_t4p482_20260713,165
4647,4.648,21,166,11,lomps_l5d21_from_t4p482_20260713,166
4648,4.649,21,167,11,lomps_l5d21_from_t4p482_20260713,167
4649,4.65,21,168,11,lomps_l5d21_from_t4p482_20260713,168
4650,4.651,21,169,11,lomps_l5d21_from_t4p482_20260713,169
4651,4.652,21,170,11,lomps_l5d21_from_t4p482_20260713,170
4652,4.653,21,171,11,lomps_l5d21_from_t4p482_20260713,171
4653,4.654,21,172,11,lomps_l5d21_from_t4p482_20260713,172
4654,4.655,21,173,11,lomps_l5d21_from_t4p482_20260713,173
4655,4.656,21,174,11,lomps_l5d21_from_t4p482_20260713,174
4656,4.657,21,175,11,lomps_l5d21_from_t4p482_20260713,175
4657,4.658,21,176,11,lomps_l5d21_from_t4p482_20260713,176
4658,4.659,21,177,11,lomps_l5d21_from_t4p482_20260713,177
4659,4.66,21,178,11,lomps_l5d21_from_t4p482_20260713,178
4660,4.661,21,179,11,lomps_l5d21_from_t4p482_20260713,179
4661,4.662,21,180,11,lomps_l5d21_from_t4p482_20260713,180
4662,4.663,21,181,11,lomps_l5d21_from_t4p482_20260713,181
4663,4.664,21,182,11,lomps_l5d21_from_t4p482_20260713,182
4664,4.665,21,183,11,lomps_l5d21_from_t4p482_20260713,183
4665,4.666,21,184,11,lomps_l5d21_from_t4p482_20260713,184
4666,4.667,21,185,11,lomps_l5d21_from_t4p482_20260713,185
4667,4.668,21,186,11,lomps_l5d21_from_t4p482_20260713,186
4668,4.669,21,187,11,lomps_l5d21_from_t4p482_20260713,187
4669,4.67,21,188,11,lomps_l5d21_from_t4p482_20260713,188
4670,4.671,21,189,11,lomps_l5d21_from_t4p482_20260713,189
4671,4.672,21,190,11,lomps_l5d21_from_t4p482_20260713,190
4672,4.673,21,191,11,lomps_l5d21_from_t4p482_20260713,191
4673,4.674,21,192,11,lomps_l5d21_from_t4p482_20260713,192
4674,4.675,21,193,11,lomps_l5d21_from_t4p482_20260713,193
4675,4.676,21,194,11,lomps_l5d21_from_t4p482_20260713,194
4676,4.677,21,195,11,lomps_l5d21_from_t4p482_20260713,195
4677,4.678,21,196,11,lomps_l5d21_from_t4p482_20260713,196
4678,4.679,21,197,11,lomps_l5d21_from_t4p482_20260713,197
4679,4.68,21,198,11,lomps_l5d21_from_t4p482_20260713,198
4680,4.681,21,199,11,lomps_l5d21_from_t4p482_20260713,199
4681,4.682,21,200,11,lomps_l5d21_from_t4p482_20260713,200
4682,4.683,21,201,11,lomps_l5d21_from_t4p482_20260713,201
4683,4.684,21,202,11,lomps_l5d21_from_t4p482_20260713,202
4684,4.685,21,203,11,lomps_l5d21_from_t4p482_20260713,203
4685,4.686,21,204,11,lomps_l5d21_from_t4p482_20260713,204
4686,4.687,21,205,11,lomps_l5d21_from_t4p482_20260713,205
4687,4.688,21,206,11,lomps_l5d21_from_t4p482_20260713,206
4688,4.689,21,207,11,lomps_l5d21_from_t4p482_20260713,207
4689,4.69,21,208,11,lomps_l5d21_from_t4p482_20260713,208
4690,4.691,21,209,11,lomps_l5d21_from_t4p482_20260713,209
4691,4.692,21,210,11,lomps_l5d21_from_t4p482_20260713,210
4692,4.693,21,211,11,lomps_l5d21_from_t4p482_20260713,211
4693,4.694,21,212,11,lomps_l5d21_from_t4p482_20260713,212
4694,4.695,21,213,11,lomps_l5d21_from_t4p482_20260713,213
4695,4.696,21,214,11,lomps_l5d21_from_t4p482_20260713,214
4696,4.697,21,215,11,lomps_l5d21_from_t4p482_20260713,215
4697,4.698,21,216,11,lomps_l5d21_from_t4p482_20260713,216
4698,4.699,21,217,11,lomps_l5d21_from_t4p482_20260713,217
4699,4.7,21,218,11,lomps_l5d21_from_t4p482_20260713,218
4700,4.701,21,219,11,lomps_l5d21_from_t4p482_20260713,219
4701,4.702,21,220,11,lomps_l5d21_from_t4p482_20260713,220
4702,4.703,21,221,11,lomps_l5d21_from_t4p482_20260713,221
4703,4.704,21,222,11,lomps_l5d21_from_t4p482_20260713,222
4704,4.705,21,223,11,lomps_l5d21_from_t4p482_20260713,223
4705,4.706,21,224,11,lomps_l5d21_from_t4p482_20260713,224
4706,4.707,21,225,11,lomps_l5d21_from_t4p482_20260713,225
4707,4.708,21,226,11,lomps_l5d21_from_t4p482_20260713,226
4708,4.709,21,227,11,lomps_l5d21_from_t4p482_20260713,227
4709,4.71,21,228,11,lomps_l5d21_from_t4p482_20260713,228
4710,4.711,21,229,11,lomps_l5d21_from_t4p482_20260713,229
4711,4.712,21,230,11,lomps_l5d21_from_t4p482_20260713,230
4712,4.713,21,231,11,lomps_l5d21_from_t4p482_20260713,231
4713,4.714,21,232,11,lomps_l5d21_from_t4p482_20260713,232
4714,4.715,21,233,11,lomps_l5d21_from_t4p482_20260713,233
4715,4.716,21,234,11,lomps_l5d21_from_t4p482_20260713,234
4716,4.717,21,235,11,lomps_l5d21_from_t4p482_20260713,235
4717,4.718,21,236,11,lomps_l5d21_from_t4p482_20260713,236
4718,4.719,21,237,11,lomps_l5d21_from_t4p482_20260713,237
4719,4.72,21,238,11,lomps_l5d21_from_t4p482_20260713,238
4720,4.721,21,239,11,lomps_l5d21_from_t4p482_20260713,239
4721,4.722,21,240,11,lomps_l5d21_from_t4p482_20260713,240
4722,4.723,21,241,11,lomps_l5d21_from_t4p482_20260713,241
4723,4.724,21,242,11,lomps_l5d21_from_t4p482_20260713,242
4724,4.725,21,243,11,lomps_l5d21_from_t4p482_20260713,243
4725,4.726,21,244,11,lomps_l5d21_from_t4p482_20260713,244
4726,4.727,21,245,11,lomps_l5d21_from_t4p482_20260713,245
4727,4.728,21,246,11,lomps_l5d21_from_t4p482_20260713,246
4728,4.729,21,247,11,lomps_l5d21_from_t4p482_20260713,247
4729,4.73,21,248,11,lomps_l5d21_from_t4p482_20260713,248
4730,4.731,21,249,11,lomps_l5d21_from_t4p482_20260713,249
4731,4.732,21,250,11,lomps_l5d21_from_t4p482_20260713,250
4732,4.733,21,251,11,lomps_l5d21_from_t4p482_20260713,251
4733,4.734,21,252,11,lomps_l5d21_from_t4p482_20260713,252
4734,4.735,21,253,11,lomps_l5d21_from_t4p482_20260713,253
4735,4.736,21,254,11,lomps_l5d21_from_t4p482_20260713,254
4736,4.737,21,255,11,lomps_l5d21_from_t4p482_20260713,255
4737,4.738,21,256,11,lomps_l5d21_from_t4p482_20260713,256
4738,4.739,21,257,11,lomps_l5d21_from_t4p482_20260713,257
4739,4.74,21,258,11,lomps_l5d21_from_t4p482_20260713,258
4740,4.741,21,259,11,lomps_l5d21_from_t4p482_20260713,259
4741,4.742,21,260,11,lomps_l5d21_from_t4p482_20260713,260
4742,4.743,21,261,11,lomps_l5d21_from_t4p482_20260713,261
4743,4.744,21,262,11,lomps_l5d21_from_t4p482_20260713,262
4744,4.745,21,263,11,lomps_l5d21_from_t4p482_20260713,263
4745,4.746,21,264,11,lomps_l5d21_from_t4p482_20260713,264
4746,4.747,21,265,11,lomps_l5d21_from_t4p482_20260713,265
4747,4.748,21,266,11,lomps_l5d21_from_t4p482_20260713,266
4748,4.749,21,267,11,lomps_l5d21_from_t4p482_20260713,267
4749,4.75,21,268,11,lomps_l5d21_from_t4p482_20260713,268
4750,4.751,21,269,11,lomps_l5d21_from_t4p482_20260713,269
4751,4.752,21,270,11,lomps_l5d21_from_t4p482_20260713,270
4752,4.753,21,271,11,lomps_l5d21_from_t4p482_20260713,271
4753,4.754,21,272,11,lomps_l5d21_from_t4p482_20260713,272
4754,4.755,21,273,11,lomps_l5d21_from_t4p482_20260713,273
4755,4.756,21,274,11,lomps_l5d21_from_t4p482_20260713,274
4756,4.757,21,275,11,lomps_l5d21_from_t4p482_20260713,275
4757,4.758,21,276,11,lomps_l5d21_from_t4p482_20260713,276
4758,4.759,21,277,11,lomps_l5d21_from_t4p482_20260713,277
4759,4.76,21,278,11,lomps_l5d21_from_t4p482_20260713,278
4760,4.761,21,279,11,lomps_l5d21_from_t4p482_20260713,279
4761,4.762,21,280,11,lomps_l5d21_from_t4p482_20260713,280
4762,4.763,21,281,11,lomps_l5d21_from_t4p482_20260713,281
4763,4.764,21,282,11,lomps_l5d21_from_t4p482_20260713,282
4764,4.765,21,283,11,lomps_l5d21_from_t4p482_20260713,283
4765,4.766,21,284,11,lomps_l5d21_from_t4p482_20260713,284
4766,4.767,21,285,11,lomps_l5d21_from_t4p482_20260713,285
4767,4.768,21,286,11,lomps_l5d21_from_t4p482_20260713,286
4768,4.769,21,287,11,lomps_l5d21_from_t4p482_20260713,287
4769,4.77,21,288,11,lomps_l5d21_from_t4p482_20260713,288
4770,4.771,21,289,11,lomps_l5d21_from_t4p482_20260713,289
4771,4.772,21,290,11,lomps_l5d21_from_t4p482_20260713,290
4772,4.773,21,291,11,lomps_l5d21_from_t4p482_20260713,291
4773,4.774,21,292,11,lomps_l5d21_from_t4p482_20260713,292
4774,4.775,21,293,11,lomps_l5d21_from_t4p482_20260713,293
4775,4.776,21,294,11,lomps_l5d21_from_t4p482_20260713,294
4776,4.777,21,295,11,lomps_l5d21_from_t4p482_20260713,295
4777,4.778,21,296,11,lomps_l5d21_from_t4p482_20260713,296
4778,4.779,21,297,11,lomps_l5d21_from_t4p482_20260713,297
4779,4.78,21,298,11,lomps_l5d21_from_t4p482_20260713,298
4780,4.781,21,299,11,lomps_l5d21_from_t4p482_20260713,299
4781,4.782,21,300,11,lomps_l5d21_from_t4p482_20260713,300
4782,4.783,21,301,11,lomps_l5d21_from_t4p482_20260713,301
4783,4.784,21,302,11,lomps_l5d21_from_t4p482_20260713,302
4784,4.785,21,303,11,lomps_l5d21_from_t4p482_20260713,303
4785,4.786,21,304,11,lomps_l5d21_from_t4p482_20260713,304
4786,4.787,21,305,11,lomps_l5d21_from_t4p482_20260713,305
4787,4.788,21,306,11,lomps_l5d21_from_t4p482_20260713,306
4788,4.789,21,307,11,lomps_l5d21_from_t4p482_20260713,307
4789,4.79,21,308,11,lomps_l5d21_from_t4p482_20260713,308
4790,4.791,21,309,11,lomps_l5d21_from_t4p482_20260713,309
4791,4.792,21,310,11,lomps_l5d21_from_t4p482_20260713,310
4792,4.793,21,311,11,lomps_l5d21_from_t4p482_20260713,311
4793,4.794,21,312,11,lomps_l5d21_from_t4p482_20260713,312
4794,4.795,21,313,11,lomps_l5d21_from_t4p482_20260713,313
4795,4.796,21,314,11,lomps_l5d21_from_t4p482_20260713,314
4796,4.797,21,315,11,lomps_l5d21_from_t4p482_20260713,315
4797,4.798,21,316,11,lomps_l5d21_from_t4p482_20260713,316
4798,4.799,21,317,11,lomps_l5d21_from_t4p482_20260713,317
4799,4.8,21,318,11,lomps_l5d21_from_t4p482_20260713,318
4800,4.801,21,319,11,lomps_l5d21_from_t4p482_20260713,319
4801,4.802,21,320,11,lomps_l5d21_from_t4p482_20260713,320
4802,4.803,21,321,11,lomps_l5d21_from_t4p482_20260713,321
4803,4.804,21,322,11,lomps_l5d21_from_t4p482_20260713,322
4804,4.805,21,323,11,lomps_l5d21_from_t4p482_20260713,323
4805,4.806,21,324,11,lomps_l5d21_from_t4p482_20260713,324
4806,4.807,21,325,11,lomps_l5d21_from_t4p482_20260713,325
4807,4.808,21,326,11,lomps_l5d21_from_t4p482_20260713,326
4808,4.809,21,327,11,lomps_l5d21_from_t4p482_20260713,327
4809,4.81,21,328,11,lomps_l5d21_from_t4p482_20260713,328
4810,4.811,21,329,11,lomps_l5d21_from_t4p482_20260713,329
4811,4.812,21,330,11,lomps_l5d21_from_t4p482_20260713,330
4812,4.813,21,331,11,lomps_l5d21_from_t4p482_20260713,331
4813,4.814,21,332,11,lomps_l5d21_from_t4p482_20260713,332
4814,4.815,21,333,11,lomps_l5d21_from_t4p482_20260713,333
4815,4.816,21,334,11,lomps_l5d21_from_t4p482_20260713,334
4816,4.817,21,335,11,lomps_l5d21_from_t4p482_20260713,335
4817,4.818,21,336,11,lomps_l5d21_from_t4p482_20260713,336
4818,4.819,21,337,11,lomps_l5d21_from_t4p482_20260713,337
4819,4.82,21,338,11,lomps_l5d21_from_t4p482_20260713,338
4820,4.821,21,339,11,lomps_l5d21_from_t4p482_20260713,339
4821,4.822,21,340,11,lomps_l5d21_from_t4p482_20260713,340
4822,4.823,21,341,11,lomps_l5d21_from_t4p482_20260713,341
4823,4.824,21,342,11,lomps_l5d21_from_t4p482_20260713,342
4824,4.825,21,343,11,lomps_l5d21_from_t4p482_20260713,343
4825,4.826,21,344,11,lomps_l5d21_from_t4p482_20260713,344
4826,4.827,21,345,11,lomps_l5d21_from_t4p482_20260713,345
4827,4.828,21,346,11,lomps_l5d21_from_t4p482_20260713,346
4828,4.829,21,347,11,lomps_l5d21_from_t4p482_20260713,347
4829,4.83,21,348,11,lomps_l5d21_from_t4p482_20260713,348
4830,4.831,21,349,11,lomps_l5d21_from_t4p482_20260713,349
4831,4.832,21,350,11,lomps_l5d21_from_t4p482_20260713,350
4832,4.833,21,351,11,lomps_l5d21_from_t4p482_20260713,351
4833,4.834,21,352,11,lomps_l5d21_from_t4p482_20260713,352
4834,4.835,21,353,11,lomps_l5d21_from_t4p482_20260713,353
4835,4.836,21,354,11,lomps_l5d21_from_t4p482_20260713,354
4836,4.837,21,355,11,lomps_l5d21_from_t4p482_20260713,355
4837,4.838,21,356,11,lomps_l5d21_from_t4p482_20260713,356
4838,4.839,21,357,11,lomps_l5d21_from_t4p482_20260713,357
4839,4.84,21,358,11,lomps_l5d21_from_t4p482_20260713,358
4840,4.841,21,359,11,lomps_l5d21_from_t4p482_20260713,359
4841,4.842,21,360,11,lomps_l5d21_from_t4p482_20260713,360
4842,4.843,21,361,11,lomps_l5d21_from_t4p482_20260713,361
4843,4.844,21,362,11,lomps_l5d21_from_t4p482_20260713,362
4844,4.845,21,363,11,lomps_l5d21_from_t4p482_20260713,363
4845,4.846,21,364,11,lomps_l5d21_from_t4p482_20260713,364
4846,4.847,21,365,11,lomps_l5d21_from_t4p482_20260713,365
4847,4.848,21,366,11,lomps_l5d21_from_t4p482_20260713,366
4848,4.849,21,367,11,lomps_l5d21_from_t4p482_20260713,367
4849,4.85,21,368,11,lomps_l5d21_from_t4p482_20260713,368
4850,4.851,21,369,11,lomps_l5d21_from_t4p482_20260713,369
4851,4.852,21,370,11,lomps_l5d21_from_t4p482_20260713,370
4852,4.853,21,371,11,lomps_l5d21_from_t4p482_20260713,371
4853,4.854,21,372,11,lomps_l5d21_from_t4p482_20260713,372
4854,4.855,21,373,11,lomps_l5d21_from_t4p482_20260713,373
4855,4.856,21,374,11,lomps_l5d21_from_t4p482_20260713,374
4856,4.857,21,375,11,lomps_l5d21_from_t4p482_20260713,375
4857,4.858,21,376,11,lomps_l5d21_from_t4p482_20260713,376
4858,4.859,21,377,11,lomps_l5d21_from_t4p482_20260713,377
4859,4.86,21,378,11,lomps_l5d21_from_t4p482_20260713,378
4860,4.861,21,379,11,lomps_l5d21_from_t4p482_20260713,379
4861,4.862,21,380,11,lomps_l5d21_from_t4p482_20260713,380
4862,4.863,21,381,11,lomps_l5d21_from_t4p482_20260713,381
4863,4.864,21,382,11,lomps_l5d21_from_t4p482_20260713,382
4864,4.865,21,383,11,lomps_l5d21_from_t4p482_20260713,383
4865,4.866,21,384,11,lomps_l5d21_from_t4p482_20260713,384
4866,4.867,21,385,11,lomps_l5d21_from_t4p482_20260713,385
4867,4.868,21,386,11,lomps_l5d21_from_t4p482_20260713,386
4868,4.869,21,387,11,lomps_l5d21_from_t4p482_20260713,387
4869,4.87,21,388,11,lomps_l5d21_from_t4p482_20260713,388
4870,4.871,21,389,11,lomps_l5d21_from_t4p482_20260713,389
4871,4.872,21,390,11,lomps_l5d21_from_t4p482_20260713,390
4872,4.873,21,391,11,lomps_l5d21_from_t4p482_20260713,391
4873,4.874,21,392,11,lomps_l5d21_from_t4p482_20260713,392
4874,4.875,21,393,11,lomps_l5d21_from_t4p482_20260713,393
4875,4.876,21,394,11,lomps_l5d21_from_t4p482_20260713,394
4876,4.877,21,395,11,lomps_l5d21_from_t4p482_20260713,395
4877,4.878,21,396,11,lomps_l5d21_from_t4p482_20260713,396
4878,4.879,21,397,11,lomps_l5d21_from_t4p482_20260713,397
4879,4.88,21,398,11,lomps_l5d21_from_t4p482_20260713,398
4880,4.881,21,399,11,lomps_l5d21_from_t4p482_20260713,399
4881,4.882,21,400,11,lomps_l5d21_from_t4p482_20260713,400
4882,4.883,21,401,11,lomps_l5d21_from_t4p482_20260713,401
4883,4.884,21,402,11,lomps_l5d21_from_t4p482_20260713,402
4884,4.885,21,403,11,lomps_l5d21_from_t4p482_20260713,403
4885,4.886,21,404,11,lomps_l5d21_from_t4p482_20260713,404
4886,4.887,21,405,11,lomps_l5d21_from_t4p482_20260713,405
4887,4.888,21,406,11,lomps_l5d21_from_t4p482_20260713,406
4888,4.889,21,407,11,lomps_l5d21_from_t4p482_20260713,407
4889,4.89,21,408,11,lomps_l5d21_from_t4p482_20260713,408
4890,4.891,21,409,11,lomps_l5d21_from_t4p482_20260713,409
4891,4.892,21,410,11,lomps_l5d21_from_t4p482_20260713,410
4892,4.893,21,411,11,lomps_l5d21_from_t4p482_20260713,411
4893,4.894,21,412,11,lomps_l5d21_from_t4p482_20260713,412
4894,4.895,21,413,11,lomps_l5d21_from_t4p482_20260713,413
4895,4.896,21,414,11,lomps_l5d21_from_t4p482_20260713,414
4896,4.897,21,415,11,lomps_l5d21_from_t4p482_20260713,415
4897,4.898,21,416,11,lomps_l5d21_from_t4p482_20260713,416
4898,4.899,21,417,11,lomps_l5d21_from_t4p482_20260713,417
4899,4.9,21,418,11,lomps_l5d21_from_t4p482_20260713,418
4900,4.901,21,419,11,lomps_l5d21_from_t4p482_20260713,419
4901,4.902,21,420,11,lomps_l5d21_from_t4p482_20260713,420
4902,4.903,21,421,11,lomps_l5d21_from_t4p482_20260713,421
4903,4.904,21,422,11,lomps_l5d21_from_t4p482_20260713,422
4904,4.905,21,423,11,lomps_l5d21_from_t4p482_20260713,423
4905,4.906,21,424,11,lomps_l5d21_from_t4p482_20260713,424
4906,4.907,21,425,11,lomps_l5d21_from_t4p482_20260713,425
4907,4.908,21,426,11,lomps_l5d21_from_t4p482_20260713,426
4908,4.909,21,427,11,lomps_l5d21_from_t4p482_20260713,427
4909,4.91,21,428,11,lomps_l5d21_from_t4p482_20260713,428
4910,4.911,21,429,11,lomps_l5d21_from_t4p482_20260713,429
4911,4.912,21,430,11,lomps_l5d21_from_t4p482_20260713,430
4912,4.913,21,431,11,lomps_l5d21_from_t4p482_20260713,431
4913,4.914,21,432,11,lomps_l5d21_from_t4p482_20260713,432
4914,4.915,21,433,11,lomps_l5d21_from_t4p482_20260713,433
4915,4.916,21,434,11,lomps_l5d21_from_t4p482_20260713,434
4916,4.917,21,435,11,lomps_l5d21_from_t4p482_20260713,435
4917,4.918,21,436,11,lomps_l5d21_from_t4p482_20260713,436
4918,4.919,21,437,11,lomps_l5d21_from_t4p482_20260713,437
4919,4.92,21,438,11,lomps_l5d21_from_t4p482_20260713,438
4920,4.921,21,439,11,lomps_l5d21_from_t4p482_20260713,439
4921,4.922,21,440,11,lomps_l5d21_from_t4p482_20260713,440
4922,4.923,21,441,11,lomps_l5d21_from_t4p482_20260713,441
4923,4.924,21,442,11,lomps_l5d21_from_t4p482_20260713,442
4924,4.925,21,443,11,lomps_l5d21_from_t4p482_20260713,443
4925,4.926,21,444,11,lomps_l5d21_from_t4p482_20260713,444
4926,4.927,21,445,11,lomps_l5d21_from_t4p482_20260713,445
4927,4.928,21,446,11,lomps_l5d21_from_t4p482_20260713,446
4928,4.929,21,447,11,lomps_l5d21_from_t4p482_20260713,447
4929,4.93,21,448,11,lomps_l5d21_from_t4p482_20260713,448
4930,4.931,21,449,11,lomps_l5d21_from_t4p482_20260713,449
4931,4.932,21,450,11,lomps_l5d21_from_t4p482_20260713,450
4932,4.933,21,451,11,lomps_l5d21_from_t4p482_20260713,451
4933,4.934,21,452,11,lomps_l5d21_from_t4p482_20260713,452
4934,4.935,21,453,11,lomps_l5d21_from_t4p482_20260713,453
4935,4.936,21,454,11,lomps_l5d21_from_t4p482_20260713,454
4936,4.937,21,455,11,lomps_l5d21_from_t4p482_20260713,455
4937,4.938,21,456,11,lomps_l5d21_from_t4p482_20260713,456
4938,4.939,21,457,11,lomps_l5d21_from_t4p482_20260713,457
4939,4.94,21,458,11,lomps_l5d21_from_t4p482_20260713,458
4940,4.941,21,459,11,lomps_l5d21_from_t4p482_20260713,459
4941,4.942,21,460,11,lomps_l5d21_from_t4p482_20260713,460
4942,4.943,21,461,11,lomps_l5d21_from_t4p482_20260713,461
4943,4.944,21,462,11,lomps_l5d21_from_t4p482_20260713,462
4944,4.945,21,463,11,lomps_l5d21_from_t4p482_20260713,463
4945,4.946,21,464,11,lomps_l5d21_from_t4p482_20260713,464
4946,4.947,21,465,11,lomps_l5d21_from_t4p482_20260713,465
4947,4.948,21,466,11,lomps_l5d21_from_t4p482_20260713,466
4948,4.949,21,467,11,lomps_l5d21_from_t4p482_20260713,467
4949,4.95,21,468,11,lomps_l5d21_from_t4p482_20260713,468
4950,4.951,21,469,11,lomps_l5d21_from_t4p482_20260713,469
4951,4.952,21,470,11,lomps_l5d21_from_t4p482_20260713,470
4952,4.953,21,471,11,lomps_l5d21_from_t4p482_20260713,471
4953,4.954,21,472,11,lomps_l5d21_from_t4p482_20260713,472
4954,4.955,21,473,11,lomps_l5d21_from_t4p482_20260713,473
4955,4.956,21,474,11,lomps_l5d21_from_t4p482_20260713,474
4956,4.957,21,475,11,lomps_l5d21_from_t4p482_20260713,475
4957,4.958,21,476,11,lomps_l5d21_from_t4p482_20260713,476
4958,4.959,21,477,11,lomps_l5d21_from_t4p482_20260713,477
4959,4.96,21,478,11,lomps_l5d21_from_t4p482_20260713,478
4960,4.961,21,479,11,lomps_l5d21_from_t4p482_20260713,479
4961,4.962,21,480,11,lomps_l5d21_from_t4p482_20260713,480
4962,4.963,21,481,11,lomps_l5d21_from_t4p482_20260713,481
4963,4.964,21,482,11,lomps_l5d21_from_t4p482_20260713,482
4964,4.965,21,483,11,lomps_l5d21_from_t4p482_20260713,483
4965,4.966,21,484,11,lomps_l5d21_from_t4p482_20260713,484
4966,4.967,21,485,11,lomps_l5d21_from_t4p482_20260713,485
4967,4.968,21,486,11,lomps_l5d21_from_t4p482_20260713,486
4968,4.969,21,487,11,lomps_l5d21_from_t4p482_20260713,487
4969,4.97,21,488,11,lomps_l5d21_from_t4p482_20260713,488
4970,4.971,21,489,11,lomps_l5d21_from_t4p482_20260713,489
4971,4.972,21,490,11,lomps_l5d21_from_t4p482_20260713,490
4972,4.973,21,491,11,lomps_l5d21_from_t4p482_20260713,491
4973,4.974,21,492,11,lomps_l5d21_from_t4p482_20260713,492
4974,4.975,21,493,11,lomps_l5d21_from_t4p482_20260713,493
4975,4.976,21,494,11,lomps_l5d21_from_t4p482_20260713,494
4976,4.977,21,495,11,lomps_l5d21_from_t4p482_20260713,495
4977,4.978,21,496,11,lomps_l5d21_from_t4p482_20260713,496
4978,4.979,21,497,11,lomps_l5d21_from_t4p482_20260713,497
4979,4.98,21,498,11,lomps_l5d21_from_t4p482_20260713,498
4980,4.981,21,499,11,lomps_l5d21_from_t4p482_20260713,499
4981,4.982,21,500,11,lomps_l5d21_from_t4p482_20260713,500
4982,4.983,21,501,11,lomps_l5d21_from_t4p482_20260713,501
4983,4.984,21,502,11,lomps_l5d21_from_t4p482_20260713,502
4984,4.985,21,503,11,lomps_l5d21_from_t4p482_20260713,503
4985,4.986,21,504,11,lomps_l5d21_from_t4p482_20260713,504
4986,4.987,21,505,11,lomps_l5d21_from_t4p482_20260713,505
4987,4.988,21,506,11,lomps_l5d21_from_t4p482_20260713,506
4988,4.989,21,507,11,lomps_l5d21_from_t4p482_20260713,507
4989,4.99,21,508,11,lomps_l5d21_from_t4p482_20260713,508
4990,4.991,21,509,11,lomps_l5d21_from_t4p482_20260713,509
4991,4.992,21,510,11,lomps_l5d21_from_t4p482_20260713,510
4992,4.993,21,511,11,lomps_l5d21_from_t4p482_20260713,511
4993,4.994,21,512,11,lomps_l5d21_from_t4p482_20260713,512
4994,4.995,21,513,11,lomps_l5d21_from_t4p482_20260713,513
4995,4.996,21,514,11,lomps_l5d21_from_t4p482_20260713,514
4996,4.997,21,515,11,lomps_l5d21_from_t4p482_20260713,515
4997,4.998,21,516,11,lomps_l5d21_from_t4p482_20260713,516
4998,4.999,21,517,11,lomps_l5d21_from_t4p482_20260713,517
4999,5,21,518,11,lomps_l5d21_from_t4p482_20260713,518
5000,5.001,21,519,11,lomps_l5d21_from_t4p482_20260713,519
5001,5.002,21,520,11,lomps_l5d21_from_t4p482_20260713,520
5002,5.003,21,521,11,lomps_l5d21_from_t4p482_20260713,521
5003,5.004,21,522,11,lomps_l5d21_from_t4p482_20260713,522
5004,5.005,21,523,11,lomps_l5d21_from_t4p482_20260713,523
5005,5.006,21,524,11,lomps_l5d21_from_t4p482_20260713,524
5006,5.007,21,525,11,lomps_l5d21_from_t4p482_20260713,525
5007,5.008,21,526,11,lomps_l5d21_from_t4p482_20260713,526
5008,5.009,21,527,11,lomps_l5d21_from_t4p482_20260713,527
5009,5.01,21,528,11,lomps_l5d21_from_t4p482_20260713,528
5010,5.011,21,529,11,lomps_l5d21_from_t4p482_20260713,529
5011,5.012,21,530,11,lomps_l5d21_from_t4p482_20260713,530
5012,5.013,21,531,11,lomps_l5d21_from_t4p482_20260713,531
5013,5.014,21,532,11,lomps_l5d21_from_t4p482_20260713,532
5014,5.015,21,533,11,lomps_l5d21_from_t4p482_20260713,533
5015,5.016,21,534,11,lomps_l5d21_from_t4p482_20260713,534
5016,5.017,21,535,11,lomps_l5d21_from_t4p482_20260713,535
5017,5.018,21,536,11,lomps_l5d21_from_t4p482_20260713,536
5018,5.019,21,537,11,lomps_l5d21_from_t4p482_20260713,537
5019,5.02,21,538,11,lomps_l5d21_from_t4p482_20260713,538
5020,5.021,21,539,11,lomps_l5d21_from_t4p482_20260713,539
5021,5.022,21,540,11,lomps_l5d21_from_t4p482_20260713,540
5022,5.023,21,541,11,lomps_l5d21_from_t4p482_20260713,541
5023,5.024,21,542,11,lomps_l5d21_from_t4p482_20260713,542
5024,5.025,21,543,11,lomps_l5d21_from_t4p482_20260713,543
5025,5.026,21,544,11,lomps_l5d21_from_t4p482_20260713,544
5026,5.027,21,545,11,lomps_l5d21_from_t4p482_20260713,545
5027,5.028,21,546,11,lomps_l5d21_from_t4p482_20260713,546
5028,5.029,21,547,11,lomps_l5d21_from_t4p482_20260713,547
5029,5.03,21,548,11,lomps_l5d21_from_t4p482_20260713,548
5030,5.031,21,549,11,lomps_l5d21_from_t4p482_20260713,549
5031,5.032,21,550,11,lomps_l5d21_from_t4p482_20260713,550
5032,5.033,21,551,11,lomps_l5d21_from_t4p482_20260713,551
5033,5.034,21,552,11,lomps_l5d21_from_t4p482_20260713,552
5034,5.035,21,553,11,lomps_l5d21_from_t4p482_20260713,553
5035,5.036,21,554,11,lomps_l5d21_from_t4p482_20260713,554
5036,5.037,21,555,11,lomps_l5d21_from_t4p482_20260713,555
5037,5.038,21,556,11,lomps_l5d21_from_t4p482_20260713,556
5038,5.039,21,557,11,lomps_l5d21_from_t4p482_20260713,557
5039,5.04,21,558,11,lomps_l5d21_from_t4p482_20260713,558
5040,5.041,21,559,11,lomps_l5d21_from_t4p482_20260713,559
5041,5.042,21,560,11,lomps_l5d21_from_t4p482_20260713,560
5042,5.043,21,561,11,lomps_l5d21_from_t4p482_20260713,561
5043,5.044,21,562,11,lomps_l5d21_from_t4p482_20260713,562
5044,5.045,21,563,11,lomps_l5d21_from_t4p482_20260713,563
5045,5.046,21,564,11,lomps_l5d21_from_t4p482_20260713,564
5046,5.047,21,565,11,lomps_l5d21_from_t4p482_20260713,565
5047,5.048,21,566,11,lomps_l5d21_from_t4p482_20260713,566
5048,5.049,21,567,11,lomps_l5d21_from_t4p482_20260713,567
5049,5.05,21,568,11,lomps_l5d21_from_t4p482_20260713,568
5050,5.051,21,569,11,lomps_l5d21_from_t4p482_20260713,569
5051,5.052,21,570,11,lomps_l5d21_from_t4p482_20260713,570
5052,5.053,21,571,11,lomps_l5d21_from_t4p482_20260713,571
5053,5.054,21,572,11,lomps_l5d21_from_t4p482_20260713,572
5054,5.055,21,573,11,lomps_l5d21_from_t4p482_20260713,573
5055,5.056,21,574,11,lomps_l5d21_from_t4p482_20260713,574
5056,5.057,21,575,11,lomps_l5d21_from_t4p482_20260713,575
5057,5.058,21,576,11,lomps_l5d21_from_t4p482_20260713,576
5058,5.059,21,577,11,lomps_l5d21_from_t4p482_20260713,577
5059,5.06,21,578,11,lomps_l5d21_from_t4p482_20260713,578
5060,5.061,21,579,11,lomps_l5d21_from_t4p482_20260713,579
5061,5.062,21,580,11,lomps_l5d21_from_t4p482_20260713,580
5062,5.063,21,581,11,lomps_l5d21_from_t4p482_20260713,581
5063,5.064,21,582,11,lomps_l5d21_from_t4p482_20260713,582
5064,5.065,21,583,11,lomps_l5d21_from_t4p482_20260713,583
5065,5.066,21,584,11,lomps_l5d21_from_t4p482_20260713,584
5066,5.067,21,585,11,lomps_l5d21_from_t4p482_20260713,585
5067,5.068,21,586,11,lomps_l5d21_from_t4p482_20260713,586
5068,5.069,21,587,11,lomps_l5d21_from_t4p482_20260713,587
5069,5.07,21,588,11,lomps_l5d21_from_t4p482_20260713,588
5070,5.071,21,589,11,lomps_l5d21_from_t4p482_20260713,589
5071,5.072,21,590,11,lomps_l5d21_from_t4p482_20260713,590
5072,5.073,21,591,11,lomps_l5d21_from_t4p482_20260713,591
5073,5.074,21,592,11,lomps_l5d21_from_t4p482_20260713,592
5074,5.075,21,593,11,lomps_l5d21_from_t4p482_20260713,593
5075,5.076,21,594,11,lomps_l5d21_from_t4p482_20260713,594
5076,5.077,21,595,11,lomps_l5d21_from_t4p482_20260713,595
5077,5.078,21,596,11,lomps_l5d21_from_t4p482_20260713,596
5078,5.079,21,597,11,lomps_l5d21_from_t4p482_20260713,597
5079,5.08,21,598,11,lomps_l5d21_from_t4p482_20260713,598
5080,5.081,21,599,11,lomps_l5d21_from_t4p482_20260713,599
5081,5.082,21,600,11,lomps_l5d21_from_t4p482_20260713,600
5082,5.083,21,601,11,lomps_l5d21_from_t4p482_20260713,601
5083,5.084,21,602,11,lomps_l5d21_from_t4p482_20260713,602
5084,5.085,21,603,11,lomps_l5d21_from_t4p482_20260713,603
5085,5.086,21,604,11,lomps_l5d21_from_t4p482_20260713,604
5086,5.087,21,605,11,lomps_l5d21_from_t4p482_20260713,605
5087,5.088,21,606,11,lomps_l5d21_from_t4p482_20260713,606
5088,5.089,21,607,11,lomps_l5d21_from_t4p482_20260713,607
5089,5.09,21,608,11,lomps_l5d21_from_t4p482_20260713,608
5090,5.091,21,609,11,lomps_l5d21_from_t4p482_20260713,609
5091,5.092,21,610,11,lomps_l5d21_from_t4p482_20260713,610
5092,5.093,21,611,11,lomps_l5d21_from_t4p482_20260713,611
5093,5.094,21,612,11,lomps_l5d21_from_t4p482_20260713,612
5094,5.095,21,613,11,lomps_l5d21_from_t4p482_20260713,613
5095,5.096,21,614,11,lomps_l5d21_from_t4p482_20260713,614
5096,5.097,21,615,11,lomps_l5d21_from_t4p482_20260713,615
5097,5.098,21,616,11,lomps_l5d21_from_t4p482_20260713,616
5098,5.099,21,617,11,lomps_l5d21_from_t4p482_20260713,617
5099,5.1,21,618,11,lomps_l5d21_from_t4p482_20260713,618
5100,5.101,21,619,11,lomps_l5d21_from_t4p482_20260713,619
5101,5.102,21,620,11,lomps_l5d21_from_t4p482_20260713,620
5102,5.103,21,621,11,lomps_l5d21_from_t4p482_20260713,621
5103,5.104,21,622,11,lomps_l5d21_from_t4p482_20260713,622
5104,5.105,21,623,11,lomps_l5d21_from_t4p482_20260713,623
5105,5.106,21,624,11,lomps_l5d21_from_t4p482_20260713,624
5106,5.107,21,625,11,lomps_l5d21_from_t4p482_20260713,625
5107,5.108,21,626,11,lomps_l5d21_from_t4p482_20260713,626
5108,5.109,21,627,11,lomps_l5d21_from_t4p482_20260713,627
5109,5.11,21,628,11,lomps_l5d21_from_t4p482_20260713,628
5110,5.111,21,629,11,lomps_l5d21_from_t4p482_20260713,629
5111,5.112,21,630,11,lomps_l5d21_from_t4p482_20260713,630
5112,5.113,21,631,11,lomps_l5d21_from_t4p482_20260713,631
5113,5.114,21,632,11,lomps_l5d21_from_t4p482_20260713,632
5114,5.115,21,633,11,lomps_l5d21_from_t4p482_20260713,633
5115,5.116,21,634,11,lomps_l5d21_from_t4p482_20260713,634
5116,5.117,21,635,11,lomps_l5d21_from_t4p482_20260713,635
5117,5.118,21,636,11,lomps_l5d21_from_t4p482_20260713,636
5118,5.119,21,637,11,lomps_l5d21_from_t4p482_20260713,637
5119,5.12,21,638,11,lomps_l5d21_from_t4p482_20260713,638
5120,5.121,21,639,11,lomps_l5d21_from_t4p482_20260713,639
5121,5.122,21,640,11,lomps_l5d21_from_t4p482_20260713,640
5122,5.123,21,641,11,lomps_l5d21_from_t4p482_20260713,641
5123,5.124,21,642,11,lomps_l5d21_from_t4p482_20260713,642
5124,5.125,21,643,11,lomps_l5d21_from_t4p482_20260713,643
5125,5.126,21,644,11,lomps_l5d21_from_t4p482_20260713,644
5126,5.127,21,645,11,lomps_l5d21_from_t4p482_20260713,645
5127,5.128,21,646,11,lomps_l5d21_from_t4p482_20260713,646
5128,5.129,21,647,11,lomps_l5d21_from_t4p482_20260713,647
5129,5.13,21,648,11,lomps_l5d21_from_t4p482_20260713,648
5130,5.131,21,649,11,lomps_l5d21_from_t4p482_20260713,649
5131,5.132,21,650,11,lomps_l5d21_from_t4p482_20260713,650
5132,5.133,21,651,11,lomps_l5d21_from_t4p482_20260713,651
5133,5.134,21,652,11,lomps_l5d21_from_t4p482_20260713,652
5134,5.135,21,653,11,lomps_l5d21_from_t4p482_20260713,653
5135,5.136,21,654,11,lomps_l5d21_from_t4p482_20260713,654
5136,5.137,21,655,11,lomps_l5d21_from_t4p482_20260713,655
5137,5.138,21,656,11,lomps_l5d21_from_t4p482_20260713,656
5138,5.139,21,657,11,lomps_l5d21_from_t4p482_20260713,657
5139,5.14,21,658,11,lomps_l5d21_from_t4p482_20260713,658
5140,5.141,21,659,11,lomps_l5d21_from_t4p482_20260713,659
5141,5.142,21,660,11,lomps_l5d21_from_t4p482_20260713,660
5142,5.143,21,661,11,lomps_l5d21_from_t4p482_20260713,661
5143,5.144,21,662,11,lomps_l5d21_from_t4p482_20260713,662
5144,5.145,21,663,11,lomps_l5d21_from_t4p482_20260713,663
5145,5.146,21,664,11,lomps_l5d21_from_t4p482_20260713,664
5146,5.147,21,665,11,lomps_l5d21_from_t4p482_20260713,665
5147,5.148,21,666,11,lomps_l5d21_from_t4p482_20260713,666
5148,5.149,21,667,11,lomps_l5d21_from_t4p482_20260713,667
5149,5.15,21,668,11,lomps_l5d21_from_t4p482_20260713,668
5150,5.151,21,669,11,lomps_l5d21_from_t4p482_20260713,669
5151,5.152,21,670,11,lomps_l5d21_from_t4p482_20260713,670
5152,5.153,21,671,11,lomps_l5d21_from_t4p482_20260713,671
5153,5.154,21,672,11,lomps_l5d21_from_t4p482_20260713,672
5154,5.155,21,673,11,lomps_l5d21_from_t4p482_20260713,673
5155,5.156,21,674,11,lomps_l5d21_from_t4p482_20260713,674
5156,5.157,21,675,11,lomps_l5d21_from_t4p482_20260713,675
5157,5.158,21,676,11,lomps_l5d21_from_t4p482_20260713,676
5158,5.159,21,677,11,lomps_l5d21_from_t4p482_20260713,677
5159,5.16,21,678,11,lomps_l5d21_from_t4p482_20260713,678
5160,5.161,21,679,11,lomps_l5d21_from_t4p482_20260713,679
5161,5.162,21,680,11,lomps_l5d21_from_t4p482_20260713,680
5162,5.163,21,681,11,lomps_l5d21_from_t4p482_20260713,681
5163,5.164,21,682,11,lomps_l5d21_from_t4p482_20260713,682
5164,5.165,21,683,11,lomps_l5d21_from_t4p482_20260713,683
5165,5.166,21,684,11,lomps_l5d21_from_t4p482_20260713,684
5166,5.167,21,685,11,lomps_l5d21_from_t4p482_20260713,685
5167,5.168,21,686,11,lomps_l5d21_from_t4p482_20260713,686
5168,5.169,21,687,11,lomps_l5d21_from_t4p482_20260713,687
5169,5.17,21,688,11,lomps_l5d21_from_t4p482_20260713,688
5170,5.171,21,689,11,lomps_l5d21_from_t4p482_20260713,689
5171,5.172,21,690,11,lomps_l5d21_from_t4p482_20260713,690
5172,5.173,21,691,11,lomps_l5d21_from_t4p482_20260713,691
5173,5.174,21,692,11,lomps_l5d21_from_t4p482_20260713,692
5174,5.175,21,693,11,lomps_l5d21_from_t4p482_20260713,693
5175,5.176,21,694,11,lomps_l5d21_from_t4p482_20260713,694
5176,5.177,21,695,11,lomps_l5d21_from_t4p482_20260713,695
5177,5.178,21,696,11,lomps_l5d21_from_t4p482_20260713,696
5178,5.179,21,697,11,lomps_l5d21_from_t4p482_20260713,697
5179,5.18,21,698,11,lomps_l5d21_from_t4p482_20260713,698
5180,5.181,21,699,11,lomps_l5d21_from_t4p482_20260713,699
5181,5.182,21,700,11,lomps_l5d21_from_t4p482_20260713,700
5182,5.183,21,701,11,lomps_l5d21_from_t4p482_20260713,701
5183,5.184,21,702,11,lomps_l5d21_from_t4p482_20260713,702
5184,5.185,21,703,11,lomps_l5d21_from_t4p482_20260713,703
5185,5.186,21,704,11,lomps_l5d21_from_t4p482_20260713,704
5186,5.187,21,705,11,lomps_l5d21_from_t4p482_20260713,705
5187,5.188,21,706,11,lomps_l5d21_from_t4p482_20260713,706
5188,5.189,21,707,11,lomps_l5d21_from_t4p482_20260713,707
5189,5.19,21,708,11,lomps_l5d21_from_t4p482_20260713,708
5190,5.191,21,709,11,lomps_l5d21_from_t4p482_20260713,709
5191,5.192,21,710,11,lomps_l5d21_from_t4p482_20260713,710
5192,5.193,21,711,11,lomps_l5d21_from_t4p482_20260713,711
5193,5.194,21,712,11,lomps_l5d21_from_t4p482_20260713,712
5194,5.195,21,713,11,lomps_l5d21_from_t4p482_20260713,713
5195,5.196,21,714,11,lomps_l5d21_from_t4p482_20260713,714
5196,5.197,21,715,11,lomps_l5d21_from_t4p482_20260713,715
5197,5.198,21,716,11,lomps_l5d21_from_t4p482_20260713,716
5198,5.199,21,717,11,lomps_l5d21_from_t4p482_20260713,717
5199,5.2,21,718,11,lomps_l5d21_from_t4p482_20260713,718
5200,5.201,21,719,11,lomps_l5d21_from_t4p482_20260713,719
5201,5.202,21,720,11,lomps_l5d21_from_t4p482_20260713,720
5202,5.203,21,721,11,lomps_l5d21_from_t4p482_20260713,721
5203,5.204,21,722,11,lomps_l5d21_from_t4p482_20260713,722
5204,5.205,21,723,11,lomps_l5d21_from_t4p482_20260713,723
5205,5.206,21,724,11,lomps_l5d21_from_t4p482_20260713,724
5206,5.207,21,725,11,lomps_l5d21_from_t4p482_20260713,725
5207,5.208,21,726,11,lomps_l5d21_from_t4p482_20260713,726
5208,5.209,21,727,11,lomps_l5d21_from_t4p482_20260713,727
5209,5.21,21,728,11,lomps_l5d21_from_t4p482_20260713,728
5210,5.211,21,729,11,lomps_l5d21_from_t4p482_20260713,729
5211,5.212,21,730,11,lomps_l5d21_from_t4p482_20260713,730
5212,5.213,21,731,11,lomps_l5d21_from_t4p482_20260713,731
5213,5.214,21,732,11,lomps_l5d21_from_t4p482_20260713,732
5214,5.215,21,733,11,lomps_l5d21_from_t4p482_20260713,733
5215,5.216,21,734,11,lomps_l5d21_from_t4p482_20260713,734
5216,5.217,21,735,11,lomps_l5d21_from_t4p482_20260713,735
5217,5.218,21,736,11,lomps_l5d21_from_t4p482_20260713,736
5218,5.219,21,737,11,lomps_l5d21_from_t4p482_20260713,737
5219,5.22,21,738,11,lomps_l5d21_from_t4p482_20260713,738
5220,5.221,21,739,11,lomps_l5d21_from_t4p482_20260713,739
5221,5.222,21,740,11,lomps_l5d21_from_t4p482_20260713,740
5222,5.223,21,741,11,lomps_l5d21_from_t4p482_20260713,741
5223,5.224,21,742,11,lomps_l5d21_from_t4p482_20260713,742
5224,5.225,21,743,11,lomps_l5d21_from_t4p482_20260713,743
5225,5.226,21,744,11,lomps_l5d21_from_t4p482_20260713,744
5226,5.227,21,745,11,lomps_l5d21_from_t4p482_20260713,745
5227,5.228,21,746,11,lomps_l5d21_from_t4p482_20260713,746
5228,5.229,21,747,11,lomps_l5d21_from_t4p482_20260713,747
5229,5.23,21,748,11,lomps_l5d21_from_t4p482_20260713,748
5230,5.231,21,749,11,lomps_l5d21_from_t4p482_20260713,749
5231,5.232,21,750,11,lomps_l5d21_from_t4p482_20260713,750
5232,5.233,21,751,11,lomps_l5d21_from_t4p482_20260713,751
5233,5.234,21,752,11,lomps_l5d21_from_t4p482_20260713,752
5234,5.235,21,753,11,lomps_l5d21_from_t4p482_20260713,753
5235,5.236,21,754,11,lomps_l5d21_from_t4p482_20260713,754
5236,5.237,21,755,11,lomps_l5d21_from_t4p482_20260713,755
5237,5.238,21,756,11,lomps_l5d21_from_t4p482_20260713,756
5238,5.239,21,757,11,lomps_l5d21_from_t4p482_20260713,757
5239,5.24,21,758,11,lomps_l5d21_from_t4p482_20260713,758
5240,5.241,21,759,11,lomps_l5d21_from_t4p482_20260713,759
5241,5.242,21,760,11,lomps_l5d21_from_t4p482_20260713,760
5242,5.243,21,761,11,lomps_l5d21_from_t4p482_20260713,761
5243,5.244,21,762,11,lomps_l5d21_from_t4p482_20260713,762
5244,5.245,21,763,11,lomps_l5d21_from_t4p482_20260713,763
5245,5.246,21,764,11,lomps_l5d21_from_t4p482_20260713,764
5246,5.247,21,765,11,lomps_l5d21_from_t4p482_20260713,765
5247,5.248,21,766,11,lomps_l5d21_from_t4p482_20260713,766
5248,5.249,21,767,11,lomps_l5d21_from_t4p482_20260713,767
5249,5.25,21,768,11,lomps_l5d21_from_t4p482_20260713,768
5250,5.251,21,769,11,lomps_l5d21_from_t4p482_20260713,769
5251,5.252,21,770,11,lomps_l5d21_from_t4p482_20260713,770
5252,5.253,21,771,11,lomps_l5d21_from_t4p482_20260713,771
5253,5.254,21,772,11,lomps_l5d21_from_t4p482_20260713,772
5254,5.255,21,773,11,lomps_l5d21_from_t4p482_20260713,773
5255,5.256,21,774,11,lomps_l5d21_from_t4p482_20260713,774
5256,5.257,21,775,11,lomps_l5d21_from_t4p482_20260713,775
5257,5.258,21,776,11,lomps_l5d21_from_t4p482_20260713,776
5258,5.259,21,777,11,lomps_l5d21_from_t4p482_20260713,777
5259,5.26,21,778,11,lomps_l5d21_from_t4p482_20260713,778
5260,5.261,21,779,11,lomps_l5d21_from_t4p482_20260713,779
5261,5.262,21,780,11,lomps_l5d21_from_t4p482_20260713,780
5262,5.263,21,781,11,lomps_l5d21_from_t4p482_20260713,781
5263,5.264,21,782,11,lomps_l5d21_from_t4p482_20260713,782
5264,5.265,21,783,11,lomps_l5d21_from_t4p482_20260713,783
5265,5.266,21,784,11,lomps_l5d21_from_t4p482_20260713,784
5266,5.267,21,785,11,lomps_l5d21_from_t4p482_20260713,785
5267,5.268,21,786,11,lomps_l5d21_from_t4p482_20260713,786
5268,5.269,21,787,11,lomps_l5d21_from_t4p482_20260713,787
5269,5.27,21,788,11,lomps_l5d21_from_t4p482_20260713,788
5270,5.271,21,789,11,lomps_l5d21_from_t4p482_20260713,789
5271,5.272,21,790,11,lomps_l5d21_from_t4p482_20260713,790
5272,5.273,21,791,11,lomps_l5d21_from_t4p482_20260713,791
5273,5.274,21,792,11,lomps_l5d21_from_t4p482_20260713,792
5274,5.275,21,793,11,lomps_l5d21_from_t4p482_20260713,793
5275,5.276,21,794,11,lomps_l5d21_from_t4p482_20260713,794
5276,5.277,21,795,11,lomps_l5d21_from_t4p482_20260713,795
5277,5.278,21,796,11,lomps_l5d21_from_t4p482_20260713,796
5278,5.279,21,797,11,lomps_l5d21_from_t4p482_20260713,797
5279,5.28,21,798,11,lomps_l5d21_from_t4p482_20260713,798
5280,5.281,21,799,11,lomps_l5d21_from_t4p482_20260713,799
5281,5.282,21,800,11,lomps_l5d21_from_t4p482_20260713,800
5282,5.283,21,801,11,lomps_l5d21_from_t4p482_20260713,801
5283,5.284,21,802,11,lomps_l5d21_from_t4p482_20260713,802
5284,5.285,21,803,11,lomps_l5d21_from_t4p482_20260713,803
5285,5.286,21,804,11,lomps_l5d21_from_t4p482_20260713,804
5286,5.287,21,805,11,lomps_l5d21_from_t4p482_20260713,805
5287,5.288,21,806,11,lomps_l5d21_from_t4p482_20260713,806
5288,5.289,21,807,11,lomps_l5d21_from_t4p482_20260713,807
5289,5.29,21,808,11,lomps_l5d21_from_t4p482_20260713,808
5290,5.291,21,809,11,lomps_l5d21_from_t4p482_20260713,809
5291,5.292,21,810,11,lomps_l5d21_from_t4p482_20260713,810
5292,5.293,21,811,11,lomps_l5d21_from_t4p482_20260713,811
5293,5.294,21,812,11,lomps_l5d21_from_t4p482_20260713,812
5294,5.295,21,813,11,lomps_l5d21_from_t4p482_20260713,813
5295,5.296,21,814,11,lomps_l5d21_from_t4p482_20260713,814
5296,5.297,21,815,11,lomps_l5d21_from_t4p482_20260713,815
5297,5.298,21,816,11,lomps_l5d21_from_t4p482_20260713,816
5298,5.299,21,817,11,lomps_l5d21_from_t4p482_20260713,817
5299,5.3,21,818,11,lomps_l5d21_from_t4p482_20260713,818
5300,5.301,21,819,11,lomps_l5d21_from_t4p482_20260713,819
5301,5.302,21,820,11,lomps_l5d21_from_t4p482_20260713,820
5302,5.303,21,821,11,lomps_l5d21_from_t4p482_20260713,821
5303,5.304,21,822,11,lomps_l5d21_from_t4p482_20260713,822
5304,5.305,21,823,11,lomps_l5d21_from_t4p482_20260713,823
5305,5.306,21,824,11,lomps_l5d21_from_t4p482_20260713,824
5306,5.307,21,825,11,lomps_l5d21_from_t4p482_20260713,825
5307,5.308,21,826,11,lomps_l5d21_from_t4p482_20260713,826
5308,5.309,21,827,11,lomps_l5d21_from_t4p482_20260713,827
5309,5.31,21,828,11,lomps_l5d21_from_t4p482_20260713,828
5310,5.311,21,829,11,lomps_l5d21_from_t4p482_20260713,829
5311,5.312,21,830,11,lomps_l5d21_from_t4p482_20260713,830
5312,5.313,21,831,11,lomps_l5d21_from_t4p482_20260713,831
5313,5.314,21,832,11,lomps_l5d21_from_t4p482_20260713,832
5314,5.315,21,833,11,lomps_l5d21_from_t4p482_20260713,833
5315,5.316,21,834,11,lomps_l5d21_from_t4p482_20260713,834
5316,5.317,21,835,11,lomps_l5d21_from_t4p482_20260713,835
5317,5.318,21,836,11,lomps_l5d21_from_t4p482_20260713,836
5318,5.319,21,837,11,lomps_l5d21_from_t4p482_20260713,837
5319,5.32,21,838,11,lomps_l5d21_from_t4p482_20260713,838
5320,5.321,21,839,11,lomps_l5d21_from_t4p482_20260713,839
5321,5.322,21,840,11,lomps_l5d21_from_t4p482_20260713,840
5322,5.323,21,841,11,lomps_l5d21_from_t4p482_20260713,841
5323,5.324,21,842,11,lomps_l5d21_from_t4p482_20260713,842
5324,5.325,21,843,11,lomps_l5d21_from_t4p482_20260713,843
5325,5.326,21,844,11,lomps_l5d21_from_t4p482_20260713,844
5326,5.327,21,845,11,lomps_l5d21_from_t4p482_20260713,845
5327,5.328,21,846,11,lomps_l5d21_from_t4p482_20260713,846
5328,5.329,21,847,11,lomps_l5d21_from_t4p482_20260713,847
5329,5.33,21,848,11,lomps_l5d21_from_t4p482_20260713,848
5330,5.331,21,849,11,lomps_l5d21_from_t4p482_20260713,849
5331,5.332,21,850,11,lomps_l5d21_from_t4p482_20260713,850
5332,5.333,21,851,11,lomps_l5d21_from_t4p482_20260713,851
5333,5.334,21,852,11,lomps_l5d21_from_t4p482_20260713,852
5334,5.335,21,853,11,lomps_l5d21_from_t4p482_20260713,853
5335,5.336,21,854,11,lomps_l5d21_from_t4p482_20260713,854
5336,5.337,21,855,11,lomps_l5d21_from_t4p482_20260713,855
5337,5.338,21,856,11,lomps_l5d21_from_t4p482_20260713,856
5338,5.339,21,857,11,lomps_l5d21_from_t4p482_20260713,857
5339,5.34,21,858,11,lomps_l5d21_from_t4p482_20260713,858
5340,5.341,21,859,11,lomps_l5d21_from_t4p482_20260713,859
5341,5.342,21,860,11,lomps_l5d21_from_t4p482_20260713,860
5342,5.343,21,861,11,lomps_l5d21_from_t4p482_20260713,861
5343,5.344,21,862,11,lomps_l5d21_from_t4p482_20260713,862
5344,5.345,21,863,11,lomps_l5d21_from_t4p482_20260713,863
5345,5.346,21,864,11,lomps_l5d21_from_t4p482_20260713,864
5346,5.347,21,865,11,lomps_l5d21_from_t4p482_20260713,865
5347,5.348,21,866,11,lomps_l5d21_from_t4p482_20260713,866
5348,5.349,21,867,11,lomps_l5d21_from_t4p482_20260713,867
5349,5.35,21,868,11,lomps_l5d21_from_t4p482_20260713,868
5350,5.351,21,869,11,lomps_l5d21_from_t4p482_20260713,869
5351,5.352,21,870,11,lomps_l5d21_from_t4p482_20260713,870
5352,5.353,21,871,11,lomps_l5d21_from_t4p482_20260713,871
5353,5.354,21,872,11,lomps_l5d21_from_t4p482_20260713,872
5354,5.355,21,873,11,lomps_l5d21_from_t4p482_20260713,873
5355,5.356,21,874,11,lomps_l5d21_from_t4p482_20260713,874
5356,5.357,21,875,11,lomps_l5d21_from_t4p482_20260713,875
5357,5.358,21,876,11,lomps_l5d21_from_t4p482_20260713,876
5358,5.359,21,877,11,lomps_l5d21_from_t4p482_20260713,877
5359,5.36,21,878,11,lomps_l5d21_from_t4p482_20260713,878
5360,5.361,21,879,11,lomps_l5d21_from_t4p482_20260713,879
5361,5.362,21,880,11,lomps_l5d21_from_t4p482_20260713,880
5362,5.363,21,881,11,lomps_l5d21_from_t4p482_20260713,881
5363,5.364,21,882,11,lomps_l5d21_from_t4p482_20260713,882
5364,5.365,21,883,11,lomps_l5d21_from_t4p482_20260713,883
5365,5.366,21,884,11,lomps_l5d21_from_t4p482_20260713,884
5366,5.367,21,885,11,lomps_l5d21_from_t4p482_20260713,885
5367,5.368,21,886,11,lomps_l5d21_from_t4p482_20260713,886
5368,5.369,21,887,11,lomps_l5d21_from_t4p482_20260713,887
5369,5.37,21,888,11,lomps_l5d21_from_t4p482_20260713,888
5370,5.371,21,889,11,lomps_l5d21_from_t4p482_20260713,889
5371,5.372,21,890,11,lomps_l5d21_from_t4p482_20260713,890
5372,5.373,21,891,11,lomps_l5d21_from_t4p482_20260713,891
5373,5.374,21,892,11,lomps_l5d21_from_t4p482_20260713,892
5374,5.375,21,893,11,lomps_l5d21_from_t4p482_20260713,893
5375,5.376,21,894,11,lomps_l5d21_from_t4p482_20260713,894
5376,5.377,21,895,11,lomps_l5d21_from_t4p482_20260713,895
5377,5.378,21,896,11,lomps_l5d21_from_t4p482_20260713,896
5378,5.379,21,897,11,lomps_l5d21_from_t4p482_20260713,897
5379,5.38,21,898,11,lomps_l5d21_from_t4p482_20260713,898
5380,5.381,21,899,11,lomps_l5d21_from_t4p482_20260713,899
5381,5.382,21,900,11,lomps_l5d21_from_t4p482_20260713,900
5382,5.383,21,901,11,lomps_l5d21_from_t4p482_20260713,901
5383,5.384,21,902,11,lomps_l5d21_from_t4p482_20260713,902
5384,5.385,21,903,11,lomps_l5d21_from_t4p482_20260713,903
5385,5.386,21,904,11,lomps_l5d21_from_t4p482_20260713,904
5386,5.387,21,905,11,lomps_l5d21_from_t4p482_20260713,905
5387,5.388,21,906,11,lomps_l5d21_from_t4p482_20260713,906
5388,5.389,21,907,11,lomps_l5d21_from_t4p482_20260713,907
5389,5.39,21,908,11,lomps_l5d21_from_t4p482_20260713,908
5390,5.391,21,909,11,lomps_l5d21_from_t4p482_20260713,909
5391,5.392,21,910,11,lomps_l5d21_from_t4p482_20260713,910
5392,5.393,21,911,11,lomps_l5d21_from_t4p482_20260713,911
5393,5.394,21,912,11,lomps_l5d21_from_t4p482_20260713,912
5394,5.395,21,913,11,lomps_l5d21_from_t4p482_20260713,913
5395,5.396,21,914,11,lomps_l5d21_from_t4p482_20260713,914
5396,5.397,21,915,11,lomps_l5d21_from_t4p482_20260713,915
5397,5.398,21,916,11,lomps_l5d21_from_t4p482_20260713,916
5398,5.399,21,917,11,lomps_l5d21_from_t4p482_20260713,917
5399,5.4,21,918,11,lomps_l5d21_from_t4p482_20260713,918
5400,5.401,21,919,11,lomps_l5d21_from_t4p482_20260713,919
5401,5.402,21,920,11,lomps_l5d21_from_t4p482_20260713,920
5402,5.403,21,921,11,lomps_l5d21_from_t4p482_20260713,921
5403,5.404,21,922,11,lomps_l5d21_from_t4p482_20260713,922
5404,5.405,21,923,11,lomps_l5d21_from_t4p482_20260713,923
5405,5.406,21,924,11,lomps_l5d21_from_t4p482_20260713,924
5406,5.407,21,925,11,lomps_l5d21_from_t4p482_20260713,925
5407,5.408,21,926,11,lomps_l5d21_from_t4p482_20260713,926
5408,5.409,21,927,11,lomps_l5d21_from_t4p482_20260713,927
5409,5.41,21,928,11,lomps_l5d21_from_t4p482_20260713,928
5410,5.411,21,929,11,lomps_l5d21_from_t4p482_20260713,929
5411,5.412,21,930,11,lomps_l5d21_from_t4p482_20260713,930
5412,5.413,21,931,11,lomps_l5d21_from_t4p482_20260713,931
5413,5.414,21,932,11,lomps_l5d21_from_t4p482_20260713,932
5414,5.415,21,933,11,lomps_l5d21_from_t4p482_20260713,933
5415,5.416,21,934,11,lomps_l5d21_from_t4p482_20260713,934
5416,5.417,21,935,11,lomps_l5d21_from_t4p482_20260713,935
5417,5.418,21,936,11,lomps_l5d21_from_t4p482_20260713,936
5418,5.419,21,937,11,lomps_l5d21_from_t4p482_20260713,937
5419,5.42,21,938,11,lomps_l5d21_from_t4p482_20260713,938
5420,5.421,21,939,11,lomps_l5d21_from_t4p482_20260713,939
5421,5.422,21,940,11,lomps_l5d21_from_t4p482_20260713,940
5422,5.423,21,941,11,lomps_l5d21_from_t4p482_20260713,941
5423,5.424,21,942,11,lomps_l5d21_from_t4p482_20260713,942
5424,5.425,21,943,11,lomps_l5d21_from_t4p482_20260713,943
5425,5.426,21,944,11,lomps_l5d21_from_t4p482_20260713,944
5426,5.427,21,945,11,lomps_l5d21_from_t4p482_20260713,945
5427,5.428,21,946,11,lomps_l5d21_from_t4p482_20260713,946
5428,5.429,21,947,11,lomps_l5d21_from_t4p482_20260713,947
5429,5.43,21,948,11,lomps_l5d21_from_t4p482_20260713,948
5430,5.431,21,949,11,lomps_l5d21_from_t4p482_20260713,949
5431,5.432,21,950,11,lomps_l5d21_from_t4p482_20260713,950
5432,5.433,21,951,11,lomps_l5d21_from_t4p482_20260713,951
5433,5.434,21,952,11,lomps_l5d21_from_t4p482_20260713,952
5434,5.435,21,953,11,lomps_l5d21_from_t4p482_20260713,953
5435,5.436,21,954,11,lomps_l5d21_from_t4p482_20260713,954
5436,5.437,21,955,11,lomps_l5d21_from_t4p482_20260713,955
5437,5.438,21,956,11,lomps_l5d21_from_t4p482_20260713,956
5438,5.439,21,957,11,lomps_l5d21_from_t4p482_20260713,957
5439,5.44,21,958,11,lomps_l5d21_from_t4p482_20260713,958
5440,5.441,21,959,11,lomps_l5d21_from_t4p482_20260713,959
5441,5.442,21,960,11,lomps_l5d21_from_t4p482_20260713,960
5442,5.443,21,961,11,lomps_l5d21_from_t4p482_20260713,961
5443,5.444,21,962,11,lomps_l5d21_from_t4p482_20260713,962
5444,5.445,21,963,11,lomps_l5d21_from_t4p482_20260713,963
5445,5.446,21,964,11,lomps_l5d21_from_t4p482_20260713,964
5446,5.447,21,965,11,lomps_l5d21_from_t4p482_20260713,965
5447,5.448,21,966,11,lomps_l5d21_from_t4p482_20260713,966
5448,5.449,21,967,11,lomps_l5d21_from_t4p482_20260713,967
5449,5.45,21,968,11,lomps_l5d21_from_t4p482_20260713,968
5450,5.451,21,969,11,lomps_l5d21_from_t4p482_20260713,969
5451,5.452,21,970,11,lomps_l5d21_from_t4p482_20260713,970
5452,5.453,21,971,11,lomps_l5d21_from_t4p482_20260713,971
5453,5.454,21,972,11,lomps_l5d21_from_t4p482_20260713,972
5454,5.455,21,973,11,lomps_l5d21_from_t4p482_20260713,973
5455,5.456,21,974,11,lomps_l5d21_from_t4p482_20260713,974
5456,5.457,21,975,11,lomps_l5d21_from_t4p482_20260713,975
5457,5.458,21,976,11,lomps_l5d21_from_t4p482_20260713,976
5458,5.459,21,977,11,lomps_l5d21_from_t4p482_20260713,977
5459,5.46,21,978,11,lomps_l5d21_from_t4p482_20260713,978
5460,5.461,21,979,11,lomps_l5d21_from_t4p482_20260713,979
5461,5.462,21,980,11,lomps_l5d21_from_t4p482_20260713,980
5462,5.463,21,981,11,lomps_l5d21_from_t4p482_20260713,981
5463,5.464,21,982,11,lomps_l5d21_from_t4p482_20260713,982
5464,5.465,21,983,11,lomps_l5d21_from_t4p482_20260713,983
5465,5.466,21,984,11,lomps_l5d21_from_t4p482_20260713,984
5466,5.467,21,985,11,lomps_l5d21_from_t4p482_20260713,985
5467,5.468,21,986,11,lomps_l5d21_from_t4p482_20260713,986
5468,5.469,21,987,11,lomps_l5d21_from_t4p482_20260713,987
5469,5.47,21,988,11,lomps_l5d21_from_t4p482_20260713,988
5470,5.471,21,989,11,lomps_l5d21_from_t4p482_20260713,989
5471,5.472,21,990,11,lomps_l5d21_from_t4p482_20260713,990
5472,5.473,21,991,11,lomps_l5d21_from_t4p482_20260713,991
5473,5.474,21,992,11,lomps_l5d21_from_t4p482_20260713,992
5474,5.475,21,993,11,lomps_l5d21_from_t4p482_20260713,993
5475,5.476,21,994,11,lomps_l5d21_from_t4p482_20260713,994
5476,5.477,21,995,11,lomps_l5d21_from_t4p482_20260713,995
5477,5.478,21,996,11,lomps_l5d21_from_t4p482_20260713,996
5478,5.479,21,997,11,lomps_l5d21_from_t4p482_20260713,997
5479,5.48,21,998,11,lomps_l5d21_from_t4p482_20260713,998
5480,5.481,21,999,11,lomps_l5d21_from_t4p482_20260713,999
5481,5.482,21,1000,11,lomps_l5d21_from_t4p482_20260713,1000
5482,5.483,21,1001,11,lomps_l5d21_from_t4p482_20260713,1001
5483,5.484,21,1002,11,lomps_l5d21_from_t4p482_20260713,1002
5484,5.485,21,1003,11,lomps_l5d21_from_t4p482_20260713,1003
5485,5.486,21,1004,11,lomps_l5d21_from_t4p482_20260713,1004
5486,5.487,21,1005,11,lomps_l5d21_from_t4p482_20260713,1005
5487,5.488,21,1006,11,lomps_l5d21_from_t4p482_20260713,1006
5488,5.489,21,1007,11,lomps_l5d21_from_t4p482_20260713,1007
5489,5.49,21,1008,11,lomps_l5d21_from_t4p482_20260713,1008
5490,5.491,21,1009,11,lomps_l5d21_from_t4p482_20260713,1009
5491,5.492,21,1010,11,lomps_l5d21_from_t4p482_20260713,1010
5492,5.493,21,1011,11,lomps_l5d21_from_t4p482_20260713,1011
5493,5.494,21,1012,11,lomps_l5d21_from_t4p482_20260713,1012
5494,5.495,21,1013,11,lomps_l5d21_from_t4p482_20260713,1013
5495,5.496,21,1014,11,lomps_l5d21_from_t4p482_20260713,1014
5496,5.497,21,1015,11,lomps_l5d21_from_t4p482_20260713,1015
5497,5.498,21,1016,11,lomps_l5d21_from_t4p482_20260713,1016
5498,5.499,21,1017,11,lomps_l5d21_from_t4p482_20260713,1017
5499,5.5,21,1018,11,lomps_l5d21_from_t4p482_20260713,1018
5500,5.501,21,1019,11,lomps_l5d21_from_t4p482_20260713,1019
5501,5.502,21,1020,11,lomps_l5d21_from_t4p482_20260713,1020
5502,5.503,21,1021,11,lomps_l5d21_from_t4p482_20260713,1021
5503,5.504,21,1022,11,lomps_l5d21_from_t4p482_20260713,1022
5504,5.505,21,1023,11,lomps_l5d21_from_t4p482_20260713,1023
5505,5.506,21,1024,11,lomps_l5d21_from_t4p482_20260713,1024
5506,5.507,21,1025,11,lomps_l5d21_from_t4p482_20260713,1025
5507,5.508,21,1026,11,lomps_l5d21_from_t4p482_20260713,1026
5508,5.509,21,1027,11,lomps_l5d21_from_t4p482_20260713,1027
5509,5.51,21,1028,11,lomps_l5d21_from_t4p482_20260713,1028
5510,5.511,21,1029,11,lomps_l5d21_from_t4p482_20260713,1029
5511,5.512,21,1030,11,lomps_l5d21_from_t4p482_20260713,1030
5512,5.513,21,1031,11,lomps_l5d21_from_t4p482_20260713,1031
5513,5.514,21,1032,11,lomps_l5d21_from_t4p482_20260713,1032
5514,5.515,21,1033,11,lomps_l5d21_from_t4p482_20260713,1033
5515,5.516,21,1034,11,lomps_l5d21_from_t4p482_20260713,1034
5516,5.517,21,1035,11,lomps_l5d21_from_t4p482_20260713,1035
5517,5.518,21,1036,11,lomps_l5d21_from_t4p482_20260713,1036
5518,5.519,21,1037,11,lomps_l5d21_from_t4p482_20260713,1037
5519,5.52,21,1038,11,lomps_l5d21_from_t4p482_20260713,1038
5520,5.521,21,1039,11,lomps_l5d21_from_t4p482_20260713,1039
5521,5.522,21,1040,11,lomps_l5d21_from_t4p482_20260713,1040
5522,5.523,21,1041,11,lomps_l5d21_from_t4p482_20260713,1041
5523,5.524,21,1042,11,lomps_l5d21_from_t4p482_20260713,1042
5524,5.525,21,1043,11,lomps_l5d21_from_t4p482_20260713,1043
5525,5.526,21,1044,11,lomps_l5d21_from_t4p482_20260713,1044
5526,5.527,21,1045,11,lomps_l5d21_from_t4p482_20260713,1045
5527,5.528,21,1046,11,lomps_l5d21_from_t4p482_20260713,1046
5528,5.529,21,1047,11,lomps_l5d21_from_t4p482_20260713,1047
5529,5.53,21,1048,11,lomps_l5d21_from_t4p482_20260713,1048
5530,5.531,21,1049,11,lomps_l5d21_from_t4p482_20260713,1049
5531,5.532,21,1050,11,lomps_l5d21_from_t4p482_20260713,1050
5532,5.533,21,1051,11,lomps_l5d21_from_t4p482_20260713,1051
5533,5.534,21,1052,11,lomps_l5d21_from_t4p482_20260713,1052
5534,5.535,21,1053,11,lomps_l5d21_from_t4p482_20260713,1053
5535,5.536,21,1054,11,lomps_l5d21_from_t4p482_20260713,1054
5536,5.537,21,1055,11,lomps_l5d21_from_t4p482_20260713,1055
5537,5.538,21,1056,11,lomps_l5d21_from_t4p482_20260713,1056
5538,5.539,21,1057,11,lomps_l5d21_from_t4p482_20260713,1057
5539,5.54,21,1058,11,lomps_l5d21_from_t4p482_20260713,1058
5540,5.541,21,1059,11,lomps_l5d21_from_t4p482_20260713,1059
5541,5.542,21,1060,11,lomps_l5d21_from_t4p482_20260713,1060
5542,5.543,21,1061,11,lomps_l5d21_from_t4p482_20260713,1061
5543,5.544,21,1062,11,lomps_l5d21_from_t4p482_20260713,1062
5544,5.545,21,1063,11,lomps_l5d21_from_t4p482_20260713,1063
5545,5.546,21,1064,11,lomps_l5d21_from_t4p482_20260713,1064
5546,5.547,21,1065,11,lomps_l5d21_from_t4p482_20260713,1065
5547,5.548,21,1066,11,lomps_l5d21_from_t4p482_20260713,1066
5548,5.549,21,1067,11,lomps_l5d21_from_t4p482_20260713,1067
5549,5.55,21,1068,11,lomps_l5d21_from_t4p482_20260713,1068
5550,5.551,21,1069,11,lomps_l5d21_from_t4p482_20260713,1069
5551,5.552,21,1070,11,lomps_l5d21_from_t4p482_20260713,1070
5552,5.553,21,1071,11,lomps_l5d21_from_t4p482_20260713,1071
5553,5.554,21,1072,11,lomps_l5d21_from_t4p482_20260713,1072
5554,5.555,21,1073,11,lomps_l5d21_from_t4p482_20260713,1073
5555,5.556,21,1074,11,lomps_l5d21_from_t4p482_20260713,1074
5556,5.557,21,1075,11,lomps_l5d21_from_t4p482_20260713,1075
5557,5.558,21,1076,11,lomps_l5d21_from_t4p482_20260713,1076
5558,5.559,21,1077,11,lomps_l5d21_from_t4p482_20260713,1077
5559,5.56,21,1078,11,lomps_l5d21_from_t4p482_20260713,1078
5560,5.561,21,1079,11,lomps_l5d21_from_t4p482_20260713,1079
5561,5.562,21,1080,11,lomps_l5d21_from_t4p482_20260713,1080
5562,5.563,21,1081,11,lomps_l5d21_from_t4p482_20260713,1081
5563,5.564,21,1082,11,lomps_l5d21_from_t4p482_20260713,1082
5564,5.565,21,1083,11,lomps_l5d21_from_t4p482_20260713,1083
5565,5.566,21,1084,11,lomps_l5d21_from_t4p482_20260713,1084
5566,5.567,21,1085,11,lomps_l5d21_from_t4p482_20260713,1085
5567,5.568,21,1086,11,lomps_l5d21_from_t4p482_20260713,1086
5568,5.569,21,1087,11,lomps_l5d21_from_t4p482_20260713,1087
5569,5.57,21,1088,11,lomps_l5d21_from_t4p482_20260713,1088
5570,5.571,21,1089,11,lomps_l5d21_from_t4p482_20260713,1089
5571,5.572,21,1090,11,lomps_l5d21_from_t4p482_20260713,1090
5572,5.573,21,1091,11,lomps_l5d21_from_t4p482_20260713,1091
5573,5.574,21,1092,11,lomps_l5d21_from_t4p482_20260713,1092
5574,5.575,21,1093,11,lomps_l5d21_from_t4p482_20260713,1093
5575,5.576,21,1094,11,lomps_l5d21_from_t4p482_20260713,1094
5576,5.577,21,1095,11,lomps_l5d21_from_t4p482_20260713,1095
5577,5.578,21,1096,11,lomps_l5d21_from_t4p482_20260713,1096
5578,5.579,21,1097,11,lomps_l5d21_from_t4p482_20260713,1097
5579,5.58,21,1098,11,lomps_l5d21_from_t4p482_20260713,1098
5580,5.581,21,1099,11,lomps_l5d21_from_t4p482_20260713,1099
5581,5.582,21,1100,11,lomps_l5d21_from_t4p482_20260713,1100
5582,5.583,21,1101,11,lomps_l5d21_from_t4p482_20260713,1101
5583,5.584,21,1102,11,lomps_l5d21_from_t4p482_20260713,1102
5584,5.585,21,1103,11,lomps_l5d21_from_t4p482_20260713,1103
5585,5.586,21,1104,11,lomps_l5d21_from_t4p482_20260713,1104
5586,5.587,21,1105,11,lomps_l5d21_from_t4p482_20260713,1105
5587,5.588,21,1106,11,lomps_l5d21_from_t4p482_20260713,1106
5588,5.589,21,1107,11,lomps_l5d21_from_t4p482_20260713,1107
5589,5.59,21,1108,11,lomps_l5d21_from_t4p482_20260713,1108
5590,5.591,21,1109,11,lomps_l5d21_from_t4p482_20260713,1109
5591,5.592,21,1110,11,lomps_l5d21_from_t4p482_20260713,1110
5592,5.593,21,1111,11,lomps_l5d21_from_t4p482_20260713,1111
5593,5.594,21,1112,11,lomps_l5d21_from_t4p482_20260713,1112
5594,5.595,21,1113,11,lomps_l5d21_from_t4p482_20260713,1113
5595,5.596,21,1114,11,lomps_l5d21_from_t4p482_20260713,1114
5596,5.597,21,1115,11,lomps_l5d21_from_t4p482_20260713,1115
5597,5.598,21,1116,11,lomps_l5d21_from_t4p482_20260713,1116
5598,5.599,21,1117,11,lomps_l5d21_from_t4p482_20260713,1117
5599,5.6,21,1118,11,lomps_l5d21_from_t4p482_20260713,1118
5600,5.601,21,1119,11,lomps_l5d21_from_t4p482_20260713,1119
5601,5.602,21,1120,11,lomps_l5d21_from_t4p482_20260713,1120
5602,5.603,21,1121,11,lomps_l5d21_from_t4p482_20260713,1121
5603,5.604,21,1122,11,lomps_l5d21_from_t4p482_20260713,1122
5604,5.605,21,1123,11,lomps_l5d21_from_t4p482_20260713,1123
5605,5.606,21,1124,11,lomps_l5d21_from_t4p482_20260713,1124
5606,5.607,21,1125,11,lomps_l5d21_from_t4p482_20260713,1125
5607,5.608,21,1126,11,lomps_l5d21_from_t4p482_20260713,1126
5608,5.609,21,1127,11,lomps_l5d21_from_t4p482_20260713,1127
5609,5.61,21,1128,11,lomps_l5d21_from_t4p482_20260713,1128
5610,5.611,21,1129,11,lomps_l5d21_from_t4p482_20260713,1129
5611,5.612,21,1130,11,lomps_l5d21_from_t4p482_20260713,1130
5612,5.613,21,1131,11,lomps_l5d21_from_t4p482_20260713,1131
5613,5.614,21,1132,11,lomps_l5d21_from_t4p482_20260713,1132
5614,5.615,21,1133,11,lomps_l5d21_from_t4p482_20260713,1133
5615,5.616,21,1134,11,lomps_l5d21_from_t4p482_20260713,1134
5616,5.617,21,1135,11,lomps_l5d21_from_t4p482_20260713,1135
5617,5.618,21,1136,11,lomps_l5d21_from_t4p482_20260713,1136
5618,5.619,21,1137,11,lomps_l5d21_from_t4p482_20260713,1137
5619,5.62,21,1138,11,lomps_l5d21_from_t4p482_20260713,1138
5620,5.621,21,1139,11,lomps_l5d21_from_t4p482_20260713,1139
5621,5.622,21,1140,11,lomps_l5d21_from_t4p482_20260713,1140
5622,5.623,21,1141,11,lomps_l5d21_from_t4p482_20260713,1141
5623,5.624,21,1142,11,lomps_l5d21_from_t4p482_20260713,1142
5624,5.625,21,1143,11,lomps_l5d21_from_t4p482_20260713,1143
5625,5.626,21,1144,11,lomps_l5d21_from_t4p482_20260713,1144
5626,5.627,21,1145,11,lomps_l5d21_from_t4p482_20260713,1145
5627,5.628,21,1146,11,lomps_l5d21_from_t4p482_20260713,1146
5628,5.629,21,1147,11,lomps_l5d21_from_t4p482_20260713,1147
5629,5.63,21,1148,11,lomps_l5d21_from_t4p482_20260713,1148
5630,5.631,21,1149,11,lomps_l5d21_from_t4p482_20260713,1149
5631,5.632,21,1150,11,lomps_l5d21_from_t4p482_20260713,1150
5632,5.633,21,1151,11,lomps_l5d21_from_t4p482_20260713,1151
5633,5.634,21,1152,11,lomps_l5d21_from_t4p482_20260713,1152
5634,5.635,21,1153,11,lomps_l5d21_from_t4p482_20260713,1153
5635,5.636,21,1154,11,lomps_l5d21_from_t4p482_20260713,1154
5636,5.637,21,1155,11,lomps_l5d21_from_t4p482_20260713,1155
5637,5.638,21,1156,11,lomps_l5d21_from_t4p482_20260713,1156
5638,5.639,21,1157,11,lomps_l5d21_from_t4p482_20260713,1157
5639,5.64,21,1158,11,lomps_l5d21_from_t4p482_20260713,1158
5640,5.641,21,1159,11,lomps_l5d21_from_t4p482_20260713,1159
5641,5.642,21,1160,11,lomps_l5d21_from_t4p482_20260713,1160
5642,5.643,21,1161,11,lomps_l5d21_from_t4p482_20260713,1161
5643,5.644,21,1162,11,lomps_l5d21_from_t4p482_20260713,1162
5644,5.645,21,1163,11,lomps_l5d21_from_t4p482_20260713,1163
5645,5.646,21,1164,11,lomps_l5d21_from_t4p482_20260713,1164
5646,5.647,21,1165,11,lomps_l5d21_from_t4p482_20260713,1165
5647,5.648,21,1166,11,lomps_l5d21_from_t4p482_20260713,1166
5648,5.649,21,1167,11,lomps_l5d21_from_t4p482_20260713,1167
5649,5.65,21,1168,11,lomps_l5d21_from_t4p482_20260713,1168
5650,5.651,21,1169,11,lomps_l5d21_from_t4p482_20260713,1169
5651,5.652,21,1170,11,lomps_l5d21_from_t4p482_20260713,1170
5652,5.653,21,1171,11,lomps_l5d21_from_t4p482_20260713,1171
5653,5.654,21,1172,11,lomps_l5d21_from_t4p482_20260713,1172
5654,5.655,21,1173,11,lomps_l5d21_from_t4p482_20260713,1173
5655,5.656,21,1174,11,lomps_l5d21_from_t4p482_20260713,1174
5656,5.657,21,1175,11,lomps_l5d21_from_t4p482_20260713,1175
5657,5.658,21,1176,11,lomps_l5d21_from_t4p482_20260713,1176
5658,5.659,21,1177,11,lomps_l5d21_from_t4p482_20260713,1177
5659,5.66,21,1178,11,lomps_l5d21_from_t4p482_20260713,1178
5660,5.661,21,1179,11,lomps_l5d21_from_t4p482_20260713,1179
5661,5.662,21,1180,11,lomps_l5d21_from_t4p482_20260713,1180
5662,5.663,21,1181,11,lomps_l5d21_from_t4p482_20260713,1181
5663,5.664,21,1182,11,lomps_l5d21_from_t4p482_20260713,1182
5664,5.665,21,1183,11,lomps_l5d21_from_t4p482_20260713,1183
5665,5.666,21,1184,11,lomps_l5d21_from_t4p482_20260713,1184
5666,5.667,21,1185,11,lomps_l5d21_from_t4p482_20260713,1185
5667,5.668,21,1186,11,lomps_l5d21_from_t4p482_20260713,1186
5668,5.669,21,1187,11,lomps_l5d21_from_t4p482_20260713,1187
5669,5.67,21,1188,11,lomps_l5d21_from_t4p482_20260713,1188
5670,5.671,21,1189,11,lomps_l5d21_from_t4p482_20260713,1189
5671,5.672,21,1190,11,lomps_l5d21_from_t4p482_20260713,1190
5672,5.673,21,1191,11,lomps_l5d21_from_t4p482_20260713,1191
5673,5.674,21,1192,11,lomps_l5d21_from_t4p482_20260713,1192
5674,5.675,21,1193,11,lomps_l5d21_from_t4p482_20260713,1193
5675,5.676,21,1194,11,lomps_l5d21_from_t4p482_20260713,1194
5676,5.677,21,1195,11,lomps_l5d21_from_t4p482_20260713,1195
5677,5.678,21,1196,11,lomps_l5d21_from_t4p482_20260713,1196
5678,5.679,21,1197,11,lomps_l5d21_from_t4p482_20260713,1197
5679,5.68,21,1198,11,lomps_l5d21_from_t4p482_20260713,1198
5680,5.681,21,1199,11,lomps_l5d21_from_t4p482_20260713,1199
5681,5.682,21,1200,11,lomps_l5d21_from_t4p482_20260713,1200
5682,5.683,21,1201,11,lomps_l5d21_from_t4p482_20260713,1201
5683,5.684,21,1202,11,lomps_l5d21_from_t4p482_20260713,1202
5684,5.685,21,1203,11,lomps_l5d21_from_t4p482_20260713,1203
5685,5.686,21,1204,11,lomps_l5d21_from_t4p482_20260713,1204
5686,5.687,21,1205,11,lomps_l5d21_from_t4p482_20260713,1205
5687,5.688,21,1206,11,lomps_l5d21_from_t4p482_20260713,1206
5688,5.689,21,1207,11,lomps_l5d21_from_t4p482_20260713,1207
5689,5.69,21,1208,11,lomps_l5d21_from_t4p482_20260713,1208
5690,5.691,21,1209,11,lomps_l5d21_from_t4p482_20260713,1209
5691,5.692,21,1210,11,lomps_l5d21_from_t4p482_20260713,1210
5692,5.693,21,1211,11,lomps_l5d21_from_t4p482_20260713,1211
5693,5.694,21,1212,11,lomps_l5d21_from_t4p482_20260713,1212
5694,5.695,21,1213,11,lomps_l5d21_from_t4p482_20260713,1213
5695,5.696,21,1214,11,lomps_l5d21_from_t4p482_20260713,1214
5696,5.697,21,1215,11,lomps_l5d21_from_t4p482_20260713,1215
5697,5.698,21,1216,11,lomps_l5d21_from_t4p482_20260713,1216
5698,5.699,21,1217,11,lomps_l5d21_from_t4p482_20260713,1217
5699,5.7,21,1218,11,lomps_l5d21_from_t4p482_20260713,1218
5700,5.701,21,1219,11,lomps_l5d21_from_t4p482_20260713,1219
5701,5.702,21,1220,11,lomps_l5d21_from_t4p482_20260713,1220
5702,5.703,21,1221,11,lomps_l5d21_from_t4p482_20260713,1221
5703,5.704,21,1222,11,lomps_l5d21_from_t4p482_20260713,1222
5704,5.705,21,1223,11,lomps_l5d21_from_t4p482_20260713,1223
5705,5.706,21,1224,11,lomps_l5d21_from_t4p482_20260713,1224
5706,5.707,21,1225,11,lomps_l5d21_from_t4p482_20260713,1225
5707,5.708,21,1226,11,lomps_l5d21_from_t4p482_20260713,1226
5708,5.709,21,1227,11,lomps_l5d21_from_t4p482_20260713,1227
5709,5.71,21,1228,11,lomps_l5d21_from_t4p482_20260713,1228
5710,5.711,21,1229,11,lomps_l5d21_from_t4p482_20260713,1229
5711,5.712,21,1230,11,lomps_l5d21_from_t4p482_20260713,1230
5712,5.713,21,1231,11,lomps_l5d21_from_t4p482_20260713,1231
5713,5.714,21,1232,11,lomps_l5d21_from_t4p482_20260713,1232
5714,5.715,21,1233,11,lomps_l5d21_from_t4p482_20260713,1233
5715,5.716,21,1234,11,lomps_l5d21_from_t4p482_20260713,1234
5716,5.717,21,1235,11,lomps_l5d21_from_t4p482_20260713,1235
5717,5.718,21,1236,11,lomps_l5d21_from_t4p482_20260713,1236
5718,5.719,21,1237,11,lomps_l5d21_from_t4p482_20260713,1237
5719,5.72,21,1238,11,lomps_l5d21_from_t4p482_20260713,1238
5720,5.721,21,1239,11,lomps_l5d21_from_t4p482_20260713,1239
5721,5.722,21,1240,11,lomps_l5d21_from_t4p482_20260713,1240
5722,5.723,21,1241,11,lomps_l5d21_from_t4p482_20260713,1241
5723,5.724,21,1242,11,lomps_l5d21_from_t4p482_20260713,1242
5724,5.725,21,1243,11,lomps_l5d21_from_t4p482_20260713,1243
5725,5.726,21,1244,11,lomps_l5d21_from_t4p482_20260713,1244
5726,5.727,21,1245,11,lomps_l5d21_from_t4p482_20260713,1245
5727,5.728,21,1246,11,lomps_l5d21_from_t4p482_20260713,1246
5728,5.729,21,1247,11,lomps_l5d21_from_t4p482_20260713,1247
5729,5.73,21,1248,11,lomps_l5d21_from_t4p482_20260713,1248
5730,5.731,21,1249,11,lomps_l5d21_from_t4p482_20260713,1249
5731,5.732,21,1250,11,lomps_l5d21_from_t4p482_20260713,1250
5732,5.733,21,1251,11,lomps_l5d21_from_t4p482_20260713,1251
5733,5.734,21,1252,11,lomps_l5d21_from_t4p482_20260713,1252
5734,5.735,21,1253,11,lomps_l5d21_from_t4p482_20260713,1253
5735,5.736,21,1254,11,lomps_l5d21_from_t4p482_20260713,1254
5736,5.737,21,1255,11,lomps_l5d21_from_t4p482_20260713,1255
5737,5.738,21,1256,11,lomps_l5d21_from_t4p482_20260713,1256
5738,5.739,21,1257,11,lomps_l5d21_from_t4p482_20260713,1257
5739,5.74,21,1258,11,lomps_l5d21_from_t4p482_20260713,1258
5740,5.741,21,1259,11,lomps_l5d21_from_t4p482_20260713,1259
5741,5.742,21,1260,11,lomps_l5d21_from_t4p482_20260713,1260
5742,5.743,21,1261,11,lomps_l5d21_from_t4p482_20260713,1261
5743,5.744,21,1262,11,lomps_l5d21_from_t4p482_20260713,1262
5744,5.745,21,1263,11,lomps_l5d21_from_t4p482_20260713,1263
5745,5.746,21,1264,11,lomps_l5d21_from_t4p482_20260713,1264
5746,5.747,21,1265,11,lomps_l5d21_from_t4p482_20260713,1265
5747,5.748,21,1266,11,lomps_l5d21_from_t4p482_20260713,1266
5748,5.749,21,1267,11,lomps_l5d21_from_t4p482_20260713,1267
5749,5.75,21,1268,11,lomps_l5d21_from_t4p482_20260713,1268
5750,5.751,21,1269,11,lomps_l5d21_from_t4p482_20260713,1269
5751,5.752,21,1270,11,lomps_l5d21_from_t4p482_20260713,1270
5752,5.753,21,1271,11,lomps_l5d21_from_t4p482_20260713,1271
5753,5.754,21,1272,11,lomps_l5d21_from_t4p482_20260713,1272
5754,5.755,21,1273,11,lomps_l5d21_from_t4p482_20260713,1273
5755,5.756,21,1274,11,lomps_l5d21_from_t4p482_20260713,1274
5756,5.757,21,1275,11,lomps_l5d21_from_t4p482_20260713,1275
5757,5.758,21,1276,11,lomps_l5d21_from_t4p482_20260713,1276
5758,5.759,21,1277,11,lomps_l5d21_from_t4p482_20260713,1277
5759,5.76,21,1278,11,lomps_l5d21_from_t4p482_20260713,1278
5760,5.761,21,1279,11,lomps_l5d21_from_t4p482_20260713,1279
5761,5.762,21,1280,11,lomps_l5d21_from_t4p482_20260713,1280
5762,5.763,21,1281,11,lomps_l5d21_from_t4p482_20260713,1281
5763,5.764,21,1282,11,lomps_l5d21_from_t4p482_20260713,1282
5764,5.765,21,1283,11,lomps_l5d21_from_t4p482_20260713,1283
5765,5.766,21,1284,11,lomps_l5d21_from_t4p482_20260713,1284
5766,5.767,21,1285,11,lomps_l5d21_from_t4p482_20260713,1285
5767,5.768,21,1286,11,lomps_l5d21_from_t4p482_20260713,1286
5768,5.769,21,1287,11,lomps_l5d21_from_t4p482_20260713,1287
5769,5.77,21,1288,11,lomps_l5d21_from_t4p482_20260713,1288
5770,5.771,21,1289,11,lomps_l5d21_from_t4p482_20260713,1289
5771,5.772,21,1290,11,lomps_l5d21_from_t4p482_20260713,1290
5772,5.773,21,1291,11,lomps_l5d21_from_t4p482_20260713,1291
5773,5.774,21,1292,11,lomps_l5d21_from_t4p482_20260713,1292
5774,5.775,21,1293,11,lomps_l5d21_from_t4p482_20260713,1293
5775,5.776,21,1294,11,lomps_l5d21_from_t4p482_20260713,1294
5776,5.777,21,1295,11,lomps_l5d21_from_t4p482_20260713,1295
5777,5.778,21,1296,11,lomps_l5d21_from_t4p482_20260713,1296
5778,5.779,21,1297,11,lomps_l5d21_from_t4p482_20260713,1297
5779,5.78,21,1298,11,lomps_l5d21_from_t4p482_20260713,1298
5780,5.781,21,1299,11,lomps_l5d21_from_t4p482_20260713,1299
5781,5.782,21,1300,11,lomps_l5d21_from_t4p482_20260713,1300
5782,5.783,21,1301,11,lomps_l5d21_from_t4p482_20260713,1301
5783,5.784,21,1302,11,lomps_l5d21_from_t4p482_20260713,1302
5784,5.785,21,1303,11,lomps_l5d21_from_t4p482_20260713,1303
5785,5.786,21,1304,11,lomps_l5d21_from_t4p482_20260713,1304
5786,5.787,21,1305,11,lomps_l5d21_from_t4p482_20260713,1305
5787,5.788,21,1306,11,lomps_l5d21_from_t4p482_20260713,1306
5788,5.789,21,1307,11,lomps_l5d21_from_t4p482_20260713,1307
5789,5.79,21,1308,11,lomps_l5d21_from_t4p482_20260713,1308
5790,5.791,21,1309,11,lomps_l5d21_from_t4p482_20260713,1309
5791,5.792,21,1310,11,lomps_l5d21_from_t4p482_20260713,1310
5792,5.793,21,1311,11,lomps_l5d21_from_t4p482_20260713,1311
5793,5.794,21,1312,11,lomps_l5d21_from_t4p482_20260713,1312
5794,5.795,21,1313,11,lomps_l5d21_from_t4p482_20260713,1313
5795,5.796,21,1314,11,lomps_l5d21_from_t4p482_20260713,1314
5796,5.797,21,1315,11,lomps_l5d21_from_t4p482_20260713,1315
5797,5.798,21,1316,11,lomps_l5d21_from_t4p482_20260713,1316
5798,5.799,21,1317,11,lomps_l5d21_from_t4p482_20260713,1317
5799,5.8,21,1318,12,lomps_l5d21_from_t5p799_to_t10_20260714,1
5800,5.801,21,1319,12,lomps_l5d21_from_t5p799_to_t10_20260714,2
5801,5.802,21,1320,12,lomps_l5d21_from_t5p799_to_t10_20260714,3
5802,5.803,21,1321,12,lomps_l5d21_from_t5p799_to_t10_20260714,4
5803,5.804,21,1322,12,lomps_l5d21_from_t5p799_to_t10_20260714,5
5804,5.805,21,1323,12,lomps_l5d21_from_t5p799_to_t10_20260714,6
5805,5.806,21,1324,12,lomps_l5d21_from_t5p799_to_t10_20260714,7
5806,5.807,21,1325,12,lomps_l5d21_from_t5p799_to_t10_20260714,8
5807,5.808,21,1326,12,lomps_l5d21_from_t5p799_to_t10_20260714,9
5808,5.809,21,1327,12,lomps_l5d21_from_t5p799_to_t10_20260714,10
5809,5.81,21,1328,12,lomps_l5d21_from_t5p799_to_t10_20260714,11
5810,5.811,21,1329,12,lomps_l5d21_from_t5p799_to_t10_20260714,12
5811,5.812,21,1330,12,lomps_l5d21_from_t5p799_to_t10_20260714,13
5812,5.813,21,1331,12,lomps_l5d21_from_t5p799_to_t10_20260714,14
5813,5.814,21,1332,12,lomps_l5d21_from_t5p799_to_t10_20260714,15
5814,5.815,21,1333,12,lomps_l5d21_from_t5p799_to_t10_20260714,16
5815,5.816,21,1334,12,lomps_l5d21_from_t5p799_to_t10_20260714,17
5816,5.817,21,1335,12,lomps_l5d21_from_t5p799_to_t10_20260714,18
5817,5.818,21,1336,12,lomps_l5d21_from_t5p799_to_t10_20260714,19
5818,5.819,21,1337,12,lomps_l5d21_from_t5p799_to_t10_20260714,20
5819,5.82,21,1338,12,lomps_l5d21_from_t5p799_to_t10_20260714,21
5820,5.821,21,1339,12,lomps_l5d21_from_t5p799_to_t10_20260714,22
5821,5.822,21,1340,12,lomps_l5d21_from_t5p799_to_t10_20260714,23
5822,5.823,21,1341,12,lomps_l5d21_from_t5p799_to_t10_20260714,24
5823,5.824,21,1342,12,lomps_l5d21_from_t5p799_to_t10_20260714,25
5824,5.825,21,1343,12,lomps_l5d21_from_t5p799_to_t10_20260714,26
5825,5.826,21,1344,12,lomps_l5d21_from_t5p799_to_t10_20260714,27
5826,5.827,21,1345,12,lomps_l5d21_from_t5p799_to_t10_20260714,28
5827,5.828,21,1346,12,lomps_l5d21_from_t5p799_to_t10_20260714,29
5828,5.829,21,1347,12,lomps_l5d21_from_t5p799_to_t10_20260714,30
5829,5.83,21,1348,12,lomps_l5d21_from_t5p799_to_t10_20260714,31
5830,5.831,21,1349,12,lomps_l5d21_from_t5p799_to_t10_20260714,32
5831,5.832,21,1350,12,lomps_l5d21_from_t5p799_to_t10_20260714,33
5832,5.833,21,1351,12,lomps_l5d21_from_t5p799_to_t10_20260714,34
5833,5.834,21,1352,12,lomps_l5d21_from_t5p799_to_t10_20260714,35
5834,5.835,21,1353,12,lomps_l5d21_from_t5p799_to_t10_20260714,36
5835,5.836,21,1354,12,lomps_l5d21_from_t5p799_to_t10_20260714,37
5836,5.837,21,1355,12,lomps_l5d21_from_t5p799_to_t10_20260714,38
5837,5.838,21,1356,12,lomps_l5d21_from_t5p799_to_t10_20260714,39
5838,5.839,21,1357,12,lomps_l5d21_from_t5p799_to_t10_20260714,40
5839,5.84,21,1358,12,lomps_l5d21_from_t5p799_to_t10_20260714,41
5840,5.841,21,1359,12,lomps_l5d21_from_t5p799_to_t10_20260714,42
5841,5.842,21,1360,12,lomps_l5d21_from_t5p799_to_t10_20260714,43
5842,5.843,21,1361,12,lomps_l5d21_from_t5p799_to_t10_20260714,44
5843,5.844,21,1362,12,lomps_l5d21_from_t5p799_to_t10_20260714,45
5844,5.845,21,1363,12,lomps_l5d21_from_t5p799_to_t10_20260714,46
5845,5.846,21,1364,12,lomps_l5d21_from_t5p799_to_t10_20260714,47
5846,5.847,21,1365,12,lomps_l5d21_from_t5p799_to_t10_20260714,48
5847,5.848,21,1366,12,lomps_l5d21_from_t5p799_to_t10_20260714,49
5848,5.849,21,1367,12,lomps_l5d21_from_t5p799_to_t10_20260714,50
5849,5.85,21,1368,12,lomps_l5d21_from_t5p799_to_t10_20260714,51
5850,5.851,21,1369,12,lomps_l5d21_from_t5p799_to_t10_20260714,52
5851,5.852,21,1370,12,lomps_l5d21_from_t5p799_to_t10_20260714,53
5852,5.853,21,1371,12,lomps_l5d21_from_t5p799_to_t10_20260714,54
5853,5.854,21,1372,12,lomps_l5d21_from_t5p799_to_t10_20260714,55
5854,5.855,21,1373,12,lomps_l5d21_from_t5p799_to_t10_20260714,56
5855,5.856,21,1374,12,lomps_l5d21_from_t5p799_to_t10_20260714,57
5856,5.857,21,1375,12,lomps_l5d21_from_t5p799_to_t10_20260714,58
5857,5.858,21,1376,12,lomps_l5d21_from_t5p799_to_t10_20260714,59
5858,5.859,21,1377,12,lomps_l5d21_from_t5p799_to_t10_20260714,60
5859,5.86,21,1378,12,lomps_l5d21_from_t5p799_to_t10_20260714,61
5860,5.861,21,1379,12,lomps_l5d21_from_t5p799_to_t10_20260714,62
5861,5.862,21,1380,12,lomps_l5d21_from_t5p799_to_t10_20260714,63
5862,5.863,21,1381,12,lomps_l5d21_from_t5p799_to_t10_20260714,64
5863,5.864,21,1382,12,lomps_l5d21_from_t5p799_to_t10_20260714,65
5864,5.865,21,1383,12,lomps_l5d21_from_t5p799_to_t10_20260714,66
5865,5.866,21,1384,12,lomps_l5d21_from_t5p799_to_t10_20260714,67
5866,5.867,21,1385,12,lomps_l5d21_from_t5p799_to_t10_20260714,68
5867,5.868,21,1386,12,lomps_l5d21_from_t5p799_to_t10_20260714,69
5868,5.869,21,1387,12,lomps_l5d21_from_t5p799_to_t10_20260714,70
5869,5.87,21,1388,12,lomps_l5d21_from_t5p799_to_t10_20260714,71
5870,5.871,21,1389,12,lomps_l5d21_from_t5p799_to_t10_20260714,72
5871,5.872,21,1390,12,lomps_l5d21_from_t5p799_to_t10_20260714,73
5872,5.873,21,1391,12,lomps_l5d21_from_t5p799_to_t10_20260714,74
5873,5.874,21,1392,12,lomps_l5d21_from_t5p799_to_t10_20260714,75
5874,5.875,21,1393,12,lomps_l5d21_from_t5p799_to_t10_20260714,76
5875,5.876,21,1394,12,lomps_l5d21_from_t5p799_to_t10_20260714,77
5876,5.877,21,1395,12,lomps_l5d21_from_t5p799_to_t10_20260714,78
5877,5.878,21,1396,12,lomps_l5d21_from_t5p799_to_t10_20260714,79
5878,5.879,21,1397,12,lomps_l5d21_from_t5p799_to_t10_20260714,80
5879,5.88,21,1398,12,lomps_l5d21_from_t5p799_to_t10_20260714,81
5880,5.881,21,1399,12,lomps_l5d21_from_t5p799_to_t10_20260714,82
5881,5.882,21,1400,12,lomps_l5d21_from_t5p799_to_t10_20260714,83
5882,5.883,21,1401,12,lomps_l5d21_from_t5p799_to_t10_20260714,84
5883,5.884,21,1402,12,lomps_l5d21_from_t5p799_to_t10_20260714,85
5884,5.885,21,1403,12,lomps_l5d21_from_t5p799_to_t10_20260714,86
5885,5.886,21,1404,12,lomps_l5d21_from_t5p799_to_t10_20260714,87
5886,5.887,21,1405,12,lomps_l5d21_from_t5p799_to_t10_20260714,88
5887,5.888,21,1406,12,lomps_l5d21_from_t5p799_to_t10_20260714,89
5888,5.889,21,1407,12,lomps_l5d21_from_t5p799_to_t10_20260714,90
5889,5.89,21,1408,12,lomps_l5d21_from_t5p799_to_t10_20260714,91
5890,5.891,21,1409,12,lomps_l5d21_from_t5p799_to_t10_20260714,92
5891,5.892,21,1410,12,lomps_l5d21_from_t5p799_to_t10_20260714,93
5892,5.893,21,1411,12,lomps_l5d21_from_t5p799_to_t10_20260714,94
5893,5.894,21,1412,12,lomps_l5d21_from_t5p799_to_t10_20260714,95
5894,5.895,21,1413,12,lomps_l5d21_from_t5p799_to_t10_20260714,96
5895,5.896,21,1414,12,lomps_l5d21_from_t5p799_to_t10_20260714,97
5896,5.897,21,1415,12,lomps_l5d21_from_t5p799_to_t10_20260714,98
5897,5.898,21,1416,12,lomps_l5d21_from_t5p799_to_t10_20260714,99
5898,5.899,21,1417,12,lomps_l5d21_from_t5p799_to_t10_20260714,100
5899,5.9,21,1418,12,lomps_l5d21_from_t5p799_to_t10_20260714,101
5900,5.901,21,1419,12,lomps_l5d21_from_t5p799_to_t10_20260714,102
5901,5.902,21,1420,12,lomps_l5d21_from_t5p799_to_t10_20260714,103
5902,5.903,21,1421,12,lomps_l5d21_from_t5p799_to_t10_20260714,104
5903,5.904,21,1422,12,lomps_l5d21_from_t5p799_to_t10_20260714,105
5904,5.905,21,1423,12,lomps_l5d21_from_t5p799_to_t10_20260714,106
5905,5.906,21,1424,12,lomps_l5d21_from_t5p799_to_t10_20260714,107
5906,5.907,21,1425,12,lomps_l5d21_from_t5p799_to_t10_20260714,108
5907,5.908,21,1426,12,lomps_l5d21_from_t5p799_to_t10_20260714,109
5908,5.909,21,1427,12,lomps_l5d21_from_t5p799_to_t10_20260714,110
5909,5.91,21,1428,12,lomps_l5d21_from_t5p799_to_t10_20260714,111
5910,5.911,21,1429,12,lomps_l5d21_from_t5p799_to_t10_20260714,112
5911,5.912,21,1430,12,lomps_l5d21_from_t5p799_to_t10_20260714,113
5912,5.913,21,1431,12,lomps_l5d21_from_t5p799_to_t10_20260714,114
5913,5.914,21,1432,12,lomps_l5d21_from_t5p799_to_t10_20260714,115
5914,5.915,21,1433,12,lomps_l5d21_from_t5p799_to_t10_20260714,116
5915,5.916,21,1434,12,lomps_l5d21_from_t5p799_to_t10_20260714,117
5916,5.917,21,1435,12,lomps_l5d21_from_t5p799_to_t10_20260714,118
5917,5.918,21,1436,12,lomps_l5d21_from_t5p799_to_t10_20260714,119
5918,5.919,21,1437,12,lomps_l5d21_from_t5p799_to_t10_20260714,120
5919,5.92,21,1438,12,lomps_l5d21_from_t5p799_to_t10_20260714,121
5920,5.921,21,1439,12,lomps_l5d21_from_t5p799_to_t10_20260714,122
5921,5.922,21,1440,12,lomps_l5d21_from_t5p799_to_t10_20260714,123
5922,5.923,21,1441,12,lomps_l5d21_from_t5p799_to_t10_20260714,124
5923,5.924,21,1442,12,lomps_l5d21_from_t5p799_to_t10_20260714,125
5924,5.925,21,1443,12,lomps_l5d21_from_t5p799_to_t10_20260714,126
5925,5.926,21,1444,12,lomps_l5d21_from_t5p799_to_t10_20260714,127
5926,5.927,21,1445,12,lomps_l5d21_from_t5p799_to_t10_20260714,128
5927,5.928,21,1446,12,lomps_l5d21_from_t5p799_to_t10_20260714,129
5928,5.929,21,1447,12,lomps_l5d21_from_t5p799_to_t10_20260714,130
5929,5.93,21,1448,12,lomps_l5d21_from_t5p799_to_t10_20260714,131
5930,5.931,21,1449,12,lomps_l5d21_from_t5p799_to_t10_20260714,132
5931,5.932,21,1450,12,lomps_l5d21_from_t5p799_to_t10_20260714,133
5932,5.933,21,1451,12,lomps_l5d21_from_t5p799_to_t10_20260714,134
5933,5.934,21,1452,12,lomps_l5d21_from_t5p799_to_t10_20260714,135
5934,5.935,21,1453,12,lomps_l5d21_from_t5p799_to_t10_20260714,136
5935,5.936,21,1454,12,lomps_l5d21_from_t5p799_to_t10_20260714,137
5936,5.937,21,1455,12,lomps_l5d21_from_t5p799_to_t10_20260714,138
5937,5.938,21,1456,12,lomps_l5d21_from_t5p799_to_t10_20260714,139
5938,5.939,21,1457,12,lomps_l5d21_from_t5p799_to_t10_20260714,140
5939,5.94,21,1458,12,lomps_l5d21_from_t5p799_to_t10_20260714,141
5940,5.941,21,1459,12,lomps_l5d21_from_t5p799_to_t10_20260714,142
5941,5.942,21,1460,12,lomps_l5d21_from_t5p799_to_t10_20260714,143
5942,5.943,21,1461,12,lomps_l5d21_from_t5p799_to_t10_20260714,144
5943,5.944,21,1462,12,lomps_l5d21_from_t5p799_to_t10_20260714,145
5944,5.945,21,1463,12,lomps_l5d21_from_t5p799_to_t10_20260714,146
5945,5.946,21,1464,12,lomps_l5d21_from_t5p799_to_t10_20260714,147
5946,5.947,21,1465,12,lomps_l5d21_from_t5p799_to_t10_20260714,148
5947,5.948,21,1466,12,lomps_l5d21_from_t5p799_to_t10_20260714,149
5948,5.949,21,1467,12,lomps_l5d21_from_t5p799_to_t10_20260714,150
5949,5.95,21,1468,12,lomps_l5d21_from_t5p799_to_t10_20260714,151
5950,5.951,21,1469,12,lomps_l5d21_from_t5p799_to_t10_20260714,152
5951,5.952,21,1470,12,lomps_l5d21_from_t5p799_to_t10_20260714,153
5952,5.953,21,1471,12,lomps_l5d21_from_t5p799_to_t10_20260714,154
5953,5.954,21,1472,12,lomps_l5d21_from_t5p799_to_t10_20260714,155
5954,5.955,21,1473,12,lomps_l5d21_from_t5p799_to_t10_20260714,156
5955,5.956,21,1474,12,lomps_l5d21_from_t5p799_to_t10_20260714,157
5956,5.957,21,1475,12,lomps_l5d21_from_t5p799_to_t10_20260714,158
5957,5.958,21,1476,12,lomps_l5d21_from_t5p799_to_t10_20260714,159
5958,5.959,21,1477,12,lomps_l5d21_from_t5p799_to_t10_20260714,160
5959,5.96,21,1478,12,lomps_l5d21_from_t5p799_to_t10_20260714,161
5960,5.961,21,1479,12,lomps_l5d21_from_t5p799_to_t10_20260714,162
5961,5.962,21,1480,12,lomps_l5d21_from_t5p799_to_t10_20260714,163
5962,5.963,21,1481,12,lomps_l5d21_from_t5p799_to_t10_20260714,164
5963,5.964,21,1482,12,lomps_l5d21_from_t5p799_to_t10_20260714,165
5964,5.965,21,1483,12,lomps_l5d21_from_t5p799_to_t10_20260714,166
5965,5.966,21,1484,12,lomps_l5d21_from_t5p799_to_t10_20260714,167
5966,5.967,21,1485,12,lomps_l5d21_from_t5p799_to_t10_20260714,168
5967,5.968,21,1486,12,lomps_l5d21_from_t5p799_to_t10_20260714,169
5968,5.969,21,1487,12,lomps_l5d21_from_t5p799_to_t10_20260714,170
5969,5.97,21,1488,12,lomps_l5d21_from_t5p799_to_t10_20260714,171
5970,5.971,21,1489,12,lomps_l5d21_from_t5p799_to_t10_20260714,172
5971,5.972,21,1490,12,lomps_l5d21_from_t5p799_to_t10_20260714,173
5972,5.973,21,1491,12,lomps_l5d21_from_t5p799_to_t10_20260714,174
5973,5.974,21,1492,12,lomps_l5d21_from_t5p799_to_t10_20260714,175
5974,5.975,21,1493,12,lomps_l5d21_from_t5p799_to_t10_20260714,176
5975,5.976,21,1494,12,lomps_l5d21_from_t5p799_to_t10_20260714,177
5976,5.977,21,1495,12,lomps_l5d21_from_t5p799_to_t10_20260714,178
5977,5.978,21,1496,12,lomps_l5d21_from_t5p799_to_t10_20260714,179
5978,5.979,21,1497,12,lomps_l5d21_from_t5p799_to_t10_20260714,180
5979,5.98,21,1498,12,lomps_l5d21_from_t5p799_to_t10_20260714,181
5980,5.981,21,1499,12,lomps_l5d21_from_t5p799_to_t10_20260714,182
5981,5.982,21,1500,12,lomps_l5d21_from_t5p799_to_t10_20260714,183
5982,5.983,21,1501,12,lomps_l5d21_from_t5p799_to_t10_20260714,184
5983,5.984,21,1502,12,lomps_l5d21_from_t5p799_to_t10_20260714,185
5984,5.985,21,1503,12,lomps_l5d21_from_t5p799_to_t10_20260714,186
5985,5.986,21,1504,12,lomps_l5d21_from_t5p799_to_t10_20260714,187
5986,5.987,21,1505,12,lomps_l5d21_from_t5p799_to_t10_20260714,188
5987,5.988,21,1506,12,lomps_l5d21_from_t5p799_to_t10_20260714,189
5988,5.989,21,1507,12,lomps_l5d21_from_t5p799_to_t10_20260714,190
5989,5.99,21,1508,12,lomps_l5d21_from_t5p799_to_t10_20260714,191
5990,5.991,21,1509,12,lomps_l5d21_from_t5p799_to_t10_20260714,192
5991,5.992,21,1510,12,lomps_l5d21_from_t5p799_to_t10_20260714,193
5992,5.993,21,1511,12,lomps_l5d21_from_t5p799_to_t10_20260714,194
5993,5.994,21,1512,12,lomps_l5d21_from_t5p799_to_t10_20260714,195
5994,5.995,21,1513,12,lomps_l5d21_from_t5p799_to_t10_20260714,196
5995,5.996,21,1514,12,lomps_l5d21_from_t5p799_to_t10_20260714,197
5996,5.997,21,1515,12,lomps_l5d21_from_t5p799_to_t10_20260714,198
5997,5.998,21,1516,12,lomps_l5d21_from_t5p799_to_t10_20260714,199
5998,5.999,21,1517,12,lomps_l5d21_from_t5p799_to_t10_20260714,200
5999,6,21,1518,12,lomps_l5d21_from_t5p799_to_t10_20260714,201
6000,6.001,21,1519,12,lomps_l5d21_from_t5p799_to_t10_20260714,202
6001,6.002,21,1520,12,lomps_l5d21_from_t5p799_to_t10_20260714,203
6002,6.003,21,1521,12,lomps_l5d21_from_t5p799_to_t10_20260714,204
6003,6.004,21,1522,12,lomps_l5d21_from_t5p799_to_t10_20260714,205
6004,6.005,21,1523,12,lomps_l5d21_from_t5p799_to_t10_20260714,206
6005,6.006,21,1524,12,lomps_l5d21_from_t5p799_to_t10_20260714,207
6006,6.007,21,1525,12,lomps_l5d21_from_t5p799_to_t10_20260714,208
6007,6.008,21,1526,12,lomps_l5d21_from_t5p799_to_t10_20260714,209
6008,6.009,21,1527,12,lomps_l5d21_from_t5p799_to_t10_20260714,210
6009,6.01,21,1528,12,lomps_l5d21_from_t5p799_to_t10_20260714,211
6010,6.011,21,1529,12,lomps_l5d21_from_t5p799_to_t10_20260714,212
6011,6.012,21,1530,12,lomps_l5d21_from_t5p799_to_t10_20260714,213
6012,6.013,21,1531,12,lomps_l5d21_from_t5p799_to_t10_20260714,214
6013,6.014,21,1532,12,lomps_l5d21_from_t5p799_to_t10_20260714,215
6014,6.015,21,1533,12,lomps_l5d21_from_t5p799_to_t10_20260714,216
6015,6.016,21,1534,12,lomps_l5d21_from_t5p799_to_t10_20260714,217
6016,6.017,21,1535,12,lomps_l5d21_from_t5p799_to_t10_20260714,218
6017,6.018,21,1536,12,lomps_l5d21_from_t5p799_to_t10_20260714,219
6018,6.019,21,1537,12,lomps_l5d21_from_t5p799_to_t10_20260714,220
6019,6.02,21,1538,12,lomps_l5d21_from_t5p799_to_t10_20260714,221
6020,6.021,21,1539,12,lomps_l5d21_from_t5p799_to_t10_20260714,222
6021,6.022,21,1540,12,lomps_l5d21_from_t5p799_to_t10_20260714,223
6022,6.023,21,1541,12,lomps_l5d21_from_t5p799_to_t10_20260714,224
6023,6.024,21,1542,12,lomps_l5d21_from_t5p799_to_t10_20260714,225
6024,6.025,21,1543,12,lomps_l5d21_from_t5p799_to_t10_20260714,226
6025,6.026,21,1544,12,lomps_l5d21_from_t5p799_to_t10_20260714,227
6026,6.027,21,1545,12,lomps_l5d21_from_t5p799_to_t10_20260714,228
6027,6.028,21,1546,12,lomps_l5d21_from_t5p799_to_t10_20260714,229
6028,6.029,21,1547,12,lomps_l5d21_from_t5p799_to_t10_20260714,230
6029,6.03,21,1548,12,lomps_l5d21_from_t5p799_to_t10_20260714,231
6030,6.031,21,1549,12,lomps_l5d21_from_t5p799_to_t10_20260714,232
6031,6.032,21,1550,12,lomps_l5d21_from_t5p799_to_t10_20260714,233
6032,6.033,21,1551,12,lomps_l5d21_from_t5p799_to_t10_20260714,234
6033,6.034,21,1552,12,lomps_l5d21_from_t5p799_to_t10_20260714,235
6034,6.035,21,1553,12,lomps_l5d21_from_t5p799_to_t10_20260714,236
6035,6.036,21,1554,12,lomps_l5d21_from_t5p799_to_t10_20260714,237
6036,6.037,21,1555,12,lomps_l5d21_from_t5p799_to_t10_20260714,238
6037,6.038,21,1556,12,lomps_l5d21_from_t5p799_to_t10_20260714,239
6038,6.039,21,1557,12,lomps_l5d21_from_t5p799_to_t10_20260714,240
6039,6.04,21,1558,12,lomps_l5d21_from_t5p799_to_t10_20260714,241
6040,6.041,21,1559,12,lomps_l5d21_from_t5p799_to_t10_20260714,242
6041,6.042,21,1560,12,lomps_l5d21_from_t5p799_to_t10_20260714,243
6042,6.043,21,1561,12,lomps_l5d21_from_t5p799_to_t10_20260714,244
6043,6.044,21,1562,12,lomps_l5d21_from_t5p799_to_t10_20260714,245
6044,6.045,21,1563,12,lomps_l5d21_from_t5p799_to_t10_20260714,246
6045,6.046,21,1564,12,lomps_l5d21_from_t5p799_to_t10_20260714,247
6046,6.047,21,1565,12,lomps_l5d21_from_t5p799_to_t10_20260714,248
6047,6.048,21,1566,12,lomps_l5d21_from_t5p799_to_t10_20260714,249
6048,6.049,21,1567,12,lomps_l5d21_from_t5p799_to_t10_20260714,250
6049,6.05,21,1568,12,lomps_l5d21_from_t5p799_to_t10_20260714,251
6050,6.051,21,1569,12,lomps_l5d21_from_t5p799_to_t10_20260714,252
6051,6.052,21,1570,12,lomps_l5d21_from_t5p799_to_t10_20260714,253
6052,6.053,21,1571,12,lomps_l5d21_from_t5p799_to_t10_20260714,254
6053,6.054,21,1572,12,lomps_l5d21_from_t5p799_to_t10_20260714,255
6054,6.055,21,1573,12,lomps_l5d21_from_t5p799_to_t10_20260714,256
6055,6.056,21,1574,12,lomps_l5d21_from_t5p799_to_t10_20260714,257
6056,6.057,21,1575,12,lomps_l5d21_from_t5p799_to_t10_20260714,258
6057,6.058,21,1576,12,lomps_l5d21_from_t5p799_to_t10_20260714,259
6058,6.059,21,1577,12,lomps_l5d21_from_t5p799_to_t10_20260714,260
6059,6.06,21,1578,12,lomps_l5d21_from_t5p799_to_t10_20260714,261
6060,6.061,21,1579,12,lomps_l5d21_from_t5p799_to_t10_20260714,262
6061,6.062,21,1580,12,lomps_l5d21_from_t5p799_to_t10_20260714,263
6062,6.063,21,1581,12,lomps_l5d21_from_t5p799_to_t10_20260714,264
6063,6.064,21,1582,12,lomps_l5d21_from_t5p799_to_t10_20260714,265
6064,6.065,21,1583,12,lomps_l5d21_from_t5p799_to_t10_20260714,266
6065,6.066,21,1584,12,lomps_l5d21_from_t5p799_to_t10_20260714,267
6066,6.067,21,1585,12,lomps_l5d21_from_t5p799_to_t10_20260714,268
6067,6.068,21,1586,12,lomps_l5d21_from_t5p799_to_t10_20260714,269
6068,6.069,21,1587,12,lomps_l5d21_from_t5p799_to_t10_20260714,270
6069,6.07,21,1588,12,lomps_l5d21_from_t5p799_to_t10_20260714,271
6070,6.071,21,1589,12,lomps_l5d21_from_t5p799_to_t10_20260714,272
6071,6.072,21,1590,12,lomps_l5d21_from_t5p799_to_t10_20260714,273
6072,6.073,21,1591,12,lomps_l5d21_from_t5p799_to_t10_20260714,274
6073,6.074,21,1592,12,lomps_l5d21_from_t5p799_to_t10_20260714,275
6074,6.075,21,1593,12,lomps_l5d21_from_t5p799_to_t10_20260714,276
6075,6.076,21,1594,12,lomps_l5d21_from_t5p799_to_t10_20260714,277
6076,6.077,21,1595,12,lomps_l5d21_from_t5p799_to_t10_20260714,278
6077,6.078,21,1596,12,lomps_l5d21_from_t5p799_to_t10_20260714,279
6078,6.079,21,1597,12,lomps_l5d21_from_t5p799_to_t10_20260714,280
6079,6.08,21,1598,12,lomps_l5d21_from_t5p799_to_t10_20260714,281
6080,6.081,21,1599,12,lomps_l5d21_from_t5p799_to_t10_20260714,282
6081,6.082,21,1600,12,lomps_l5d21_from_t5p799_to_t10_20260714,283
6082,6.083,21,1601,12,lomps_l5d21_from_t5p799_to_t10_20260714,284
6083,6.084,21,1602,12,lomps_l5d21_from_t5p799_to_t10_20260714,285
6084,6.085,21,1603,12,lomps_l5d21_from_t5p799_to_t10_20260714,286
6085,6.086,21,1604,12,lomps_l5d21_from_t5p799_to_t10_20260714,287
6086,6.087,21,1605,12,lomps_l5d21_from_t5p799_to_t10_20260714,288
6087,6.088,21,1606,12,lomps_l5d21_from_t5p799_to_t10_20260714,289
6088,6.089,21,1607,12,lomps_l5d21_from_t5p799_to_t10_20260714,290
6089,6.09,21,1608,12,lomps_l5d21_from_t5p799_to_t10_20260714,291
6090,6.091,21,1609,12,lomps_l5d21_from_t5p799_to_t10_20260714,292
6091,6.092,21,1610,12,lomps_l5d21_from_t5p799_to_t10_20260714,293
6092,6.093,21,1611,12,lomps_l5d21_from_t5p799_to_t10_20260714,294
6093,6.094,21,1612,12,lomps_l5d21_from_t5p799_to_t10_20260714,295
6094,6.095,21,1613,12,lomps_l5d21_from_t5p799_to_t10_20260714,296
6095,6.096,21,1614,12,lomps_l5d21_from_t5p799_to_t10_20260714,297
6096,6.097,21,1615,12,lomps_l5d21_from_t5p799_to_t10_20260714,298
6097,6.098,21,1616,12,lomps_l5d21_from_t5p799_to_t10_20260714,299
6098,6.099,21,1617,12,lomps_l5d21_from_t5p799_to_t10_20260714,300
6099,6.1,21,1618,12,lomps_l5d21_from_t5p799_to_t10_20260714,301
6100,6.101,21,1619,12,lomps_l5d21_from_t5p799_to_t10_20260714,302
6101,6.102,21,1620,12,lomps_l5d21_from_t5p799_to_t10_20260714,303
6102,6.103,21,1621,12,lomps_l5d21_from_t5p799_to_t10_20260714,304
6103,6.104,21,1622,12,lomps_l5d21_from_t5p799_to_t10_20260714,305
6104,6.105,21,1623,12,lomps_l5d21_from_t5p799_to_t10_20260714,306
6105,6.106,21,1624,12,lomps_l5d21_from_t5p799_to_t10_20260714,307
6106,6.107,21,1625,12,lomps_l5d21_from_t5p799_to_t10_20260714,308
6107,6.108,21,1626,12,lomps_l5d21_from_t5p799_to_t10_20260714,309
6108,6.109,21,1627,12,lomps_l5d21_from_t5p799_to_t10_20260714,310
6109,6.11,21,1628,12,lomps_l5d21_from_t5p799_to_t10_20260714,311
6110,6.111,21,1629,12,lomps_l5d21_from_t5p799_to_t10_20260714,312
6111,6.112,21,1630,12,lomps_l5d21_from_t5p799_to_t10_20260714,313
6112,6.113,21,1631,12,lomps_l5d21_from_t5p799_to_t10_20260714,314
6113,6.114,21,1632,12,lomps_l5d21_from_t5p799_to_t10_20260714,315
6114,6.115,21,1633,12,lomps_l5d21_from_t5p799_to_t10_20260714,316
6115,6.116,21,1634,12,lomps_l5d21_from_t5p799_to_t10_20260714,317
6116,6.117,21,1635,12,lomps_l5d21_from_t5p799_to_t10_20260714,318
6117,6.118,21,1636,12,lomps_l5d21_from_t5p799_to_t10_20260714,319
6118,6.119,21,1637,12,lomps_l5d21_from_t5p799_to_t10_20260714,320
6119,6.12,21,1638,12,lomps_l5d21_from_t5p799_to_t10_20260714,321
6120,6.121,21,1639,12,lomps_l5d21_from_t5p799_to_t10_20260714,322
6121,6.122,21,1640,12,lomps_l5d21_from_t5p799_to_t10_20260714,323
6122,6.123,21,1641,12,lomps_l5d21_from_t5p799_to_t10_20260714,324
6123,6.124,21,1642,12,lomps_l5d21_from_t5p799_to_t10_20260714,325
6124,6.125,21,1643,12,lomps_l5d21_from_t5p799_to_t10_20260714,326
6125,6.126,21,1644,12,lomps_l5d21_from_t5p799_to_t10_20260714,327
6126,6.127,21,1645,12,lomps_l5d21_from_t5p799_to_t10_20260714,328
6127,6.128,21,1646,12,lomps_l5d21_from_t5p799_to_t10_20260714,329
6128,6.129,21,1647,12,lomps_l5d21_from_t5p799_to_t10_20260714,330
6129,6.13,21,1648,12,lomps_l5d21_from_t5p799_to_t10_20260714,331
6130,6.131,21,1649,12,lomps_l5d21_from_t5p799_to_t10_20260714,332
6131,6.132,21,1650,12,lomps_l5d21_from_t5p799_to_t10_20260714,333
6132,6.133,21,1651,12,lomps_l5d21_from_t5p799_to_t10_20260714,334
6133,6.134,21,1652,12,lomps_l5d21_from_t5p799_to_t10_20260714,335
6134,6.135,21,1653,12,lomps_l5d21_from_t5p799_to_t10_20260714,336
6135,6.136,21,1654,12,lomps_l5d21_from_t5p799_to_t10_20260714,337
6136,6.137,21,1655,12,lomps_l5d21_from_t5p799_to_t10_20260714,338
6137,6.138,21,1656,12,lomps_l5d21_from_t5p799_to_t10_20260714,339
6138,6.139,21,1657,12,lomps_l5d21_from_t5p799_to_t10_20260714,340
6139,6.14,21,1658,12,lomps_l5d21_from_t5p799_to_t10_20260714,341
6140,6.141,21,1659,12,lomps_l5d21_from_t5p799_to_t10_20260714,342
6141,6.142,21,1660,12,lomps_l5d21_from_t5p799_to_t10_20260714,343
6142,6.143,21,1661,12,lomps_l5d21_from_t5p799_to_t10_20260714,344
6143,6.144,21,1662,12,lomps_l5d21_from_t5p799_to_t10_20260714,345
6144,6.145,21,1663,12,lomps_l5d21_from_t5p799_to_t10_20260714,346
6145,6.146,21,1664,12,lomps_l5d21_from_t5p799_to_t10_20260714,347
6146,6.147,21,1665,12,lomps_l5d21_from_t5p799_to_t10_20260714,348
6147,6.148,21,1666,12,lomps_l5d21_from_t5p799_to_t10_20260714,349
6148,6.149,21,1667,12,lomps_l5d21_from_t5p799_to_t10_20260714,350
6149,6.15,21,1668,12,lomps_l5d21_from_t5p799_to_t10_20260714,351
6150,6.151,21,1669,12,lomps_l5d21_from_t5p799_to_t10_20260714,352
6151,6.152,21,1670,12,lomps_l5d21_from_t5p799_to_t10_20260714,353
6152,6.153,21,1671,12,lomps_l5d21_from_t5p799_to_t10_20260714,354
6153,6.154,21,1672,12,lomps_l5d21_from_t5p799_to_t10_20260714,355
6154,6.155,21,1673,12,lomps_l5d21_from_t5p799_to_t10_20260714,356
6155,6.156,21,1674,12,lomps_l5d21_from_t5p799_to_t10_20260714,357
6156,6.157,21,1675,12,lomps_l5d21_from_t5p799_to_t10_20260714,358
6157,6.158,21,1676,12,lomps_l5d21_from_t5p799_to_t10_20260714,359
6158,6.159,21,1677,12,lomps_l5d21_from_t5p799_to_t10_20260714,360
6159,6.16,21,1678,12,lomps_l5d21_from_t5p799_to_t10_20260714,361
6160,6.161,21,1679,12,lomps_l5d21_from_t5p799_to_t10_20260714,362
6161,6.162,21,1680,12,lomps_l5d21_from_t5p799_to_t10_20260714,363
6162,6.163,21,1681,12,lomps_l5d21_from_t5p799_to_t10_20260714,364
6163,6.164,21,1682,12,lomps_l5d21_from_t5p799_to_t10_20260714,365
6164,6.165,21,1683,12,lomps_l5d21_from_t5p799_to_t10_20260714,366
6165,6.166,21,1684,12,lomps_l5d21_from_t5p799_to_t10_20260714,367
6166,6.167,21,1685,12,lomps_l5d21_from_t5p799_to_t10_20260714,368
6167,6.168,21,1686,12,lomps_l5d21_from_t5p799_to_t10_20260714,369
6168,6.169,21,1687,12,lomps_l5d21_from_t5p799_to_t10_20260714,370
6169,6.17,21,1688,12,lomps_l5d21_from_t5p799_to_t10_20260714,371
6170,6.171,21,1689,12,lomps_l5d21_from_t5p799_to_t10_20260714,372
6171,6.172,21,1690,12,lomps_l5d21_from_t5p799_to_t10_20260714,373
6172,6.173,21,1691,12,lomps_l5d21_from_t5p799_to_t10_20260714,374
6173,6.174,21,1692,12,lomps_l5d21_from_t5p799_to_t10_20260714,375
6174,6.175,21,1693,12,lomps_l5d21_from_t5p799_to_t10_20260714,376
6175,6.176,21,1694,12,lomps_l5d21_from_t5p799_to_t10_20260714,377
6176,6.177,21,1695,12,lomps_l5d21_from_t5p799_to_t10_20260714,378
6177,6.178,21,1696,12,lomps_l5d21_from_t5p799_to_t10_20260714,379
6178,6.179,21,1697,12,lomps_l5d21_from_t5p799_to_t10_20260714,380
6179,6.18,21,1698,12,lomps_l5d21_from_t5p799_to_t10_20260714,381
6180,6.181,21,1699,12,lomps_l5d21_from_t5p799_to_t10_20260714,382
6181,6.182,21,1700,12,lomps_l5d21_from_t5p799_to_t10_20260714,383
6182,6.183,21,1701,12,lomps_l5d21_from_t5p799_to_t10_20260714,384
6183,6.184,21,1702,12,lomps_l5d21_from_t5p799_to_t10_20260714,385
6184,6.185,21,1703,12,lomps_l5d21_from_t5p799_to_t10_20260714,386
6185,6.186,21,1704,12,lomps_l5d21_from_t5p799_to_t10_20260714,387
6186,6.187,21,1705,12,lomps_l5d21_from_t5p799_to_t10_20260714,388
6187,6.188,21,1706,12,lomps_l5d21_from_t5p799_to_t10_20260714,389
6188,6.189,21,1707,12,lomps_l5d21_from_t5p799_to_t10_20260714,390
6189,6.19,21,1708,12,lomps_l5d21_from_t5p799_to_t10_20260714,391
6190,6.191,21,1709,12,lomps_l5d21_from_t5p799_to_t10_20260714,392
6191,6.192,21,1710,12,lomps_l5d21_from_t5p799_to_t10_20260714,393
6192,6.193,21,1711,12,lomps_l5d21_from_t5p799_to_t10_20260714,394
6193,6.194,21,1712,12,lomps_l5d21_from_t5p799_to_t10_20260714,395
6194,6.195,21,1713,12,lomps_l5d21_from_t5p799_to_t10_20260714,396
6195,6.196,21,1714,12,lomps_l5d21_from_t5p799_to_t10_20260714,397
6196,6.197,21,1715,12,lomps_l5d21_from_t5p799_to_t10_20260714,398
6197,6.198,21,1716,12,lomps_l5d21_from_t5p799_to_t10_20260714,399
6198,6.199,21,1717,12,lomps_l5d21_from_t5p799_to_t10_20260714,400
6199,6.2,21,1718,12,lomps_l5d21_from_t5p799_to_t10_20260714,401
6200,6.201,21,1719,12,lomps_l5d21_from_t5p799_to_t10_20260714,402
6201,6.202,21,1720,12,lomps_l5d21_from_t5p799_to_t10_20260714,403
6202,6.203,21,1721,12,lomps_l5d21_from_t5p799_to_t10_20260714,404
6203,6.204,21,1722,12,lomps_l5d21_from_t5p799_to_t10_20260714,405
6204,6.205,21,1723,12,lomps_l5d21_from_t5p799_to_t10_20260714,406
6205,6.206,21,1724,12,lomps_l5d21_from_t5p799_to_t10_20260714,407
6206,6.207,21,1725,12,lomps_l5d21_from_t5p799_to_t10_20260714,408
6207,6.208,21,1726,12,lomps_l5d21_from_t5p799_to_t10_20260714,409
6208,6.209,21,1727,12,lomps_l5d21_from_t5p799_to_t10_20260714,410
6209,6.21,21,1728,12,lomps_l5d21_from_t5p799_to_t10_20260714,411
6210,6.211,21,1729,12,lomps_l5d21_from_t5p799_to_t10_20260714,412
6211,6.212,21,1730,12,lomps_l5d21_from_t5p799_to_t10_20260714,413
6212,6.213,21,1731,12,lomps_l5d21_from_t5p799_to_t10_20260714,414
6213,6.214,21,1732,12,lomps_l5d21_from_t5p799_to_t10_20260714,415
6214,6.215,21,1733,12,lomps_l5d21_from_t5p799_to_t10_20260714,416
6215,6.216,21,1734,12,lomps_l5d21_from_t5p799_to_t10_20260714,417
6216,6.217,21,1735,12,lomps_l5d21_from_t5p799_to_t10_20260714,418
6217,6.218,21,1736,12,lomps_l5d21_from_t5p799_to_t10_20260714,419
6218,6.219,21,1737,12,lomps_l5d21_from_t5p799_to_t10_20260714,420
6219,6.22,21,1738,12,lomps_l5d21_from_t5p799_to_t10_20260714,421
6220,6.221,21,1739,12,lomps_l5d21_from_t5p799_to_t10_20260714,422
6221,6.222,21,1740,12,lomps_l5d21_from_t5p799_to_t10_20260714,423
6222,6.223,21,1741,12,lomps_l5d21_from_t5p799_to_t10_20260714,424
6223,6.224,21,1742,12,lomps_l5d21_from_t5p799_to_t10_20260714,425
6224,6.225,21,1743,12,lomps_l5d21_from_t5p799_to_t10_20260714,426
6225,6.226,21,1744,12,lomps_l5d21_from_t5p799_to_t10_20260714,427
6226,6.227,21,1745,12,lomps_l5d21_from_t5p799_to_t10_20260714,428
6227,6.228,21,1746,12,lomps_l5d21_from_t5p799_to_t10_20260714,429
6228,6.229,21,1747,12,lomps_l5d21_from_t5p799_to_t10_20260714,430
6229,6.23,21,1748,12,lomps_l5d21_from_t5p799_to_t10_20260714,431
6230,6.231,21,1749,12,lomps_l5d21_from_t5p799_to_t10_20260714,432
6231,6.232,21,1750,12,lomps_l5d21_from_t5p799_to_t10_20260714,433
6232,6.233,21,1751,12,lomps_l5d21_from_t5p799_to_t10_20260714,434
6233,6.234,21,1752,12,lomps_l5d21_from_t5p799_to_t10_20260714,435
6234,6.235,21,1753,12,lomps_l5d21_from_t5p799_to_t10_20260714,436
6235,6.236,21,1754,12,lomps_l5d21_from_t5p799_to_t10_20260714,437
6236,6.237,21,1755,12,lomps_l5d21_from_t5p799_to_t10_20260714,438
6237,6.238,21,1756,12,lomps_l5d21_from_t5p799_to_t10_20260714,439
6238,6.239,21,1757,12,lomps_l5d21_from_t5p799_to_t10_20260714,440
6239,6.24,21,1758,12,lomps_l5d21_from_t5p799_to_t10_20260714,441
6240,6.241,21,1759,12,lomps_l5d21_from_t5p799_to_t10_20260714,442
6241,6.242,21,1760,12,lomps_l5d21_from_t5p799_to_t10_20260714,443
6242,6.243,21,1761,12,lomps_l5d21_from_t5p799_to_t10_20260714,444
6243,6.244,21,1762,12,lomps_l5d21_from_t5p799_to_t10_20260714,445
6244,6.245,21,1763,12,lomps_l5d21_from_t5p799_to_t10_20260714,446
6245,6.246,21,1764,12,lomps_l5d21_from_t5p799_to_t10_20260714,447
6246,6.247,21,1765,12,lomps_l5d21_from_t5p799_to_t10_20260714,448
6247,6.248,21,1766,12,lomps_l5d21_from_t5p799_to_t10_20260714,449
6248,6.249,21,1767,12,lomps_l5d21_from_t5p799_to_t10_20260714,450
6249,6.25,21,1768,12,lomps_l5d21_from_t5p799_to_t10_20260714,451
6250,6.251,21,1769,12,lomps_l5d21_from_t5p799_to_t10_20260714,452
6251,6.252,21,1770,12,lomps_l5d21_from_t5p799_to_t10_20260714,453
6252,6.253,21,1771,12,lomps_l5d21_from_t5p799_to_t10_20260714,454
6253,6.254,21,1772,12,lomps_l5d21_from_t5p799_to_t10_20260714,455
6254,6.255,21,1773,12,lomps_l5d21_from_t5p799_to_t10_20260714,456
6255,6.256,21,1774,12,lomps_l5d21_from_t5p799_to_t10_20260714,457
6256,6.257,21,1775,12,lomps_l5d21_from_t5p799_to_t10_20260714,458
6257,6.258,21,1776,12,lomps_l5d21_from_t5p799_to_t10_20260714,459
6258,6.259,21,1777,12,lomps_l5d21_from_t5p799_to_t10_20260714,460
6259,6.26,21,1778,12,lomps_l5d21_from_t5p799_to_t10_20260714,461
6260,6.261,21,1779,12,lomps_l5d21_from_t5p799_to_t10_20260714,462
6261,6.262,21,1780,12,lomps_l5d21_from_t5p799_to_t10_20260714,463
6262,6.263,21,1781,12,lomps_l5d21_from_t5p799_to_t10_20260714,464
6263,6.264,21,1782,12,lomps_l5d21_from_t5p799_to_t10_20260714,465
6264,6.265,21,1783,12,lomps_l5d21_from_t5p799_to_t10_20260714,466
6265,6.266,21,1784,12,lomps_l5d21_from_t5p799_to_t10_20260714,467
6266,6.267,21,1785,12,lomps_l5d21_from_t5p799_to_t10_20260714,468
6267,6.268,21,1786,12,lomps_l5d21_from_t5p799_to_t10_20260714,469
6268,6.269,21,1787,12,lomps_l5d21_from_t5p799_to_t10_20260714,470
6269,6.27,21,1788,12,lomps_l5d21_from_t5p799_to_t10_20260714,471
6270,6.271,21,1789,12,lomps_l5d21_from_t5p799_to_t10_20260714,472
6271,6.272,21,1790,12,lomps_l5d21_from_t5p799_to_t10_20260714,473
6272,6.273,21,1791,12,lomps_l5d21_from_t5p799_to_t10_20260714,474
6273,6.274,21,1792,12,lomps_l5d21_from_t5p799_to_t10_20260714,475
6274,6.275,21,1793,12,lomps_l5d21_from_t5p799_to_t10_20260714,476
6275,6.276,21,1794,12,lomps_l5d21_from_t5p799_to_t10_20260714,477
6276,6.277,21,1795,12,lomps_l5d21_from_t5p799_to_t10_20260714,478
6277,6.278,21,1796,12,lomps_l5d21_from_t5p799_to_t10_20260714,479
6278,6.279,21,1797,12,lomps_l5d21_from_t5p799_to_t10_20260714,480
6279,6.28,21,1798,12,lomps_l5d21_from_t5p799_to_t10_20260714,481
6280,6.281,21,1799,12,lomps_l5d21_from_t5p799_to_t10_20260714,482
6281,6.282,21,1800,12,lomps_l5d21_from_t5p799_to_t10_20260714,483
6282,6.283,21,1801,12,lomps_l5d21_from_t5p799_to_t10_20260714,484
6283,6.284,21,1802,12,lomps_l5d21_from_t5p799_to_t10_20260714,485
6284,6.285,21,1803,12,lomps_l5d21_from_t5p799_to_t10_20260714,486
6285,6.286,21,1804,12,lomps_l5d21_from_t5p799_to_t10_20260714,487
6286,6.287,21,1805,12,lomps_l5d21_from_t5p799_to_t10_20260714,488
6287,6.288,21,1806,12,lomps_l5d21_from_t5p799_to_t10_20260714,489
6288,6.289,21,1807,12,lomps_l5d21_from_t5p799_to_t10_20260714,490
6289,6.29,21,1808,12,lomps_l5d21_from_t5p799_to_t10_20260714,491
6290,6.291,21,1809,12,lomps_l5d21_from_t5p799_to_t10_20260714,492
6291,6.292,21,1810,12,lomps_l5d21_from_t5p799_to_t10_20260714,493
6292,6.293,21,1811,12,lomps_l5d21_from_t5p799_to_t10_20260714,494
6293,6.294,21,1812,12,lomps_l5d21_from_t5p799_to_t10_20260714,495
6294,6.295,21,1813,12,lomps_l5d21_from_t5p799_to_t10_20260714,496
6295,6.296,21,1814,12,lomps_l5d21_from_t5p799_to_t10_20260714,497
6296,6.297,21,1815,12,lomps_l5d21_from_t5p799_to_t10_20260714,498
6297,6.298,21,1816,12,lomps_l5d21_from_t5p799_to_t10_20260714,499
6298,6.299,21,1817,12,lomps_l5d21_from_t5p799_to_t10_20260714,500
6299,6.3,21,1818,12,lomps_l5d21_from_t5p799_to_t10_20260714,501
6300,6.301,21,1819,12,lomps_l5d21_from_t5p799_to_t10_20260714,502
6301,6.302,21,1820,12,lomps_l5d21_from_t5p799_to_t10_20260714,503
6302,6.303,21,1821,12,lomps_l5d21_from_t5p799_to_t10_20260714,504
6303,6.304,21,1822,12,lomps_l5d21_from_t5p799_to_t10_20260714,505
6304,6.305,21,1823,12,lomps_l5d21_from_t5p799_to_t10_20260714,506
6305,6.306,21,1824,12,lomps_l5d21_from_t5p799_to_t10_20260714,507
6306,6.307,21,1825,12,lomps_l5d21_from_t5p799_to_t10_20260714,508
6307,6.308,21,1826,12,lomps_l5d21_from_t5p799_to_t10_20260714,509
6308,6.309,21,1827,12,lomps_l5d21_from_t5p799_to_t10_20260714,510
6309,6.31,21,1828,12,lomps_l5d21_from_t5p799_to_t10_20260714,511
6310,6.311,21,1829,12,lomps_l5d21_from_t5p799_to_t10_20260714,512
6311,6.312,21,1830,12,lomps_l5d21_from_t5p799_to_t10_20260714,513
6312,6.313,21,1831,12,lomps_l5d21_from_t5p799_to_t10_20260714,514
6313,6.314,21,1832,12,lomps_l5d21_from_t5p799_to_t10_20260714,515
6314,6.315,21,1833,12,lomps_l5d21_from_t5p799_to_t10_20260714,516
6315,6.316,21,1834,12,lomps_l5d21_from_t5p799_to_t10_20260714,517
6316,6.317,21,1835,12,lomps_l5d21_from_t5p799_to_t10_20260714,518
6317,6.318,21,1836,12,lomps_l5d21_from_t5p799_to_t10_20260714,519
6318,6.319,21,1837,12,lomps_l5d21_from_t5p799_to_t10_20260714,520
6319,6.32,21,1838,12,lomps_l5d21_from_t5p799_to_t10_20260714,521
6320,6.321,21,1839,12,lomps_l5d21_from_t5p799_to_t10_20260714,522
6321,6.322,21,1840,12,lomps_l5d21_from_t5p799_to_t10_20260714,523
6322,6.323,21,1841,12,lomps_l5d21_from_t5p799_to_t10_20260714,524
6323,6.324,21,1842,12,lomps_l5d21_from_t5p799_to_t10_20260714,525
6324,6.325,21,1843,12,lomps_l5d21_from_t5p799_to_t10_20260714,526
6325,6.326,21,1844,12,lomps_l5d21_from_t5p799_to_t10_20260714,527
6326,6.327,21,1845,12,lomps_l5d21_from_t5p799_to_t10_20260714,528
6327,6.328,21,1846,12,lomps_l5d21_from_t5p799_to_t10_20260714,529
6328,6.329,21,1847,12,lomps_l5d21_from_t5p799_to_t10_20260714,530
6329,6.33,21,1848,12,lomps_l5d21_from_t5p799_to_t10_20260714,531
6330,6.331,21,1849,12,lomps_l5d21_from_t5p799_to_t10_20260714,532
6331,6.332,21,1850,12,lomps_l5d21_from_t5p799_to_t10_20260714,533
6332,6.333,21,1851,12,lomps_l5d21_from_t5p799_to_t10_20260714,534
6333,6.334,21,1852,12,lomps_l5d21_from_t5p799_to_t10_20260714,535
6334,6.335,21,1853,12,lomps_l5d21_from_t5p799_to_t10_20260714,536
6335,6.336,21,1854,12,lomps_l5d21_from_t5p799_to_t10_20260714,537
6336,6.337,21,1855,12,lomps_l5d21_from_t5p799_to_t10_20260714,538
6337,6.338,21,1856,12,lomps_l5d21_from_t5p799_to_t10_20260714,539
6338,6.339,21,1857,12,lomps_l5d21_from_t5p799_to_t10_20260714,540
6339,6.34,21,1858,12,lomps_l5d21_from_t5p799_to_t10_20260714,541
6340,6.341,21,1859,12,lomps_l5d21_from_t5p799_to_t10_20260714,542
6341,6.342,21,1860,12,lomps_l5d21_from_t5p799_to_t10_20260714,543
6342,6.343,21,1861,12,lomps_l5d21_from_t5p799_to_t10_20260714,544
6343,6.344,21,1862,12,lomps_l5d21_from_t5p799_to_t10_20260714,545
6344,6.345,21,1863,12,lomps_l5d21_from_t5p799_to_t10_20260714,546
6345,6.346,21,1864,12,lomps_l5d21_from_t5p799_to_t10_20260714,547
6346,6.347,21,1865,12,lomps_l5d21_from_t5p799_to_t10_20260714,548
6347,6.348,21,1866,12,lomps_l5d21_from_t5p799_to_t10_20260714,549
6348,6.349,21,1867,12,lomps_l5d21_from_t5p799_to_t10_20260714,550
6349,6.35,21,1868,12,lomps_l5d21_from_t5p799_to_t10_20260714,551
6350,6.351,21,1869,12,lomps_l5d21_from_t5p799_to_t10_20260714,552
6351,6.352,21,1870,12,lomps_l5d21_from_t5p799_to_t10_20260714,553
6352,6.353,21,1871,12,lomps_l5d21_from_t5p799_to_t10_20260714,554
6353,6.354,21,1872,12,lomps_l5d21_from_t5p799_to_t10_20260714,555
6354,6.355,21,1873,12,lomps_l5d21_from_t5p799_to_t10_20260714,556
6355,6.356,21,1874,12,lomps_l5d21_from_t5p799_to_t10_20260714,557
6356,6.357,21,1875,12,lomps_l5d21_from_t5p799_to_t10_20260714,558
6357,6.358,21,1876,12,lomps_l5d21_from_t5p799_to_t10_20260714,559
6358,6.359,21,1877,12,lomps_l5d21_from_t5p799_to_t10_20260714,560
6359,6.36,21,1878,12,lomps_l5d21_from_t5p799_to_t10_20260714,561
6360,6.361,21,1879,12,lomps_l5d21_from_t5p799_to_t10_20260714,562
6361,6.362,21,1880,12,lomps_l5d21_from_t5p799_to_t10_20260714,563
6362,6.363,21,1881,12,lomps_l5d21_from_t5p799_to_t10_20260714,564
6363,6.364,21,1882,12,lomps_l5d21_from_t5p799_to_t10_20260714,565
6364,6.365,21,1883,12,lomps_l5d21_from_t5p799_to_t10_20260714,566
6365,6.366,21,1884,12,lomps_l5d21_from_t5p799_to_t10_20260714,567
6366,6.367,21,1885,12,lomps_l5d21_from_t5p799_to_t10_20260714,568
6367,6.368,21,1886,12,lomps_l5d21_from_t5p799_to_t10_20260714,569
6368,6.369,21,1887,12,lomps_l5d21_from_t5p799_to_t10_20260714,570
6369,6.37,21,1888,12,lomps_l5d21_from_t5p799_to_t10_20260714,571
6370,6.371,21,1889,12,lomps_l5d21_from_t5p799_to_t10_20260714,572
6371,6.372,21,1890,12,lomps_l5d21_from_t5p799_to_t10_20260714,573
6372,6.373,21,1891,12,lomps_l5d21_from_t5p799_to_t10_20260714,574
6373,6.374,21,1892,12,lomps_l5d21_from_t5p799_to_t10_20260714,575
6374,6.375,21,1893,12,lomps_l5d21_from_t5p799_to_t10_20260714,576
6375,6.376,21,1894,12,lomps_l5d21_from_t5p799_to_t10_20260714,577
6376,6.377,21,1895,12,lomps_l5d21_from_t5p799_to_t10_20260714,578
6377,6.378,21,1896,12,lomps_l5d21_from_t5p799_to_t10_20260714,579
6378,6.379,21,1897,12,lomps_l5d21_from_t5p799_to_t10_20260714,580
6379,6.38,21,1898,12,lomps_l5d21_from_t5p799_to_t10_20260714,581
6380,6.381,21,1899,12,lomps_l5d21_from_t5p799_to_t10_20260714,582
6381,6.382,21,1900,12,lomps_l5d21_from_t5p799_to_t10_20260714,583
6382,6.383,21,1901,12,lomps_l5d21_from_t5p799_to_t10_20260714,584
6383,6.384,21,1902,12,lomps_l5d21_from_t5p799_to_t10_20260714,585
6384,6.385,21,1903,12,lomps_l5d21_from_t5p799_to_t10_20260714,586
6385,6.386,21,1904,12,lomps_l5d21_from_t5p799_to_t10_20260714,587
6386,6.387,21,1905,12,lomps_l5d21_from_t5p799_to_t10_20260714,588
6387,6.388,21,1906,12,lomps_l5d21_from_t5p799_to_t10_20260714,589
6388,6.389,21,1907,12,lomps_l5d21_from_t5p799_to_t10_20260714,590
6389,6.39,21,1908,12,lomps_l5d21_from_t5p799_to_t10_20260714,591
6390,6.391,21,1909,12,lomps_l5d21_from_t5p799_to_t10_20260714,592
6391,6.392,21,1910,12,lomps_l5d21_from_t5p799_to_t10_20260714,593
6392,6.393,21,1911,12,lomps_l5d21_from_t5p799_to_t10_20260714,594
6393,6.394,21,1912,12,lomps_l5d21_from_t5p799_to_t10_20260714,595
6394,6.395,21,1913,12,lomps_l5d21_from_t5p799_to_t10_20260714,596
6395,6.396,21,1914,12,lomps_l5d21_from_t5p799_to_t10_20260714,597
6396,6.397,21,1915,12,lomps_l5d21_from_t5p799_to_t10_20260714,598
6397,6.398,21,1916,12,lomps_l5d21_from_t5p799_to_t10_20260714,599
6398,6.399,21,1917,12,lomps_l5d21_from_t5p799_to_t10_20260714,600
6399,6.4,21,1918,12,lomps_l5d21_from_t5p799_to_t10_20260714,601
6400,6.401,21,1919,12,lomps_l5d21_from_t5p799_to_t10_20260714,602
6401,6.402,21,1920,12,lomps_l5d21_from_t5p799_to_t10_20260714,603
6402,6.403,21,1921,12,lomps_l5d21_from_t5p799_to_t10_20260714,604
6403,6.404,21,1922,12,lomps_l5d21_from_t5p799_to_t10_20260714,605
6404,6.405,21,1923,12,lomps_l5d21_from_t5p799_to_t10_20260714,606
6405,6.406,21,1924,12,lomps_l5d21_from_t5p799_to_t10_20260714,607
6406,6.407,21,1925,12,lomps_l5d21_from_t5p799_to_t10_20260714,608
6407,6.408,21,1926,12,lomps_l5d21_from_t5p799_to_t10_20260714,609
6408,6.409,21,1927,12,lomps_l5d21_from_t5p799_to_t10_20260714,610
6409,6.41,21,1928,12,lomps_l5d21_from_t5p799_to_t10_20260714,611
6410,6.411,21,1929,12,lomps_l5d21_from_t5p799_to_t10_20260714,612
6411,6.412,21,1930,12,lomps_l5d21_from_t5p799_to_t10_20260714,613
6412,6.413,21,1931,12,lomps_l5d21_from_t5p799_to_t10_20260714,614
6413,6.414,21,1932,12,lomps_l5d21_from_t5p799_to_t10_20260714,615
6414,6.415,21,1933,12,lomps_l5d21_from_t5p799_to_t10_20260714,616
6415,6.416,21,1934,12,lomps_l5d21_from_t5p799_to_t10_20260714,617
6416,6.417,21,1935,12,lomps_l5d21_from_t5p799_to_t10_20260714,618
6417,6.418,21,1936,12,lomps_l5d21_from_t5p799_to_t10_20260714,619
6418,6.419,21,1937,12,lomps_l5d21_from_t5p799_to_t10_20260714,620
6419,6.42,21,1938,12,lomps_l5d21_from_t5p799_to_t10_20260714,621
6420,6.421,21,1939,12,lomps_l5d21_from_t5p799_to_t10_20260714,622
6421,6.422,21,1940,12,lomps_l5d21_from_t5p799_to_t10_20260714,623
6422,6.423,21,1941,12,lomps_l5d21_from_t5p799_to_t10_20260714,624
6423,6.424,21,1942,12,lomps_l5d21_from_t5p799_to_t10_20260714,625
6424,6.425,21,1943,12,lomps_l5d21_from_t5p799_to_t10_20260714,626
6425,6.426,21,1944,12,lomps_l5d21_from_t5p799_to_t10_20260714,627
6426,6.427,21,1945,12,lomps_l5d21_from_t5p799_to_t10_20260714,628
6427,6.428,21,1946,12,lomps_l5d21_from_t5p799_to_t10_20260714,629
6428,6.429,21,1947,12,lomps_l5d21_from_t5p799_to_t10_20260714,630
6429,6.43,21,1948,12,lomps_l5d21_from_t5p799_to_t10_20260714,631
6430,6.431,21,1949,12,lomps_l5d21_from_t5p799_to_t10_20260714,632
6431,6.432,21,1950,12,lomps_l5d21_from_t5p799_to_t10_20260714,633
6432,6.433,21,1951,12,lomps_l5d21_from_t5p799_to_t10_20260714,634
6433,6.434,21,1952,12,lomps_l5d21_from_t5p799_to_t10_20260714,635
6434,6.435,21,1953,12,lomps_l5d21_from_t5p799_to_t10_20260714,636
6435,6.436,21,1954,12,lomps_l5d21_from_t5p799_to_t10_20260714,637
6436,6.437,21,1955,12,lomps_l5d21_from_t5p799_to_t10_20260714,638
6437,6.438,21,1956,12,lomps_l5d21_from_t5p799_to_t10_20260714,639
6438,6.439,21,1957,12,lomps_l5d21_from_t5p799_to_t10_20260714,640
6439,6.44,21,1958,12,lomps_l5d21_from_t5p799_to_t10_20260714,641
6440,6.441,21,1959,12,lomps_l5d21_from_t5p799_to_t10_20260714,642
6441,6.442,21,1960,12,lomps_l5d21_from_t5p799_to_t10_20260714,643
6442,6.443,21,1961,12,lomps_l5d21_from_t5p799_to_t10_20260714,644
6443,6.444,21,1962,12,lomps_l5d21_from_t5p799_to_t10_20260714,645
6444,6.445,21,1963,12,lomps_l5d21_from_t5p799_to_t10_20260714,646
6445,6.446,21,1964,12,lomps_l5d21_from_t5p799_to_t10_20260714,647
6446,6.447,21,1965,12,lomps_l5d21_from_t5p799_to_t10_20260714,648
6447,6.448,21,1966,12,lomps_l5d21_from_t5p799_to_t10_20260714,649
6448,6.449,21,1967,12,lomps_l5d21_from_t5p799_to_t10_20260714,650
6449,6.45,21,1968,12,lomps_l5d21_from_t5p799_to_t10_20260714,651
6450,6.451,21,1969,12,lomps_l5d21_from_t5p799_to_t10_20260714,652
6451,6.452,21,1970,12,lomps_l5d21_from_t5p799_to_t10_20260714,653
6452,6.453,21,1971,12,lomps_l5d21_from_t5p799_to_t10_20260714,654
6453,6.454,21,1972,12,lomps_l5d21_from_t5p799_to_t10_20260714,655
6454,6.455,21,1973,12,lomps_l5d21_from_t5p799_to_t10_20260714,656
6455,6.456,21,1974,12,lomps_l5d21_from_t5p799_to_t10_20260714,657
6456,6.457,21,1975,12,lomps_l5d21_from_t5p799_to_t10_20260714,658
6457,6.458,21,1976,12,lomps_l5d21_from_t5p799_to_t10_20260714,659
6458,6.459,21,1977,12,lomps_l5d21_from_t5p799_to_t10_20260714,660
6459,6.46,21,1978,12,lomps_l5d21_from_t5p799_to_t10_20260714,661
6460,6.461,21,1979,12,lomps_l5d21_from_t5p799_to_t10_20260714,662
6461,6.462,21,1980,12,lomps_l5d21_from_t5p799_to_t10_20260714,663
6462,6.463,21,1981,12,lomps_l5d21_from_t5p799_to_t10_20260714,664
6463,6.464,21,1982,12,lomps_l5d21_from_t5p799_to_t10_20260714,665
6464,6.465,21,1983,12,lomps_l5d21_from_t5p799_to_t10_20260714,666
6465,6.466,21,1984,12,lomps_l5d21_from_t5p799_to_t10_20260714,667
6466,6.467,21,1985,12,lomps_l5d21_from_t5p799_to_t10_20260714,668
6467,6.468,21,1986,12,lomps_l5d21_from_t5p799_to_t10_20260714,669
6468,6.469,21,1987,12,lomps_l5d21_from_t5p799_to_t10_20260714,670
6469,6.47,21,1988,12,lomps_l5d21_from_t5p799_to_t10_20260714,671
6470,6.471,21,1989,12,lomps_l5d21_from_t5p799_to_t10_20260714,672
6471,6.472,21,1990,12,lomps_l5d21_from_t5p799_to_t10_20260714,673
6472,6.473,21,1991,12,lomps_l5d21_from_t5p799_to_t10_20260714,674
6473,6.474,21,1992,12,lomps_l5d21_from_t5p799_to_t10_20260714,675
6474,6.475,21,1993,12,lomps_l5d21_from_t5p799_to_t10_20260714,676
6475,6.476,21,1994,12,lomps_l5d21_from_t5p799_to_t10_20260714,677
6476,6.477,21,1995,12,lomps_l5d21_from_t5p799_to_t10_20260714,678
6477,6.478,21,1996,12,lomps_l5d21_from_t5p799_to_t10_20260714,679
6478,6.479,21,1997,12,lomps_l5d21_from_t5p799_to_t10_20260714,680
6479,6.48,21,1998,12,lomps_l5d21_from_t5p799_to_t10_20260714,681
6480,6.481,21,1999,12,lomps_l5d21_from_t5p799_to_t10_20260714,682
6481,6.482,21,2000,12,lomps_l5d21_from_t5p799_to_t10_20260714,683
6482,6.483,21,2001,12,lomps_l5d21_from_t5p799_to_t10_20260714,684
6483,6.484,21,2002,12,lomps_l5d21_from_t5p799_to_t10_20260714,685
6484,6.485,21,2003,12,lomps_l5d21_from_t5p799_to_t10_20260714,686
6485,6.486,21,2004,12,lomps_l5d21_from_t5p799_to_t10_20260714,687
6486,6.487,21,2005,12,lomps_l5d21_from_t5p799_to_t10_20260714,688
6487,6.488,21,2006,12,lomps_l5d21_from_t5p799_to_t10_20260714,689
6488,6.489,21,2007,12,lomps_l5d21_from_t5p799_to_t10_20260714,690
6489,6.49,21,2008,12,lomps_l5d21_from_t5p799_to_t10_20260714,691
6490,6.491,21,2009,12,lomps_l5d21_from_t5p799_to_t10_20260714,692
6491,6.492,21,2010,12,lomps_l5d21_from_t5p799_to_t10_20260714,693
6492,6.493,21,2011,12,lomps_l5d21_from_t5p799_to_t10_20260714,694
6493,6.494,21,2012,12,lomps_l5d21_from_t5p799_to_t10_20260714,695
6494,6.495,21,2013,12,lomps_l5d21_from_t5p799_to_t10_20260714,696
6495,6.496,21,2014,12,lomps_l5d21_from_t5p799_to_t10_20260714,697
6496,6.497,21,2015,12,lomps_l5d21_from_t5p799_to_t10_20260714,698
6497,6.498,21,2016,12,lomps_l5d21_from_t5p799_to_t10_20260714,699
6498,6.499,21,2017,12,lomps_l5d21_from_t5p799_to_t10_20260714,700
6499,6.5,21,2018,12,lomps_l5d21_from_t5p799_to_t10_20260714,701
6500,6.501,21,2019,12,lomps_l5d21_from_t5p799_to_t10_20260714,702
6501,6.502,21,2020,12,lomps_l5d21_from_t5p799_to_t10_20260714,703
6502,6.503,21,2021,12,lomps_l5d21_from_t5p799_to_t10_20260714,704
6503,6.504,21,2022,12,lomps_l5d21_from_t5p799_to_t10_20260714,705
6504,6.505,21,2023,12,lomps_l5d21_from_t5p799_to_t10_20260714,706
6505,6.506,21,2024,12,lomps_l5d21_from_t5p799_to_t10_20260714,707
6506,6.507,21,2025,12,lomps_l5d21_from_t5p799_to_t10_20260714,708
6507,6.508,21,2026,12,lomps_l5d21_from_t5p799_to_t10_20260714,709
6508,6.509,21,2027,12,lomps_l5d21_from_t5p799_to_t10_20260714,710
6509,6.51,21,2028,12,lomps_l5d21_from_t5p799_to_t10_20260714,711
6510,6.511,21,2029,12,lomps_l5d21_from_t5p799_to_t10_20260714,712
6511,6.512,21,2030,12,lomps_l5d21_from_t5p799_to_t10_20260714,713
6512,6.513,21,2031,12,lomps_l5d21_from_t5p799_to_t10_20260714,714
6513,6.514,21,2032,12,lomps_l5d21_from_t5p799_to_t10_20260714,715
6514,6.515,21,2033,12,lomps_l5d21_from_t5p799_to_t10_20260714,716
6515,6.516,21,2034,12,lomps_l5d21_from_t5p799_to_t10_20260714,717
6516,6.517,21,2035,12,lomps_l5d21_from_t5p799_to_t10_20260714,718
6517,6.518,21,2036,12,lomps_l5d21_from_t5p799_to_t10_20260714,719
6518,6.519,21,2037,12,lomps_l5d21_from_t5p799_to_t10_20260714,720
6519,6.52,21,2038,12,lomps_l5d21_from_t5p799_to_t10_20260714,721
6520,6.521,21,2039,12,lomps_l5d21_from_t5p799_to_t10_20260714,722
6521,6.522,21,2040,12,lomps_l5d21_from_t5p799_to_t10_20260714,723
6522,6.523,21,2041,12,lomps_l5d21_from_t5p799_to_t10_20260714,724
6523,6.524,21,2042,12,lomps_l5d21_from_t5p799_to_t10_20260714,725
6524,6.525,21,2043,12,lomps_l5d21_from_t5p799_to_t10_20260714,726
6525,6.526,21,2044,12,lomps_l5d21_from_t5p799_to_t10_20260714,727
6526,6.527,21,2045,12,lomps_l5d21_from_t5p799_to_t10_20260714,728
6527,6.528,21,2046,12,lomps_l5d21_from_t5p799_to_t10_20260714,729
6528,6.529,21,2047,12,lomps_l5d21_from_t5p799_to_t10_20260714,730
6529,6.53,21,2048,12,lomps_l5d21_from_t5p799_to_t10_20260714,731
6530,6.531,21,2049,12,lomps_l5d21_from_t5p799_to_t10_20260714,732
6531,6.532,21,2050,12,lomps_l5d21_from_t5p799_to_t10_20260714,733
6532,6.533,21,2051,12,lomps_l5d21_from_t5p799_to_t10_20260714,734
6533,6.534,21,2052,12,lomps_l5d21_from_t5p799_to_t10_20260714,735
6534,6.535,21,2053,12,lomps_l5d21_from_t5p799_to_t10_20260714,736
6535,6.536,21,2054,12,lomps_l5d21_from_t5p799_to_t10_20260714,737
6536,6.537,21,2055,12,lomps_l5d21_from_t5p799_to_t10_20260714,738
6537,6.538,21,2056,12,lomps_l5d21_from_t5p799_to_t10_20260714,739
6538,6.539,21,2057,12,lomps_l5d21_from_t5p799_to_t10_20260714,740
6539,6.54,21,2058,12,lomps_l5d21_from_t5p799_to_t10_20260714,741
6540,6.541,21,2059,12,lomps_l5d21_from_t5p799_to_t10_20260714,742
6541,6.542,21,2060,12,lomps_l5d21_from_t5p799_to_t10_20260714,743
6542,6.543,21,2061,12,lomps_l5d21_from_t5p799_to_t10_20260714,744
6543,6.544,21,2062,12,lomps_l5d21_from_t5p799_to_t10_20260714,745
6544,6.545,21,2063,12,lomps_l5d21_from_t5p799_to_t10_20260714,746
6545,6.546,21,2064,12,lomps_l5d21_from_t5p799_to_t10_20260714,747
6546,6.547,21,2065,12,lomps_l5d21_from_t5p799_to_t10_20260714,748
6547,6.548,21,2066,12,lomps_l5d21_from_t5p799_to_t10_20260714,749
6548,6.549,21,2067,12,lomps_l5d21_from_t5p799_to_t10_20260714,750
6549,6.55,21,2068,12,lomps_l5d21_from_t5p799_to_t10_20260714,751
6550,6.551,21,2069,12,lomps_l5d21_from_t5p799_to_t10_20260714,752
6551,6.552,21,2070,12,lomps_l5d21_from_t5p799_to_t10_20260714,753
6552,6.553,21,2071,12,lomps_l5d21_from_t5p799_to_t10_20260714,754
6553,6.554,21,2072,12,lomps_l5d21_from_t5p799_to_t10_20260714,755
6554,6.555,21,2073,12,lomps_l5d21_from_t5p799_to_t10_20260714,756
6555,6.556,21,2074,12,lomps_l5d21_from_t5p799_to_t10_20260714,757
6556,6.557,21,2075,12,lomps_l5d21_from_t5p799_to_t10_20260714,758
6557,6.558,21,2076,12,lomps_l5d21_from_t5p799_to_t10_20260714,759
6558,6.559,21,2077,12,lomps_l5d21_from_t5p799_to_t10_20260714,760
6559,6.56,21,2078,12,lomps_l5d21_from_t5p799_to_t10_20260714,761
6560,6.561,21,2079,12,lomps_l5d21_from_t5p799_to_t10_20260714,762
6561,6.562,21,2080,12,lomps_l5d21_from_t5p799_to_t10_20260714,763
6562,6.563,21,2081,12,lomps_l5d21_from_t5p799_to_t10_20260714,764
6563,6.564,21,2082,12,lomps_l5d21_from_t5p799_to_t10_20260714,765
6564,6.565,21,2083,12,lomps_l5d21_from_t5p799_to_t10_20260714,766
6565,6.566,21,2084,12,lomps_l5d21_from_t5p799_to_t10_20260714,767
6566,6.567,21,2085,12,lomps_l5d21_from_t5p799_to_t10_20260714,768
6567,6.568,21,2086,12,lomps_l5d21_from_t5p799_to_t10_20260714,769
6568,6.569,21,2087,12,lomps_l5d21_from_t5p799_to_t10_20260714,770
6569,6.57,21,2088,12,lomps_l5d21_from_t5p799_to_t10_20260714,771
6570,6.571,21,2089,12,lomps_l5d21_from_t5p799_to_t10_20260714,772
6571,6.572,21,2090,12,lomps_l5d21_from_t5p799_to_t10_20260714,773
6572,6.573,21,2091,12,lomps_l5d21_from_t5p799_to_t10_20260714,774
6573,6.574,21,2092,12,lomps_l5d21_from_t5p799_to_t10_20260714,775
6574,6.575,21,2093,12,lomps_l5d21_from_t5p799_to_t10_20260714,776
6575,6.576,21,2094,12,lomps_l5d21_from_t5p799_to_t10_20260714,777
6576,6.577,21,2095,12,lomps_l5d21_from_t5p799_to_t10_20260714,778
6577,6.578,21,2096,12,lomps_l5d21_from_t5p799_to_t10_20260714,779
6578,6.579,21,2097,12,lomps_l5d21_from_t5p799_to_t10_20260714,780
6579,6.58,21,2098,12,lomps_l5d21_from_t5p799_to_t10_20260714,781
6580,6.581,21,2099,12,lomps_l5d21_from_t5p799_to_t10_20260714,782
6581,6.582,21,2100,12,lomps_l5d21_from_t5p799_to_t10_20260714,783
6582,6.583,21,2101,12,lomps_l5d21_from_t5p799_to_t10_20260714,784
6583,6.584,21,2102,12,lomps_l5d21_from_t5p799_to_t10_20260714,785
6584,6.585,21,2103,12,lomps_l5d21_from_t5p799_to_t10_20260714,786
6585,6.586,21,2104,12,lomps_l5d21_from_t5p799_to_t10_20260714,787
6586,6.587,21,2105,12,lomps_l5d21_from_t5p799_to_t10_20260714,788
6587,6.588,21,2106,12,lomps_l5d21_from_t5p799_to_t10_20260714,789
6588,6.589,21,2107,12,lomps_l5d21_from_t5p799_to_t10_20260714,790
6589,6.59,21,2108,12,lomps_l5d21_from_t5p799_to_t10_20260714,791
6590,6.591,21,2109,12,lomps_l5d21_from_t5p799_to_t10_20260714,792
6591,6.592,21,2110,12,lomps_l5d21_from_t5p799_to_t10_20260714,793
6592,6.593,21,2111,12,lomps_l5d21_from_t5p799_to_t10_20260714,794
6593,6.594,21,2112,12,lomps_l5d21_from_t5p799_to_t10_20260714,795
6594,6.595,21,2113,12,lomps_l5d21_from_t5p799_to_t10_20260714,796
6595,6.596,21,2114,12,lomps_l5d21_from_t5p799_to_t10_20260714,797
6596,6.597,21,2115,12,lomps_l5d21_from_t5p799_to_t10_20260714,798
6597,6.598,21,2116,12,lomps_l5d21_from_t5p799_to_t10_20260714,799
6598,6.599,21,2117,12,lomps_l5d21_from_t5p799_to_t10_20260714,800
6599,6.6,21,2118,12,lomps_l5d21_from_t5p799_to_t10_20260714,801
6600,6.601,21,2119,12,lomps_l5d21_from_t5p799_to_t10_20260714,802
6601,6.602,21,2120,12,lomps_l5d21_from_t5p799_to_t10_20260714,803
6602,6.603,21,2121,12,lomps_l5d21_from_t5p799_to_t10_20260714,804
6603,6.604,21,2122,12,lomps_l5d21_from_t5p799_to_t10_20260714,805
6604,6.605,21,2123,12,lomps_l5d21_from_t5p799_to_t10_20260714,806
6605,6.606,21,2124,12,lomps_l5d21_from_t5p799_to_t10_20260714,807
6606,6.607,21,2125,12,lomps_l5d21_from_t5p799_to_t10_20260714,808
6607,6.608,21,2126,12,lomps_l5d21_from_t5p799_to_t10_20260714,809
6608,6.609,21,2127,12,lomps_l5d21_from_t5p799_to_t10_20260714,810
6609,6.61,21,2128,12,lomps_l5d21_from_t5p799_to_t10_20260714,811
6610,6.611,21,2129,12,lomps_l5d21_from_t5p799_to_t10_20260714,812
6611,6.612,21,2130,12,lomps_l5d21_from_t5p799_to_t10_20260714,813
6612,6.613,21,2131,12,lomps_l5d21_from_t5p799_to_t10_20260714,814
6613,6.614,21,2132,12,lomps_l5d21_from_t5p799_to_t10_20260714,815
6614,6.615,21,2133,12,lomps_l5d21_from_t5p799_to_t10_20260714,816
6615,6.616,21,2134,12,lomps_l5d21_from_t5p799_to_t10_20260714,817
6616,6.617,21,2135,12,lomps_l5d21_from_t5p799_to_t10_20260714,818
6617,6.618,21,2136,12,lomps_l5d21_from_t5p799_to_t10_20260714,819
6618,6.619,21,2137,12,lomps_l5d21_from_t5p799_to_t10_20260714,820
6619,6.62,21,2138,12,lomps_l5d21_from_t5p799_to_t10_20260714,821
6620,6.621,21,2139,12,lomps_l5d21_from_t5p799_to_t10_20260714,822
6621,6.622,21,2140,12,lomps_l5d21_from_t5p799_to_t10_20260714,823
6622,6.623,21,2141,12,lomps_l5d21_from_t5p799_to_t10_20260714,824
6623,6.624,21,2142,12,lomps_l5d21_from_t5p799_to_t10_20260714,825
6624,6.625,21,2143,12,lomps_l5d21_from_t5p799_to_t10_20260714,826
6625,6.626,21,2144,12,lomps_l5d21_from_t5p799_to_t10_20260714,827
6626,6.627,21,2145,12,lomps_l5d21_from_t5p799_to_t10_20260714,828
6627,6.628,21,2146,12,lomps_l5d21_from_t5p799_to_t10_20260714,829
6628,6.629,21,2147,12,lomps_l5d21_from_t5p799_to_t10_20260714,830
6629,6.63,21,2148,12,lomps_l5d21_from_t5p799_to_t10_20260714,831
6630,6.631,21,2149,12,lomps_l5d21_from_t5p799_to_t10_20260714,832
6631,6.632,21,2150,12,lomps_l5d21_from_t5p799_to_t10_20260714,833
6632,6.633,21,2151,12,lomps_l5d21_from_t5p799_to_t10_20260714,834
6633,6.634,21,2152,12,lomps_l5d21_from_t5p799_to_t10_20260714,835
6634,6.635,21,2153,12,lomps_l5d21_from_t5p799_to_t10_20260714,836
6635,6.636,21,2154,12,lomps_l5d21_from_t5p799_to_t10_20260714,837
6636,6.637,21,2155,12,lomps_l5d21_from_t5p799_to_t10_20260714,838
6637,6.638,21,2156,12,lomps_l5d21_from_t5p799_to_t10_20260714,839
6638,6.639,21,2157,12,lomps_l5d21_from_t5p799_to_t10_20260714,840
6639,6.64,21,2158,12,lomps_l5d21_from_t5p799_to_t10_20260714,841
6640,6.641,21,2159,12,lomps_l5d21_from_t5p799_to_t10_20260714,842
6641,6.642,21,2160,12,lomps_l5d21_from_t5p799_to_t10_20260714,843
6642,6.643,21,2161,12,lomps_l5d21_from_t5p799_to_t10_20260714,844
6643,6.644,21,2162,12,lomps_l5d21_from_t5p799_to_t10_20260714,845
6644,6.645,21,2163,12,lomps_l5d21_from_t5p799_to_t10_20260714,846
6645,6.646,21,2164,12,lomps_l5d21_from_t5p799_to_t10_20260714,847
6646,6.647,21,2165,12,lomps_l5d21_from_t5p799_to_t10_20260714,848
6647,6.648,21,2166,12,lomps_l5d21_from_t5p799_to_t10_20260714,849
6648,6.649,21,2167,12,lomps_l5d21_from_t5p799_to_t10_20260714,850
6649,6.65,21,2168,12,lomps_l5d21_from_t5p799_to_t10_20260714,851
6650,6.651,21,2169,12,lomps_l5d21_from_t5p799_to_t10_20260714,852
6651,6.652,21,2170,12,lomps_l5d21_from_t5p799_to_t10_20260714,853
6652,6.653,21,2171,12,lomps_l5d21_from_t5p799_to_t10_20260714,854
6653,6.654,21,2172,12,lomps_l5d21_from_t5p799_to_t10_20260714,855
6654,6.655,21,2173,12,lomps_l5d21_from_t5p799_to_t10_20260714,856
6655,6.656,21,2174,12,lomps_l5d21_from_t5p799_to_t10_20260714,857
6656,6.657,21,2175,12,lomps_l5d21_from_t5p799_to_t10_20260714,858
6657,6.658,21,2176,12,lomps_l5d21_from_t5p799_to_t10_20260714,859
6658,6.659,21,2177,12,lomps_l5d21_from_t5p799_to_t10_20260714,860
6659,6.66,21,2178,12,lomps_l5d21_from_t5p799_to_t10_20260714,861
6660,6.661,21,2179,12,lomps_l5d21_from_t5p799_to_t10_20260714,862
6661,6.662,21,2180,12,lomps_l5d21_from_t5p799_to_t10_20260714,863
6662,6.663,21,2181,12,lomps_l5d21_from_t5p799_to_t10_20260714,864
6663,6.664,21,2182,12,lomps_l5d21_from_t5p799_to_t10_20260714,865
6664,6.665,21,2183,12,lomps_l5d21_from_t5p799_to_t10_20260714,866
6665,6.666,21,2184,12,lomps_l5d21_from_t5p799_to_t10_20260714,867
6666,6.667,21,2185,12,lomps_l5d21_from_t5p799_to_t10_20260714,868
6667,6.668,21,2186,12,lomps_l5d21_from_t5p799_to_t10_20260714,869
6668,6.669,21,2187,12,lomps_l5d21_from_t5p799_to_t10_20260714,870
6669,6.67,21,2188,12,lomps_l5d21_from_t5p799_to_t10_20260714,871
6670,6.671,21,2189,12,lomps_l5d21_from_t5p799_to_t10_20260714,872
6671,6.672,21,2190,12,lomps_l5d21_from_t5p799_to_t10_20260714,873
6672,6.673,21,2191,12,lomps_l5d21_from_t5p799_to_t10_20260714,874
6673,6.674,21,2192,12,lomps_l5d21_from_t5p799_to_t10_20260714,875
6674,6.675,21,2193,12,lomps_l5d21_from_t5p799_to_t10_20260714,876
6675,6.676,21,2194,12,lomps_l5d21_from_t5p799_to_t10_20260714,877
6676,6.677,21,2195,12,lomps_l5d21_from_t5p799_to_t10_20260714,878
6677,6.678,21,2196,12,lomps_l5d21_from_t5p799_to_t10_20260714,879
6678,6.679,21,2197,12,lomps_l5d21_from_t5p799_to_t10_20260714,880
6679,6.68,21,2198,12,lomps_l5d21_from_t5p799_to_t10_20260714,881
6680,6.681,21,2199,12,lomps_l5d21_from_t5p799_to_t10_20260714,882
6681,6.682,21,2200,12,lomps_l5d21_from_t5p799_to_t10_20260714,883
6682,6.683,21,2201,12,lomps_l5d21_from_t5p799_to_t10_20260714,884
6683,6.684,21,2202,12,lomps_l5d21_from_t5p799_to_t10_20260714,885
6684,6.685,21,2203,12,lomps_l5d21_from_t5p799_to_t10_20260714,886
6685,6.686,21,2204,12,lomps_l5d21_from_t5p799_to_t10_20260714,887
6686,6.687,21,2205,12,lomps_l5d21_from_t5p799_to_t10_20260714,888
6687,6.688,21,2206,12,lomps_l5d21_from_t5p799_to_t10_20260714,889
6688,6.689,21,2207,12,lomps_l5d21_from_t5p799_to_t10_20260714,890
6689,6.69,21,2208,12,lomps_l5d21_from_t5p799_to_t10_20260714,891
6690,6.691,21,2209,12,lomps_l5d21_from_t5p799_to_t10_20260714,892
6691,6.692,21,2210,12,lomps_l5d21_from_t5p799_to_t10_20260714,893
6692,6.693,21,2211,12,lomps_l5d21_from_t5p799_to_t10_20260714,894
6693,6.694,21,2212,12,lomps_l5d21_from_t5p799_to_t10_20260714,895
6694,6.695,21,2213,12,lomps_l5d21_from_t5p799_to_t10_20260714,896
6695,6.696,21,2214,12,lomps_l5d21_from_t5p799_to_t10_20260714,897
6696,6.697,21,2215,12,lomps_l5d21_from_t5p799_to_t10_20260714,898
6697,6.698,21,2216,12,lomps_l5d21_from_t5p799_to_t10_20260714,899
6698,6.699,21,2217,12,lomps_l5d21_from_t5p799_to_t10_20260714,900
6699,6.7,21,2218,12,lomps_l5d21_from_t5p799_to_t10_20260714,901
6700,6.701,21,2219,12,lomps_l5d21_from_t5p799_to_t10_20260714,902
6701,6.702,21,2220,12,lomps_l5d21_from_t5p799_to_t10_20260714,903
6702,6.703,21,2221,12,lomps_l5d21_from_t5p799_to_t10_20260714,904
6703,6.704,21,2222,12,lomps_l5d21_from_t5p799_to_t10_20260714,905
6704,6.705,21,2223,12,lomps_l5d21_from_t5p799_to_t10_20260714,906
6705,6.706,21,2224,12,lomps_l5d21_from_t5p799_to_t10_20260714,907
6706,6.707,21,2225,12,lomps_l5d21_from_t5p799_to_t10_20260714,908
6707,6.708,21,2226,12,lomps_l5d21_from_t5p799_to_t10_20260714,909
6708,6.709,21,2227,12,lomps_l5d21_from_t5p799_to_t10_20260714,910
6709,6.71,21,2228,12,lomps_l5d21_from_t5p799_to_t10_20260714,911
6710,6.711,21,2229,12,lomps_l5d21_from_t5p799_to_t10_20260714,912
6711,6.712,21,2230,12,lomps_l5d21_from_t5p799_to_t10_20260714,913
6712,6.713,21,2231,12,lomps_l5d21_from_t5p799_to_t10_20260714,914
6713,6.714,21,2232,12,lomps_l5d21_from_t5p799_to_t10_20260714,915
6714,6.715,21,2233,12,lomps_l5d21_from_t5p799_to_t10_20260714,916
6715,6.716,21,2234,12,lomps_l5d21_from_t5p799_to_t10_20260714,917
6716,6.717,21,2235,12,lomps_l5d21_from_t5p799_to_t10_20260714,918
6717,6.718,21,2236,12,lomps_l5d21_from_t5p799_to_t10_20260714,919
6718,6.719,21,2237,12,lomps_l5d21_from_t5p799_to_t10_20260714,920
6719,6.72,21,2238,12,lomps_l5d21_from_t5p799_to_t10_20260714,921
6720,6.721,21,2239,12,lomps_l5d21_from_t5p799_to_t10_20260714,922
6721,6.722,21,2240,12,lomps_l5d21_from_t5p799_to_t10_20260714,923
6722,6.723,21,2241,12,lomps_l5d21_from_t5p799_to_t10_20260714,924
6723,6.724,21,2242,12,lomps_l5d21_from_t5p799_to_t10_20260714,925
6724,6.725,21,2243,12,lomps_l5d21_from_t5p799_to_t10_20260714,926
6725,6.726,21,2244,12,lomps_l5d21_from_t5p799_to_t10_20260714,927
6726,6.727,21,2245,12,lomps_l5d21_from_t5p799_to_t10_20260714,928
6727,6.728,21,2246,12,lomps_l5d21_from_t5p799_to_t10_20260714,929
6728,6.729,21,2247,12,lomps_l5d21_from_t5p799_to_t10_20260714,930
6729,6.73,21,2248,12,lomps_l5d21_from_t5p799_to_t10_20260714,931
6730,6.731,21,2249,12,lomps_l5d21_from_t5p799_to_t10_20260714,932
6731,6.732,21,2250,12,lomps_l5d21_from_t5p799_to_t10_20260714,933
6732,6.733,21,2251,12,lomps_l5d21_from_t5p799_to_t10_20260714,934
6733,6.734,21,2252,12,lomps_l5d21_from_t5p799_to_t10_20260714,935
6734,6.735,21,2253,12,lomps_l5d21_from_t5p799_to_t10_20260714,936
6735,6.736,21,2254,12,lomps_l5d21_from_t5p799_to_t10_20260714,937
6736,6.737,21,2255,12,lomps_l5d21_from_t5p799_to_t10_20260714,938
6737,6.738,21,2256,12,lomps_l5d21_from_t5p799_to_t10_20260714,939
6738,6.739,21,2257,12,lomps_l5d21_from_t5p799_to_t10_20260714,940
6739,6.74,21,2258,12,lomps_l5d21_from_t5p799_to_t10_20260714,941
6740,6.741,21,2259,12,lomps_l5d21_from_t5p799_to_t10_20260714,942
6741,6.742,21,2260,12,lomps_l5d21_from_t5p799_to_t10_20260714,943
6742,6.743,21,2261,12,lomps_l5d21_from_t5p799_to_t10_20260714,944
6743,6.744,21,2262,12,lomps_l5d21_from_t5p799_to_t10_20260714,945
6744,6.745,21,2263,12,lomps_l5d21_from_t5p799_to_t10_20260714,946
6745,6.746,21,2264,12,lomps_l5d21_from_t5p799_to_t10_20260714,947
6746,6.747,21,2265,12,lomps_l5d21_from_t5p799_to_t10_20260714,948
6747,6.748,21,2266,12,lomps_l5d21_from_t5p799_to_t10_20260714,949
6748,6.749,21,2267,12,lomps_l5d21_from_t5p799_to_t10_20260714,950
6749,6.75,21,2268,12,lomps_l5d21_from_t5p799_to_t10_20260714,951
6750,6.751,21,2269,12,lomps_l5d21_from_t5p799_to_t10_20260714,952
6751,6.752,21,2270,12,lomps_l5d21_from_t5p799_to_t10_20260714,953
6752,6.753,21,2271,12,lomps_l5d21_from_t5p799_to_t10_20260714,954
6753,6.754,21,2272,12,lomps_l5d21_from_t5p799_to_t10_20260714,955
6754,6.755,21,2273,12,lomps_l5d21_from_t5p799_to_t10_20260714,956
6755,6.756,21,2274,12,lomps_l5d21_from_t5p799_to_t10_20260714,957
6756,6.757,21,2275,12,lomps_l5d21_from_t5p799_to_t10_20260714,958
6757,6.758,21,2276,12,lomps_l5d21_from_t5p799_to_t10_20260714,959
6758,6.759,21,2277,12,lomps_l5d21_from_t5p799_to_t10_20260714,960
6759,6.76,21,2278,12,lomps_l5d21_from_t5p799_to_t10_20260714,961
6760,6.761,21,2279,12,lomps_l5d21_from_t5p799_to_t10_20260714,962
6761,6.762,21,2280,12,lomps_l5d21_from_t5p799_to_t10_20260714,963
6762,6.763,21,2281,12,lomps_l5d21_from_t5p799_to_t10_20260714,964
6763,6.764,21,2282,12,lomps_l5d21_from_t5p799_to_t10_20260714,965
6764,6.765,21,2283,12,lomps_l5d21_from_t5p799_to_t10_20260714,966
6765,6.766,21,2284,12,lomps_l5d21_from_t5p799_to_t10_20260714,967
6766,6.767,21,2285,12,lomps_l5d21_from_t5p799_to_t10_20260714,968
6767,6.768,21,2286,12,lomps_l5d21_from_t5p799_to_t10_20260714,969
6768,6.769,21,2287,12,lomps_l5d21_from_t5p799_to_t10_20260714,970
6769,6.77,21,2288,12,lomps_l5d21_from_t5p799_to_t10_20260714,971
6770,6.771,21,2289,12,lomps_l5d21_from_t5p799_to_t10_20260714,972
6771,6.772,21,2290,12,lomps_l5d21_from_t5p799_to_t10_20260714,973
6772,6.773,21,2291,12,lomps_l5d21_from_t5p799_to_t10_20260714,974
6773,6.774,21,2292,12,lomps_l5d21_from_t5p799_to_t10_20260714,975
6774,6.775,21,2293,12,lomps_l5d21_from_t5p799_to_t10_20260714,976
6775,6.776,21,2294,12,lomps_l5d21_from_t5p799_to_t10_20260714,977
6776,6.777,21,2295,12,lomps_l5d21_from_t5p799_to_t10_20260714,978
6777,6.778,21,2296,12,lomps_l5d21_from_t5p799_to_t10_20260714,979
6778,6.779,21,2297,12,lomps_l5d21_from_t5p799_to_t10_20260714,980
6779,6.78,21,2298,12,lomps_l5d21_from_t5p799_to_t10_20260714,981
6780,6.781,21,2299,12,lomps_l5d21_from_t5p799_to_t10_20260714,982
6781,6.782,21,2300,12,lomps_l5d21_from_t5p799_to_t10_20260714,983
6782,6.783,21,2301,12,lomps_l5d21_from_t5p799_to_t10_20260714,984
6783,6.784,21,2302,12,lomps_l5d21_from_t5p799_to_t10_20260714,985
6784,6.785,21,2303,12,lomps_l5d21_from_t5p799_to_t10_20260714,986
6785,6.786,21,2304,12,lomps_l5d21_from_t5p799_to_t10_20260714,987
6786,6.787,21,2305,12,lomps_l5d21_from_t5p799_to_t10_20260714,988
6787,6.788,21,2306,12,lomps_l5d21_from_t5p799_to_t10_20260714,989
6788,6.789,21,2307,12,lomps_l5d21_from_t5p799_to_t10_20260714,990
6789,6.79,21,2308,12,lomps_l5d21_from_t5p799_to_t10_20260714,991
6790,6.791,21,2309,12,lomps_l5d21_from_t5p799_to_t10_20260714,992
6791,6.792,21,2310,12,lomps_l5d21_from_t5p799_to_t10_20260714,993
6792,6.793,21,2311,12,lomps_l5d21_from_t5p799_to_t10_20260714,994
6793,6.794,21,2312,12,lomps_l5d21_from_t5p799_to_t10_20260714,995
6794,6.795,21,2313,12,lomps_l5d21_from_t5p799_to_t10_20260714,996
6795,6.796,21,2314,12,lomps_l5d21_from_t5p799_to_t10_20260714,997
6796,6.797,21,2315,12,lomps_l5d21_from_t5p799_to_t10_20260714,998
6797,6.798,21,2316,12,lomps_l5d21_from_t5p799_to_t10_20260714,999
6798,6.799,21,2317,12,lomps_l5d21_from_t5p799_to_t10_20260714,1000
6799,6.8,21,2318,12,lomps_l5d21_from_t5p799_to_t10_20260714,1001
6800,6.801,21,2319,12,lomps_l5d21_from_t5p799_to_t10_20260714,1002
6801,6.802,21,2320,12,lomps_l5d21_from_t5p799_to_t10_20260714,1003
6802,6.803,21,2321,12,lomps_l5d21_from_t5p799_to_t10_20260714,1004
6803,6.804,21,2322,12,lomps_l5d21_from_t5p799_to_t10_20260714,1005
6804,6.805,21,2323,12,lomps_l5d21_from_t5p799_to_t10_20260714,1006
6805,6.806,21,2324,12,lomps_l5d21_from_t5p799_to_t10_20260714,1007
6806,6.807,21,2325,12,lomps_l5d21_from_t5p799_to_t10_20260714,1008
6807,6.808,21,2326,12,lomps_l5d21_from_t5p799_to_t10_20260714,1009
6808,6.809,21,2327,12,lomps_l5d21_from_t5p799_to_t10_20260714,1010
6809,6.81,21,2328,12,lomps_l5d21_from_t5p799_to_t10_20260714,1011
6810,6.811,21,2329,12,lomps_l5d21_from_t5p799_to_t10_20260714,1012
6811,6.812,21,2330,12,lomps_l5d21_from_t5p799_to_t10_20260714,1013
6812,6.813,21,2331,12,lomps_l5d21_from_t5p799_to_t10_20260714,1014
6813,6.814,21,2332,12,lomps_l5d21_from_t5p799_to_t10_20260714,1015
6814,6.815,21,2333,12,lomps_l5d21_from_t5p799_to_t10_20260714,1016
6815,6.816,21,2334,12,lomps_l5d21_from_t5p799_to_t10_20260714,1017
6816,6.817,21,2335,12,lomps_l5d21_from_t5p799_to_t10_20260714,1018
6817,6.818,21,2336,12,lomps_l5d21_from_t5p799_to_t10_20260714,1019
6818,6.819,21,2337,12,lomps_l5d21_from_t5p799_to_t10_20260714,1020
6819,6.82,21,2338,12,lomps_l5d21_from_t5p799_to_t10_20260714,1021
6820,6.821,21,2339,12,lomps_l5d21_from_t5p799_to_t10_20260714,1022
6821,6.822,21,2340,12,lomps_l5d21_from_t5p799_to_t10_20260714,1023
6822,6.823,21,2341,12,lomps_l5d21_from_t5p799_to_t10_20260714,1024
6823,6.824,21,2342,12,lomps_l5d21_from_t5p799_to_t10_20260714,1025
6824,6.825,21,2343,12,lomps_l5d21_from_t5p799_to_t10_20260714,1026
6825,6.826,21,2344,12,lomps_l5d21_from_t5p799_to_t10_20260714,1027
6826,6.827,21,2345,12,lomps_l5d21_from_t5p799_to_t10_20260714,1028
6827,6.828,21,2346,12,lomps_l5d21_from_t5p799_to_t10_20260714,1029
6828,6.829,21,2347,12,lomps_l5d21_from_t5p799_to_t10_20260714,1030
6829,6.83,21,2348,12,lomps_l5d21_from_t5p799_to_t10_20260714,1031
6830,6.831,21,2349,12,lomps_l5d21_from_t5p799_to_t10_20260714,1032
6831,6.832,21,2350,12,lomps_l5d21_from_t5p799_to_t10_20260714,1033
6832,6.833,21,2351,12,lomps_l5d21_from_t5p799_to_t10_20260714,1034
6833,6.834,21,2352,12,lomps_l5d21_from_t5p799_to_t10_20260714,1035
6834,6.835,21,2353,12,lomps_l5d21_from_t5p799_to_t10_20260714,1036
6835,6.836,21,2354,12,lomps_l5d21_from_t5p799_to_t10_20260714,1037
6836,6.837,21,2355,12,lomps_l5d21_from_t5p799_to_t10_20260714,1038
6837,6.838,21,2356,12,lomps_l5d21_from_t5p799_to_t10_20260714,1039
6838,6.839,21,2357,12,lomps_l5d21_from_t5p799_to_t10_20260714,1040
6839,6.84,21,2358,12,lomps_l5d21_from_t5p799_to_t10_20260714,1041
6840,6.841,21,2359,12,lomps_l5d21_from_t5p799_to_t10_20260714,1042
6841,6.842,21,2360,12,lomps_l5d21_from_t5p799_to_t10_20260714,1043
6842,6.843,21,2361,12,lomps_l5d21_from_t5p799_to_t10_20260714,1044
6843,6.844,21,2362,12,lomps_l5d21_from_t5p799_to_t10_20260714,1045
6844,6.845,21,2363,12,lomps_l5d21_from_t5p799_to_t10_20260714,1046
6845,6.846,21,2364,12,lomps_l5d21_from_t5p799_to_t10_20260714,1047
6846,6.847,21,2365,12,lomps_l5d21_from_t5p799_to_t10_20260714,1048
6847,6.848,21,2366,12,lomps_l5d21_from_t5p799_to_t10_20260714,1049
6848,6.849,21,2367,12,lomps_l5d21_from_t5p799_to_t10_20260714,1050
6849,6.85,21,2368,12,lomps_l5d21_from_t5p799_to_t10_20260714,1051
6850,6.851,21,2369,12,lomps_l5d21_from_t5p799_to_t10_20260714,1052
6851,6.852,21,2370,12,lomps_l5d21_from_t5p799_to_t10_20260714,1053
6852,6.853,21,2371,12,lomps_l5d21_from_t5p799_to_t10_20260714,1054
6853,6.854,21,2372,12,lomps_l5d21_from_t5p799_to_t10_20260714,1055
6854,6.855,21,2373,12,lomps_l5d21_from_t5p799_to_t10_20260714,1056
6855,6.856,21,2374,12,lomps_l5d21_from_t5p799_to_t10_20260714,1057
6856,6.857,21,2375,12,lomps_l5d21_from_t5p799_to_t10_20260714,1058
6857,6.858,21,2376,12,lomps_l5d21_from_t5p799_to_t10_20260714,1059
6858,6.859,21,2377,12,lomps_l5d21_from_t5p799_to_t10_20260714,1060
6859,6.86,21,2378,12,lomps_l5d21_from_t5p799_to_t10_20260714,1061
6860,6.861,21,2379,12,lomps_l5d21_from_t5p799_to_t10_20260714,1062
6861,6.862,21,2380,12,lomps_l5d21_from_t5p799_to_t10_20260714,1063
6862,6.863,21,2381,12,lomps_l5d21_from_t5p799_to_t10_20260714,1064
6863,6.864,21,2382,12,lomps_l5d21_from_t5p799_to_t10_20260714,1065
6864,6.865,21,2383,12,lomps_l5d21_from_t5p799_to_t10_20260714,1066
6865,6.866,21,2384,12,lomps_l5d21_from_t5p799_to_t10_20260714,1067
6866,6.867,21,2385,12,lomps_l5d21_from_t5p799_to_t10_20260714,1068
6867,6.868,21,2386,12,lomps_l5d21_from_t5p799_to_t10_20260714,1069
6868,6.869,21,2387,12,lomps_l5d21_from_t5p799_to_t10_20260714,1070
6869,6.87,21,2388,12,lomps_l5d21_from_t5p799_to_t10_20260714,1071
6870,6.871,21,2389,12,lomps_l5d21_from_t5p799_to_t10_20260714,1072
6871,6.872,21,2390,12,lomps_l5d21_from_t5p799_to_t10_20260714,1073
6872,6.873,21,2391,12,lomps_l5d21_from_t5p799_to_t10_20260714,1074
6873,6.874,21,2392,12,lomps_l5d21_from_t5p799_to_t10_20260714,1075
6874,6.875,21,2393,12,lomps_l5d21_from_t5p799_to_t10_20260714,1076
6875,6.876,21,2394,12,lomps_l5d21_from_t5p799_to_t10_20260714,1077
6876,6.877,21,2395,12,lomps_l5d21_from_t5p799_to_t10_20260714,1078
6877,6.878,21,2396,12,lomps_l5d21_from_t5p799_to_t10_20260714,1079
6878,6.879,21,2397,12,lomps_l5d21_from_t5p799_to_t10_20260714,1080
6879,6.88,21,2398,12,lomps_l5d21_from_t5p799_to_t10_20260714,1081
6880,6.881,21,2399,12,lomps_l5d21_from_t5p799_to_t10_20260714,1082
6881,6.882,21,2400,12,lomps_l5d21_from_t5p799_to_t10_20260714,1083
6882,6.883,21,2401,12,lomps_l5d21_from_t5p799_to_t10_20260714,1084
6883,6.884,21,2402,12,lomps_l5d21_from_t5p799_to_t10_20260714,1085
6884,6.885,21,2403,12,lomps_l5d21_from_t5p799_to_t10_20260714,1086
6885,6.886,21,2404,12,lomps_l5d21_from_t5p799_to_t10_20260714,1087
6886,6.887,21,2405,12,lomps_l5d21_from_t5p799_to_t10_20260714,1088
6887,6.888,21,2406,12,lomps_l5d21_from_t5p799_to_t10_20260714,1089
6888,6.889,21,2407,12,lomps_l5d21_from_t5p799_to_t10_20260714,1090
6889,6.89,21,2408,12,lomps_l5d21_from_t5p799_to_t10_20260714,1091
6890,6.891,21,2409,12,lomps_l5d21_from_t5p799_to_t10_20260714,1092
6891,6.892,21,2410,12,lomps_l5d21_from_t5p799_to_t10_20260714,1093
6892,6.893,21,2411,12,lomps_l5d21_from_t5p799_to_t10_20260714,1094
6893,6.894,21,2412,12,lomps_l5d21_from_t5p799_to_t10_20260714,1095
6894,6.895,21,2413,12,lomps_l5d21_from_t5p799_to_t10_20260714,1096
6895,6.896,21,2414,12,lomps_l5d21_from_t5p799_to_t10_20260714,1097
6896,6.897,21,2415,12,lomps_l5d21_from_t5p799_to_t10_20260714,1098
6897,6.898,21,2416,12,lomps_l5d21_from_t5p799_to_t10_20260714,1099
6898,6.899,21,2417,12,lomps_l5d21_from_t5p799_to_t10_20260714,1100
6899,6.9,21,2418,12,lomps_l5d21_from_t5p799_to_t10_20260714,1101
6900,6.901,21,2419,12,lomps_l5d21_from_t5p799_to_t10_20260714,1102
6901,6.902,21,2420,12,lomps_l5d21_from_t5p799_to_t10_20260714,1103
6902,6.903,21,2421,12,lomps_l5d21_from_t5p799_to_t10_20260714,1104
6903,6.904,21,2422,12,lomps_l5d21_from_t5p799_to_t10_20260714,1105
6904,6.905,21,2423,12,lomps_l5d21_from_t5p799_to_t10_20260714,1106
6905,6.906,21,2424,12,lomps_l5d21_from_t5p799_to_t10_20260714,1107
6906,6.907,21,2425,12,lomps_l5d21_from_t5p799_to_t10_20260714,1108
6907,6.908,21,2426,12,lomps_l5d21_from_t5p799_to_t10_20260714,1109
6908,6.909,21,2427,12,lomps_l5d21_from_t5p799_to_t10_20260714,1110
6909,6.91,21,2428,12,lomps_l5d21_from_t5p799_to_t10_20260714,1111
6910,6.911,21,2429,12,lomps_l5d21_from_t5p799_to_t10_20260714,1112
6911,6.912,21,2430,12,lomps_l5d21_from_t5p799_to_t10_20260714,1113
6912,6.913,21,2431,12,lomps_l5d21_from_t5p799_to_t10_20260714,1114
6913,6.914,21,2432,12,lomps_l5d21_from_t5p799_to_t10_20260714,1115
6914,6.915,21,2433,12,lomps_l5d21_from_t5p799_to_t10_20260714,1116
6915,6.916,21,2434,12,lomps_l5d21_from_t5p799_to_t10_20260714,1117
6916,6.917,21,2435,12,lomps_l5d21_from_t5p799_to_t10_20260714,1118
6917,6.918,21,2436,12,lomps_l5d21_from_t5p799_to_t10_20260714,1119
6918,6.919,21,2437,12,lomps_l5d21_from_t5p799_to_t10_20260714,1120
6919,6.92,21,2438,12,lomps_l5d21_from_t5p799_to_t10_20260714,1121
6920,6.921,21,2439,12,lomps_l5d21_from_t5p799_to_t10_20260714,1122
6921,6.922,21,2440,12,lomps_l5d21_from_t5p799_to_t10_20260714,1123
6922,6.923,21,2441,12,lomps_l5d21_from_t5p799_to_t10_20260714,1124
6923,6.924,21,2442,12,lomps_l5d21_from_t5p799_to_t10_20260714,1125
6924,6.925,21,2443,12,lomps_l5d21_from_t5p799_to_t10_20260714,1126
6925,6.926,21,2444,12,lomps_l5d21_from_t5p799_to_t10_20260714,1127
6926,6.927,21,2445,12,lomps_l5d21_from_t5p799_to_t10_20260714,1128
6927,6.928,21,2446,12,lomps_l5d21_from_t5p799_to_t10_20260714,1129
6928,6.929,21,2447,12,lomps_l5d21_from_t5p799_to_t10_20260714,1130
6929,6.93,21,2448,12,lomps_l5d21_from_t5p799_to_t10_20260714,1131
6930,6.931,21,2449,12,lomps_l5d21_from_t5p799_to_t10_20260714,1132
6931,6.932,21,2450,12,lomps_l5d21_from_t5p799_to_t10_20260714,1133
6932,6.933,21,2451,12,lomps_l5d21_from_t5p799_to_t10_20260714,1134
6933,6.934,21,2452,12,lomps_l5d21_from_t5p799_to_t10_20260714,1135
6934,6.935,21,2453,12,lomps_l5d21_from_t5p799_to_t10_20260714,1136
6935,6.936,21,2454,12,lomps_l5d21_from_t5p799_to_t10_20260714,1137
6936,6.937,21,2455,12,lomps_l5d21_from_t5p799_to_t10_20260714,1138
6937,6.938,21,2456,12,lomps_l5d21_from_t5p799_to_t10_20260714,1139
6938,6.939,21,2457,12,lomps_l5d21_from_t5p799_to_t10_20260714,1140
6939,6.94,21,2458,12,lomps_l5d21_from_t5p799_to_t10_20260714,1141
6940,6.941,21,2459,12,lomps_l5d21_from_t5p799_to_t10_20260714,1142
6941,6.942,21,2460,12,lomps_l5d21_from_t5p799_to_t10_20260714,1143
6942,6.943,21,2461,12,lomps_l5d21_from_t5p799_to_t10_20260714,1144
6943,6.944,21,2462,12,lomps_l5d21_from_t5p799_to_t10_20260714,1145
6944,6.945,21,2463,12,lomps_l5d21_from_t5p799_to_t10_20260714,1146
6945,6.946,21,2464,12,lomps_l5d21_from_t5p799_to_t10_20260714,1147
6946,6.947,21,2465,12,lomps_l5d21_from_t5p799_to_t10_20260714,1148
6947,6.948,21,2466,12,lomps_l5d21_from_t5p799_to_t10_20260714,1149
6948,6.949,21,2467,12,lomps_l5d21_from_t5p799_to_t10_20260714,1150
6949,6.95,21,2468,12,lomps_l5d21_from_t5p799_to_t10_20260714,1151
6950,6.951,21,2469,12,lomps_l5d21_from_t5p799_to_t10_20260714,1152
6951,6.952,21,2470,12,lomps_l5d21_from_t5p799_to_t10_20260714,1153
6952,6.953,21,2471,12,lomps_l5d21_from_t5p799_to_t10_20260714,1154
6953,6.954,21,2472,12,lomps_l5d21_from_t5p799_to_t10_20260714,1155
6954,6.955,21,2473,12,lomps_l5d21_from_t5p799_to_t10_20260714,1156
6955,6.956,21,2474,12,lomps_l5d21_from_t5p799_to_t10_20260714,1157
6956,6.957,21,2475,12,lomps_l5d21_from_t5p799_to_t10_20260714,1158
6957,6.958,21,2476,12,lomps_l5d21_from_t5p799_to_t10_20260714,1159
6958,6.959,21,2477,12,lomps_l5d21_from_t5p799_to_t10_20260714,1160
6959,6.96,21,2478,12,lomps_l5d21_from_t5p799_to_t10_20260714,1161
6960,6.961,21,2479,12,lomps_l5d21_from_t5p799_to_t10_20260714,1162
6961,6.962,21,2480,12,lomps_l5d21_from_t5p799_to_t10_20260714,1163
6962,6.963,21,2481,12,lomps_l5d21_from_t5p799_to_t10_20260714,1164
6963,6.964,21,2482,12,lomps_l5d21_from_t5p799_to_t10_20260714,1165
6964,6.965,21,2483,12,lomps_l5d21_from_t5p799_to_t10_20260714,1166
6965,6.966,21,2484,12,lomps_l5d21_from_t5p799_to_t10_20260714,1167
6966,6.967,21,2485,12,lomps_l5d21_from_t5p799_to_t10_20260714,1168
6967,6.968,21,2486,12,lomps_l5d21_from_t5p799_to_t10_20260714,1169
6968,6.969,21,2487,12,lomps_l5d21_from_t5p799_to_t10_20260714,1170
6969,6.97,21,2488,12,lomps_l5d21_from_t5p799_to_t10_20260714,1171
6970,6.971,21,2489,12,lomps_l5d21_from_t5p799_to_t10_20260714,1172
6971,6.972,21,2490,12,lomps_l5d21_from_t5p799_to_t10_20260714,1173
6972,6.973,21,2491,12,lomps_l5d21_from_t5p799_to_t10_20260714,1174
6973,6.974,21,2492,12,lomps_l5d21_from_t5p799_to_t10_20260714,1175
6974,6.975,21,2493,12,lomps_l5d21_from_t5p799_to_t10_20260714,1176
6975,6.976,21,2494,12,lomps_l5d21_from_t5p799_to_t10_20260714,1177
6976,6.977,21,2495,12,lomps_l5d21_from_t5p799_to_t10_20260714,1178
6977,6.978,21,2496,12,lomps_l5d21_from_t5p799_to_t10_20260714,1179
6978,6.979,21,2497,12,lomps_l5d21_from_t5p799_to_t10_20260714,1180
6979,6.98,21,2498,12,lomps_l5d21_from_t5p799_to_t10_20260714,1181
6980,6.981,21,2499,12,lomps_l5d21_from_t5p799_to_t10_20260714,1182
6981,6.982,21,2500,12,lomps_l5d21_from_t5p799_to_t10_20260714,1183
6982,6.983,21,2501,12,lomps_l5d21_from_t5p799_to_t10_20260714,1184
6983,6.984,21,2502,12,lomps_l5d21_from_t5p799_to_t10_20260714,1185
6984,6.985,21,2503,12,lomps_l5d21_from_t5p799_to_t10_20260714,1186
6985,6.986,21,2504,12,lomps_l5d21_from_t5p799_to_t10_20260714,1187
6986,6.987,21,2505,12,lomps_l5d21_from_t5p799_to_t10_20260714,1188
6987,6.988,21,2506,12,lomps_l5d21_from_t5p799_to_t10_20260714,1189
6988,6.989,21,2507,12,lomps_l5d21_from_t5p799_to_t10_20260714,1190
6989,6.99,21,2508,12,lomps_l5d21_from_t5p799_to_t10_20260714,1191
6990,6.991,21,2509,12,lomps_l5d21_from_t5p799_to_t10_20260714,1192
6991,6.992,21,2510,12,lomps_l5d21_from_t5p799_to_t10_20260714,1193
6992,6.993,21,2511,12,lomps_l5d21_from_t5p799_to_t10_20260714,1194
6993,6.994,21,2512,12,lomps_l5d21_from_t5p799_to_t10_20260714,1195
6994,6.995,21,2513,12,lomps_l5d21_from_t5p799_to_t10_20260714,1196
6995,6.996,21,2514,12,lomps_l5d21_from_t5p799_to_t10_20260714,1197
6996,6.997,21,2515,12,lomps_l5d21_from_t5p799_to_t10_20260714,1198
6997,6.998,21,2516,12,lomps_l5d21_from_t5p799_to_t10_20260714,1199
6998,6.999,21,2517,12,lomps_l5d21_from_t5p799_to_t10_20260714,1200
6999,7,21,2518,12,lomps_l5d21_from_t5p799_to_t10_20260714,1201
7000,7.001,21,2519,12,lomps_l5d21_from_t5p799_to_t10_20260714,1202
7001,7.002,21,2520,12,lomps_l5d21_from_t5p799_to_t10_20260714,1203
7002,7.003,21,2521,12,lomps_l5d21_from_t5p799_to_t10_20260714,1204
7003,7.004,21,2522,12,lomps_l5d21_from_t5p799_to_t10_20260714,1205
7004,7.005,21,2523,12,lomps_l5d21_from_t5p799_to_t10_20260714,1206
7005,7.006,21,2524,12,lomps_l5d21_from_t5p799_to_t10_20260714,1207
7006,7.007,21,2525,12,lomps_l5d21_from_t5p799_to_t10_20260714,1208
7007,7.008,21,2526,12,lomps_l5d21_from_t5p799_to_t10_20260714,1209
7008,7.009,21,2527,12,lomps_l5d21_from_t5p799_to_t10_20260714,1210
7009,7.01,21,2528,12,lomps_l5d21_from_t5p799_to_t10_20260714,1211
7010,7.011,21,2529,12,lomps_l5d21_from_t5p799_to_t10_20260714,1212
7011,7.012,21,2530,12,lomps_l5d21_from_t5p799_to_t10_20260714,1213
7012,7.013,21,2531,12,lomps_l5d21_from_t5p799_to_t10_20260714,1214
7013,7.014,21,2532,12,lomps_l5d21_from_t5p799_to_t10_20260714,1215
7014,7.015,21,2533,12,lomps_l5d21_from_t5p799_to_t10_20260714,1216
7015,7.016,21,2534,12,lomps_l5d21_from_t5p799_to_t10_20260714,1217
7016,7.017,21,2535,12,lomps_l5d21_from_t5p799_to_t10_20260714,1218
7017,7.018,21,2536,12,lomps_l5d21_from_t5p799_to_t10_20260714,1219
7018,7.019,21,2537,12,lomps_l5d21_from_t5p799_to_t10_20260714,1220
7019,7.02,21,2538,12,lomps_l5d21_from_t5p799_to_t10_20260714,1221
7020,7.021,21,2539,12,lomps_l5d21_from_t5p799_to_t10_20260714,1222
7021,7.022,21,2540,12,lomps_l5d21_from_t5p799_to_t10_20260714,1223
7022,7.023,21,2541,12,lomps_l5d21_from_t5p799_to_t10_20260714,1224
7023,7.024,21,2542,12,lomps_l5d21_from_t5p799_to_t10_20260714,1225
7024,7.025,21,2543,12,lomps_l5d21_from_t5p799_to_t10_20260714,1226
7025,7.026,21,2544,12,lomps_l5d21_from_t5p799_to_t10_20260714,1227
7026,7.027,21,2545,12,lomps_l5d21_from_t5p799_to_t10_20260714,1228
7027,7.028,21,2546,12,lomps_l5d21_from_t5p799_to_t10_20260714,1229
7028,7.029,21,2547,12,lomps_l5d21_from_t5p799_to_t10_20260714,1230
7029,7.03,21,2548,12,lomps_l5d21_from_t5p799_to_t10_20260714,1231
7030,7.031,21,2549,12,lomps_l5d21_from_t5p799_to_t10_20260714,1232
7031,7.032,21,2550,12,lomps_l5d21_from_t5p799_to_t10_20260714,1233
7032,7.033,21,2551,12,lomps_l5d21_from_t5p799_to_t10_20260714,1234
7033,7.034,21,2552,12,lomps_l5d21_from_t5p799_to_t10_20260714,1235
7034,7.035,21,2553,12,lomps_l5d21_from_t5p799_to_t10_20260714,1236
7035,7.036,21,2554,12,lomps_l5d21_from_t5p799_to_t10_20260714,1237
7036,7.037,21,2555,12,lomps_l5d21_from_t5p799_to_t10_20260714,1238
7037,7.038,21,2556,12,lomps_l5d21_from_t5p799_to_t10_20260714,1239
7038,7.039,21,2557,12,lomps_l5d21_from_t5p799_to_t10_20260714,1240
7039,7.04,21,2558,12,lomps_l5d21_from_t5p799_to_t10_20260714,1241
7040,7.041,21,2559,12,lomps_l5d21_from_t5p799_to_t10_20260714,1242
7041,7.042,21,2560,12,lomps_l5d21_from_t5p799_to_t10_20260714,1243
7042,7.043,21,2561,12,lomps_l5d21_from_t5p799_to_t10_20260714,1244
7043,7.044,21,2562,12,lomps_l5d21_from_t5p799_to_t10_20260714,1245
7044,7.045,21,2563,12,lomps_l5d21_from_t5p799_to_t10_20260714,1246
7045,7.046,21,2564,12,lomps_l5d21_from_t5p799_to_t10_20260714,1247
7046,7.047,21,2565,12,lomps_l5d21_from_t5p799_to_t10_20260714,1248
7047,7.048,21,2566,12,lomps_l5d21_from_t5p799_to_t10_20260714,1249
7048,7.049,21,2567,12,lomps_l5d21_from_t5p799_to_t10_20260714,1250
7049,7.05,21,2568,12,lomps_l5d21_from_t5p799_to_t10_20260714,1251
7050,7.051,21,2569,12,lomps_l5d21_from_t5p799_to_t10_20260714,1252
7051,7.052,21,2570,12,lomps_l5d21_from_t5p799_to_t10_20260714,1253
7052,7.053,21,2571,12,lomps_l5d21_from_t5p799_to_t10_20260714,1254
7053,7.054,21,2572,12,lomps_l5d21_from_t5p799_to_t10_20260714,1255
7054,7.055,21,2573,12,lomps_l5d21_from_t5p799_to_t10_20260714,1256
7055,7.056,21,2574,12,lomps_l5d21_from_t5p799_to_t10_20260714,1257
7056,7.057,21,2575,12,lomps_l5d21_from_t5p799_to_t10_20260714,1258
7057,7.058,21,2576,12,lomps_l5d21_from_t5p799_to_t10_20260714,1259
7058,7.059,21,2577,12,lomps_l5d21_from_t5p799_to_t10_20260714,1260
7059,7.06,21,2578,12,lomps_l5d21_from_t5p799_to_t10_20260714,1261
7060,7.061,21,2579,12,lomps_l5d21_from_t5p799_to_t10_20260714,1262
7061,7.062,21,2580,12,lomps_l5d21_from_t5p799_to_t10_20260714,1263
7062,7.063,21,2581,12,lomps_l5d21_from_t5p799_to_t10_20260714,1264
7063,7.064,21,2582,12,lomps_l5d21_from_t5p799_to_t10_20260714,1265
7064,7.065,21,2583,12,lomps_l5d21_from_t5p799_to_t10_20260714,1266
7065,7.066,21,2584,12,lomps_l5d21_from_t5p799_to_t10_20260714,1267
7066,7.067,21,2585,12,lomps_l5d21_from_t5p799_to_t10_20260714,1268
7067,7.068,21,2586,12,lomps_l5d21_from_t5p799_to_t10_20260714,1269
7068,7.069,21,2587,12,lomps_l5d21_from_t5p799_to_t10_20260714,1270
7069,7.07,21,2588,12,lomps_l5d21_from_t5p799_to_t10_20260714,1271
7070,7.071,21,2589,12,lomps_l5d21_from_t5p799_to_t10_20260714,1272
7071,7.072,21,2590,12,lomps_l5d21_from_t5p799_to_t10_20260714,1273
7072,7.073,21,2591,12,lomps_l5d21_from_t5p799_to_t10_20260714,1274
7073,7.074,21,2592,12,lomps_l5d21_from_t5p799_to_t10_20260714,1275
7074,7.075,21,2593,12,lomps_l5d21_from_t5p799_to_t10_20260714,1276
7075,7.076,21,2594,12,lomps_l5d21_from_t5p799_to_t10_20260714,1277
7076,7.077,21,2595,12,lomps_l5d21_from_t5p799_to_t10_20260714,1278
7077,7.078,21,2596,12,lomps_l5d21_from_t5p799_to_t10_20260714,1279
7078,7.079,21,2597,12,lomps_l5d21_from_t5p799_to_t10_20260714,1280
7079,7.08,21,2598,12,lomps_l5d21_from_t5p799_to_t10_20260714,1281
7080,7.081,21,2599,12,lomps_l5d21_from_t5p799_to_t10_20260714,1282
7081,7.082,21,2600,12,lomps_l5d21_from_t5p799_to_t10_20260714,1283
7082,7.083,21,2601,12,lomps_l5d21_from_t5p799_to_t10_20260714,1284
7083,7.084,21,2602,12,lomps_l5d21_from_t5p799_to_t10_20260714,1285
7084,7.085,21,2603,12,lomps_l5d21_from_t5p799_to_t10_20260714,1286
7085,7.086,21,2604,12,lomps_l5d21_from_t5p799_to_t10_20260714,1287
7086,7.087,21,2605,12,lomps_l5d21_from_t5p799_to_t10_20260714,1288
7087,7.088,21,2606,12,lomps_l5d21_from_t5p799_to_t10_20260714,1289
7088,7.089,21,2607,12,lomps_l5d21_from_t5p799_to_t10_20260714,1290
7089,7.09,21,2608,12,lomps_l5d21_from_t5p799_to_t10_20260714,1291
7090,7.091,21,2609,12,lomps_l5d21_from_t5p799_to_t10_20260714,1292
7091,7.092,21,2610,12,lomps_l5d21_from_t5p799_to_t10_20260714,1293
7092,7.093,21,2611,12,lomps_l5d21_from_t5p799_to_t10_20260714,1294
7093,7.094,21,2612,12,lomps_l5d21_from_t5p799_to_t10_20260714,1295
7094,7.095,21,2613,12,lomps_l5d21_from_t5p799_to_t10_20260714,1296
7095,7.096,21,2614,12,lomps_l5d21_from_t5p799_to_t10_20260714,1297
7096,7.097,21,2615,12,lomps_l5d21_from_t5p799_to_t10_20260714,1298
7097,7.098,21,2616,12,lomps_l5d21_from_t5p799_to_t10_20260714,1299
7098,7.099,21,2617,12,lomps_l5d21_from_t5p799_to_t10_20260714,1300
7099,7.1,21,2618,12,lomps_l5d21_from_t5p799_to_t10_20260714,1301
7100,7.101,21,2619,12,lomps_l5d21_from_t5p799_to_t10_20260714,1302
7101,7.102,21,2620,12,lomps_l5d21_from_t5p799_to_t10_20260714,1303
7102,7.103,21,2621,12,lomps_l5d21_from_t5p799_to_t10_20260714,1304
7103,7.104,21,2622,12,lomps_l5d21_from_t5p799_to_t10_20260714,1305
7104,7.105,21,2623,12,lomps_l5d21_from_t5p799_to_t10_20260714,1306
7105,7.106,21,2624,12,lomps_l5d21_from_t5p799_to_t10_20260714,1307
7106,7.107,21,2625,12,lomps_l5d21_from_t5p799_to_t10_20260714,1308
7107,7.108,21,2626,12,lomps_l5d21_from_t5p799_to_t10_20260714,1309
7108,7.109,21,2627,12,lomps_l5d21_from_t5p799_to_t10_20260714,1310
7109,7.11,21,2628,12,lomps_l5d21_from_t5p799_to_t10_20260714,1311
7110,7.111,21,2629,12,lomps_l5d21_from_t5p799_to_t10_20260714,1312
7111,7.112,21,2630,12,lomps_l5d21_from_t5p799_to_t10_20260714,1313
7112,7.113,21,2631,12,lomps_l5d21_from_t5p799_to_t10_20260714,1314
7113,7.114,21,2632,12,lomps_l5d21_from_t5p799_to_t10_20260714,1315
7114,7.115,21,2633,12,lomps_l5d21_from_t5p799_to_t10_20260714,1316
7115,7.116,21,2634,12,lomps_l5d21_from_t5p799_to_t10_20260714,1317
7116,7.117,21,2635,12,lomps_l5d21_from_t5p799_to_t10_20260714,1318
7117,7.118,21,2636,12,lomps_l5d21_from_t5p799_to_t10_20260714,1319
7118,7.119,21,2637,12,lomps_l5d21_from_t5p799_to_t10_20260714,1320
7119,7.12,21,2638,12,lomps_l5d21_from_t5p799_to_t10_20260714,1321
7120,7.121,21,2639,12,lomps_l5d21_from_t5p799_to_t10_20260714,1322
7121,7.122,21,2640,12,lomps_l5d21_from_t5p799_to_t10_20260714,1323
7122,7.123,21,2641,12,lomps_l5d21_from_t5p799_to_t10_20260714,1324
7123,7.124,21,2642,12,lomps_l5d21_from_t5p799_to_t10_20260714,1325
7124,7.125,21,2643,12,lomps_l5d21_from_t5p799_to_t10_20260714,1326
7125,7.126,21,2644,12,lomps_l5d21_from_t5p799_to_t10_20260714,1327
7126,7.127,21,2645,12,lomps_l5d21_from_t5p799_to_t10_20260714,1328
7127,7.128,21,2646,12,lomps_l5d21_from_t5p799_to_t10_20260714,1329
7128,7.129,21,2647,12,lomps_l5d21_from_t5p799_to_t10_20260714,1330
7129,7.13,21,2648,12,lomps_l5d21_from_t5p799_to_t10_20260714,1331
7130,7.131,21,2649,12,lomps_l5d21_from_t5p799_to_t10_20260714,1332
7131,7.132,21,2650,12,lomps_l5d21_from_t5p799_to_t10_20260714,1333
7132,7.133,21,2651,12,lomps_l5d21_from_t5p799_to_t10_20260714,1334
7133,7.134,21,2652,12,lomps_l5d21_from_t5p799_to_t10_20260714,1335
7134,7.135,21,2653,12,lomps_l5d21_from_t5p799_to_t10_20260714,1336
7135,7.136,21,2654,12,lomps_l5d21_from_t5p799_to_t10_20260714,1337
7136,7.137,21,2655,12,lomps_l5d21_from_t5p799_to_t10_20260714,1338
7137,7.138,21,2656,12,lomps_l5d21_from_t5p799_to_t10_20260714,1339
7138,7.139,21,2657,12,lomps_l5d21_from_t5p799_to_t10_20260714,1340
7139,7.14,21,2658,12,lomps_l5d21_from_t5p799_to_t10_20260714,1341
7140,7.141,21,2659,12,lomps_l5d21_from_t5p799_to_t10_20260714,1342
7141,7.142,21,2660,12,lomps_l5d21_from_t5p799_to_t10_20260714,1343
7142,7.143,21,2661,12,lomps_l5d21_from_t5p799_to_t10_20260714,1344
7143,7.144,21,2662,12,lomps_l5d21_from_t5p799_to_t10_20260714,1345
7144,7.145,21,2663,12,lomps_l5d21_from_t5p799_to_t10_20260714,1346
7145,7.146,21,2664,12,lomps_l5d21_from_t5p799_to_t10_20260714,1347
7146,7.147,21,2665,12,lomps_l5d21_from_t5p799_to_t10_20260714,1348
7147,7.148,21,2666,12,lomps_l5d21_from_t5p799_to_t10_20260714,1349
7148,7.149,21,2667,12,lomps_l5d21_from_t5p799_to_t10_20260714,1350
7149,7.15,21,2668,12,lomps_l5d21_from_t5p799_to_t10_20260714,1351
7150,7.151,21,2669,12,lomps_l5d21_from_t5p799_to_t10_20260714,1352
7151,7.152,21,2670,12,lomps_l5d21_from_t5p799_to_t10_20260714,1353
7152,7.153,21,2671,12,lomps_l5d21_from_t5p799_to_t10_20260714,1354
7153,7.154,21,2672,12,lomps_l5d21_from_t5p799_to_t10_20260714,1355
7154,7.155,21,2673,12,lomps_l5d21_from_t5p799_to_t10_20260714,1356
7155,7.156,21,2674,12,lomps_l5d21_from_t5p799_to_t10_20260714,1357
7156,7.157,21,2675,12,lomps_l5d21_from_t5p799_to_t10_20260714,1358
7157,7.158,21,2676,12,lomps_l5d21_from_t5p799_to_t10_20260714,1359
7158,7.159,21,2677,12,lomps_l5d21_from_t5p799_to_t10_20260714,1360
7159,7.16,21,2678,12,lomps_l5d21_from_t5p799_to_t10_20260714,1361
7160,7.161,21,2679,12,lomps_l5d21_from_t5p799_to_t10_20260714,1362
7161,7.162,21,2680,12,lomps_l5d21_from_t5p799_to_t10_20260714,1363
7162,7.163,21,2681,12,lomps_l5d21_from_t5p799_to_t10_20260714,1364
7163,7.164,21,2682,12,lomps_l5d21_from_t5p799_to_t10_20260714,1365
7164,7.165,21,2683,12,lomps_l5d21_from_t5p799_to_t10_20260714,1366
7165,7.166,21,2684,12,lomps_l5d21_from_t5p799_to_t10_20260714,1367
7166,7.167,21,2685,12,lomps_l5d21_from_t5p799_to_t10_20260714,1368
7167,7.168,21,2686,12,lomps_l5d21_from_t5p799_to_t10_20260714,1369
7168,7.169,21,2687,12,lomps_l5d21_from_t5p799_to_t10_20260714,1370
7169,7.17,21,2688,12,lomps_l5d21_from_t5p799_to_t10_20260714,1371
7170,7.171,21,2689,12,lomps_l5d21_from_t5p799_to_t10_20260714,1372
7171,7.172,21,2690,12,lomps_l5d21_from_t5p799_to_t10_20260714,1373
7172,7.173,21,2691,12,lomps_l5d21_from_t5p799_to_t10_20260714,1374
7173,7.174,21,2692,12,lomps_l5d21_from_t5p799_to_t10_20260714,1375
7174,7.175,21,2693,12,lomps_l5d21_from_t5p799_to_t10_20260714,1376
7175,7.176,21,2694,12,lomps_l5d21_from_t5p799_to_t10_20260714,1377
7176,7.177,21,2695,12,lomps_l5d21_from_t5p799_to_t10_20260714,1378
7177,7.178,21,2696,12,lomps_l5d21_from_t5p799_to_t10_20260714,1379
7178,7.179,21,2697,12,lomps_l5d21_from_t5p799_to_t10_20260714,1380
7179,7.18,21,2698,12,lomps_l5d21_from_t5p799_to_t10_20260714,1381
7180,7.181,21,2699,12,lomps_l5d21_from_t5p799_to_t10_20260714,1382
7181,7.182,21,2700,12,lomps_l5d21_from_t5p799_to_t10_20260714,1383
7182,7.183,21,2701,12,lomps_l5d21_from_t5p799_to_t10_20260714,1384
7183,7.184,21,2702,12,lomps_l5d21_from_t5p799_to_t10_20260714,1385
7184,7.185,21,2703,12,lomps_l5d21_from_t5p799_to_t10_20260714,1386
7185,7.186,21,2704,12,lomps_l5d21_from_t5p799_to_t10_20260714,1387
7186,7.187,21,2705,12,lomps_l5d21_from_t5p799_to_t10_20260714,1388
7187,7.188,21,2706,12,lomps_l5d21_from_t5p799_to_t10_20260714,1389
7188,7.189,21,2707,12,lomps_l5d21_from_t5p799_to_t10_20260714,1390
